{"VGG16": {"accuracy": [0.7225703001022339, 0.9063453674316406, 0.9371887445449829, 0.9502007961273193, 0.9587148427963257], "loss": [1.0963422060012817, 0.294170618057251, 0.18841417133808136, 0.14311932027339935, 0.12327985465526581], "val_accuracy": [0.9652014374732971, 0.9697802066802979, 0.9798534512519836, 0.9945054650306702, 0.9890109896659851], "val_loss": [0.15261653065681458, 0.08038204163312912, 0.0457039512693882, 0.023816946893930435, 0.039725806564092636]}, "ResNet50": {"accuracy": [0.8522088527679443, 0.9543775320053101, 0.9688353538513184, 0.9714056253433228, 0.9783132672309875], "loss": [0.47071853280067444, 0.13347996771335602, 0.09535901248455048, 0.08369889855384827, 0.06364692002534866], "val_accuracy": [0.9853479862213135, 0.9917582273483276, 0.9890109896659851, 0.9926739931106567, 0.9954212307929993], "val_loss": [0.0576467365026474, 0.028067516162991524, 0.02998214028775692, 0.020806869491934776, 0.013530217111110687]}, "MobileNetV2": {"accuracy": [0.8557429909706116, 0.9598393440246582, 0.9722088575363159, 0.9710843563079834, 0.9805622696876526], "loss": [0.4598418176174164, 0.12567248940467834, 0.08936700224876404, 0.08124563843011856, 0.06145542487502098], "val_accuracy": [0.9670329689979553, 0.9798534512519836, 0.9844322204589844, 0.9835164546966553, 0.9862637519836426], "val_loss": [0.1041376143693924, 0.07964466512203217, 0.05204927548766136, 0.06251847743988037, 0.03517434373497963]}, "InceptionV3": {"accuracy": [0.7606425881385803, 0.8885140419006348, 0.9073092341423035, 0.9185542464256287, 0.9328514337539673], "loss": [0.7326964139938354, 0.34655845165252686, 0.2700105607509613, 0.23958086967468262, 0.19608908891677856], "val_accuracy": [0.9349817037582397, 0.9505494236946106, 0.9542124271392822, 0.9606227278709412, 0.9725274443626404], "val_loss": [0.23819582164287567, 0.16521647572517395, 0.137320414185524, 0.11463404446840286, 0.08571680635213852]}, "EfficientNetB0": {"accuracy": [0.8904417753219604, 0.9746184945106506, 0.9807229042053223, 0.9882730841636658, 0.9903614521026611], "loss": [0.37322887778282166, 0.08123975247144699, 0.057942189276218414, 0.0384354293346405, 0.02887033298611641], "val_accuracy": [0.9899267554283142, 0.9917582273483276, 0.9926739931106567, 0.9917582273483276, 0.9954212307929993], "val_loss": [0.05848059803247452, 0.02933935634791851, 0.017667416483163834, 0.021414799615740776, 0.014132852666079998]}, "cnn": {"accuracy": [0.40032127499580383, 0.6538152694702148, 0.7693172693252563, 0.8276305198669434, 0.8685943484306335, 0.8853012323379517, 0.8836947679519653, 0.9119678735733032, 0.9246586561203003, 0.9198393821716309], "loss": [1.7019200325012207, 0.9825735092163086, 0.6805941462516785, 0.5169014930725098, 0.3909483551979065, 0.341252863407135, 0.345828652381897, 0.264395147562027, 0.22484226524829865, 0.23661348223686218], "val_accuracy": [0.6950549483299255, 0.7884615659713745, 0.8516483306884766, 0.8479853272438049, 0.9340659379959106, 0.9276556968688965, 0.9340659379959106, 0.9688644409179688, 0.9688644409179688, 0.9569597244262695], "val_loss": [0.9572768211364746, 0.6631184816360474, 0.45347803831100464, 0.4158879518508911, 0.22426337003707886, 0.23663856089115143, 0.2031114548444748, 0.13610123097896576, 0.11886052042245865, 0.15201891958713531]}}