{
    "accuracy": [
        0.40032127499580383,
        0.6538152694702148,
        0.7693172693252563,
        0.8276305198669434,
        0.8685943484306335,
        0.8853012323379517,
        0.8836947679519653,
        0.9119678735733032,
        0.9246586561203003,
        0.9198393821716309
    ],
    "loss": [
        1.7019200325012207,
        0.9825735092163086,
        0.6805941462516785,
        0.5169014930725098,
        0.3909483551979065,
        0.341252863407135,
        0.345828652381897,
        0.264395147562027,
        0.22484226524829865,
        0.23661348223686218
    ],
    "val_accuracy": [
        0.6950549483299255,
        0.7884615659713745,
        0.8516483306884766,
        0.8479853272438049,
        0.9340659379959106,
        0.9276556968688965,
        0.9340659379959106,
        0.9688644409179688,
        0.9688644409179688,
        0.9569597244262695
    ],
    "val_loss": [
        0.9572768211364746,
        0.6631184816360474,
        0.45347803831100464,
        0.4158879518508911,
        0.22426337003707886,
        0.23663856089115143,
        0.2031114548444748,
        0.13610123097896576,
        0.11886052042245865,
        0.15201891958713531
    ]
}