Filename,Class,Width,Height,Format
C:/Users/conta/OneDrive/Desktop/Multiclass/data/train\animal fish\0055ESUKGS38.jpg,animal fish,256,256,JPEG
C:/Users/conta/OneDrive/Desktop/Multiclass/data/train\animal fish\00H9IGEXR8N1.jpg,animal fish,256,256,JPEG
C:/Users/conta/OneDrive/Desktop/Multiclass/data/train\animal fish\01KOCK58MEGR.jpg,animal fish,256,256,JPEG
C:/Users/conta/OneDrive/Desktop/Multiclass/data/train\animal fish\02NB4GQNWVRW.jpg,animal fish,256,256,JPEG
C:/Users/conta/OneDrive/Desktop/Multiclass/data/train\animal fish\04J91BOQEP2Q.jpg,animal fish,256,256,JPEG
C:/Users/conta/OneDrive/Desktop/Multiclass/data/train\animal fish\05KGHV2JSURU.jpg,animal fish,256,256,JPEG
C:/Users/conta/OneDrive/Desktop/Multiclass/data/train\animal fish\09HREQ5U6TO6.jpg,animal fish,256,256,JPEG
C:/Users/conta/OneDrive/Desktop/Multiclass/data/train\animal fish\0DSM1NY3WE0O.jpg,animal fish,256,256,JPEG
C:/Users/conta/OneDrive/Desktop/Multiclass/data/train\animal fish\0E5J7IQQB414.jpg,animal fish,256,256,JPEG
C:/Users/conta/OneDrive/Desktop/Multiclass/data/train\animal fish\0F8W042J233H.jpg,animal fish,256,256,JPEG
C:/Users/conta/OneDrive/Desktop/Multiclass/data/train\animal fish\0FL7OVCT4Y9W.jpg,animal fish,256,256,JPEG
C:/Users/conta/OneDrive/Desktop/Multiclass/data/train\animal fish\0FOF1A78CBIQ.jpg,animal fish,256,256,JPEG
C:/Users/conta/OneDrive/Desktop/Multiclass/data/train\animal fish\0FS7ADDU6GJS.jpg,animal fish,256,256,JPEG
C:/Users/conta/OneDrive/Desktop/Multiclass/data/train\animal fish\0GU70F192PPQ.jpg,animal fish,256,256,JPEG
C:/Users/conta/OneDrive/Desktop/Multiclass/data/train\animal fish\0GU7T37GZEVJ.jpg,animal fish,256,256,JPEG
C:/Users/conta/OneDrive/Desktop/Multiclass/data/train\animal fish\0H9C6A9QQNUZ.jpg,animal fish,256,256,JPEG
C:/Users/conta/OneDrive/Desktop/Multiclass/data/train\animal fish\0HQK3LDFWECJ.jpg,animal fish,256,256,JPEG
C:/Users/conta/OneDrive/Desktop/Multiclass/data/train\animal fish\0IL23B34RD5X.jpg,animal fish,256,256,JPEG
C:/Users/conta/OneDrive/Desktop/Multiclass/data/train\animal fish\0K7KCGCUUJCD.jpg,animal fish,256,256,JPEG
C:/Users/conta/OneDrive/Desktop/Multiclass/data/train\animal fish\0M9LXTP0R5W8.jpg,animal fish,256,256,JPEG
C:/Users/conta/OneDrive/Desktop/Multiclass/data/train\animal fish\0MMGNRQ6TCE8.jpg,animal fish,256,256,JPEG
C:/Users/conta/OneDrive/Desktop/Multiclass/data/train\animal fish\0O659R992OBY.jpg,animal fish,256,256,JPEG
C:/Users/conta/OneDrive/Desktop/Multiclass/data/train\animal fish\0Q71GTG10I4M.jpg,animal fish,256,256,JPEG
C:/Users/conta/OneDrive/Desktop/Multiclass/data/train\animal fish\0V7V9L8RY5FV.jpg,animal fish,256,256,JPEG
C:/Users/conta/OneDrive/Desktop/Multiclass/data/train\animal fish\0W0QENVBGGB7.jpg,animal fish,256,256,JPEG
C:/Users/conta/OneDrive/Desktop/Multiclass/data/train\animal fish\0W31B1SC7OHT.jpg,animal fish,256,256,JPEG
C:/Users/conta/OneDrive/Desktop/Multiclass/data/train\animal fish\0WHCW33PXAQ4.jpg,animal fish,256,256,JPEG
C:/Users/conta/OneDrive/Desktop/Multiclass/data/train\animal fish\0YZ7IRVDWHRO.jpg,animal fish,256,256,JPEG
C:/Users/conta/OneDrive/Desktop/Multiclass/data/train\animal fish\0ZZEQST1MWC6.jpg,animal fish,256,256,JPEG
C:/Users/conta/OneDrive/Desktop/Multiclass/data/train\animal fish\10121RF2P14U.jpg,animal fish,256,256,JPEG
C:/Users/conta/OneDrive/Desktop/Multiclass/data/train\animal fish\103OB8NU5KRG.jpg,animal fish,256,256,JPEG
C:/Users/conta/OneDrive/Desktop/Multiclass/data/train\animal fish\11V88FZJ11RT.jpg,animal fish,256,256,JPEG
C:/Users/conta/OneDrive/Desktop/Multiclass/data/train\animal fish\124YHXRUUE3G.jpg,animal fish,256,256,JPEG
C:/Users/conta/OneDrive/Desktop/Multiclass/data/train\animal fish\13FS1OW235SX.jpg,animal fish,256,256,JPEG
C:/Users/conta/OneDrive/Desktop/Multiclass/data/train\animal fish\13S7P069IOLF.jpg,animal fish,256,256,JPEG
C:/Users/conta/OneDrive/Desktop/Multiclass/data/train\animal fish\13WVA4PMDF0X.jpg,animal fish,256,256,JPEG
C:/Users/conta/OneDrive/Desktop/Multiclass/data/train\animal fish\140ARU2Z2A08.jpg,animal fish,256,256,JPEG
C:/Users/conta/OneDrive/Desktop/Multiclass/data/train\animal fish\144B4OIOHH71.jpg,animal fish,256,256,JPEG
C:/Users/conta/OneDrive/Desktop/Multiclass/data/train\animal fish\14773PPQV4Y9.jpg,animal fish,256,256,JPEG
C:/Users/conta/OneDrive/Desktop/Multiclass/data/train\animal fish\15LFBGGBMJID.jpg,animal fish,256,256,JPEG
C:/Users/conta/OneDrive/Desktop/Multiclass/data/train\animal fish\15MMVWG576N4.jpg,animal fish,256,256,JPEG
C:/Users/conta/OneDrive/Desktop/Multiclass/data/train\animal fish\15NTVV8VIFGU.jpg,animal fish,256,256,JPEG
C:/Users/conta/OneDrive/Desktop/Multiclass/data/train\animal fish\161076E48ODR.jpg,animal fish,256,256,JPEG
C:/Users/conta/OneDrive/Desktop/Multiclass/data/train\animal fish\1670UF6P9T6R.jpg,animal fish,256,256,JPEG
C:/Users/conta/OneDrive/Desktop/Multiclass/data/train\animal fish\1691DSNDTU1Y.jpg,animal fish,256,256,JPEG
C:/Users/conta/OneDrive/Desktop/Multiclass/data/train\animal fish\16S4FIKPM9C2.jpg,animal fish,256,256,JPEG
C:/Users/conta/OneDrive/Desktop/Multiclass/data/train\animal fish\1AK79MA3Y1GM.jpg,animal fish,256,256,JPEG
C:/Users/conta/OneDrive/Desktop/Multiclass/data/train\animal fish\1CLAAUOQQF1V.jpg,animal fish,256,256,JPEG
C:/Users/conta/OneDrive/Desktop/Multiclass/data/train\animal fish\1D71Z2DJS5ML.jpg,animal fish,256,256,JPEG
C:/Users/conta/OneDrive/Desktop/Multiclass/data/train\animal fish\1EZR6QK4YJNZ.jpg,animal fish,256,256,JPEG
C:/Users/conta/OneDrive/Desktop/Multiclass/data/train\animal fish\1FJP37884F7G.jpg,animal fish,256,256,JPEG
C:/Users/conta/OneDrive/Desktop/Multiclass/data/train\animal fish\1FLWE9XOY0E9.jpg,animal fish,256,256,JPEG
C:/Users/conta/OneDrive/Desktop/Multiclass/data/train\animal fish\1FSZHDY27LCS.jpg,animal fish,256,256,JPEG
C:/Users/conta/OneDrive/Desktop/Multiclass/data/train\animal fish\1HQUCTA6WIF2.jpg,animal fish,256,256,JPEG
C:/Users/conta/OneDrive/Desktop/Multiclass/data/train\animal fish\1IEXL54I4GHH.jpg,animal fish,256,256,JPEG
C:/Users/conta/OneDrive/Desktop/Multiclass/data/train\animal fish\1LWI9GNEOL7N.jpg,animal fish,256,256,JPEG
C:/Users/conta/OneDrive/Desktop/Multiclass/data/train\animal fish\1QNEQIM5XUJH.jpg,animal fish,256,256,JPEG
C:/Users/conta/OneDrive/Desktop/Multiclass/data/train\animal fish\1RIQTMMN4GUW.jpg,animal fish,256,256,JPEG
C:/Users/conta/OneDrive/Desktop/Multiclass/data/train\animal fish\1RPN81SWOSUB.jpg,animal fish,256,256,JPEG
C:/Users/conta/OneDrive/Desktop/Multiclass/data/train\animal fish\1T7HW71NWAPP.jpg,animal fish,256,256,JPEG
C:/Users/conta/OneDrive/Desktop/Multiclass/data/train\animal fish\1UO2LT54GKQN.jpg,animal fish,256,256,JPEG
C:/Users/conta/OneDrive/Desktop/Multiclass/data/train\animal fish\1UUITM4TAZLP.jpg,animal fish,256,256,JPEG
C:/Users/conta/OneDrive/Desktop/Multiclass/data/train\animal fish\1VNYMYDF6NQN.jpg,animal fish,256,256,JPEG
C:/Users/conta/OneDrive/Desktop/Multiclass/data/train\animal fish\1VQG7QNDVNAF.jpg,animal fish,256,256,JPEG
C:/Users/conta/OneDrive/Desktop/Multiclass/data/train\animal fish\1WJNXYAIYN65.jpg,animal fish,256,256,JPEG
C:/Users/conta/OneDrive/Desktop/Multiclass/data/train\animal fish\1WWHKFJJ7F4T.jpg,animal fish,256,256,JPEG
C:/Users/conta/OneDrive/Desktop/Multiclass/data/train\animal fish\1XEG2QL3Y31O.jpg,animal fish,256,256,JPEG
C:/Users/conta/OneDrive/Desktop/Multiclass/data/train\animal fish\21OE21BYBOAB.jpg,animal fish,256,256,JPEG
C:/Users/conta/OneDrive/Desktop/Multiclass/data/train\animal fish\22ORBO3LRENX.jpg,animal fish,256,256,JPEG
C:/Users/conta/OneDrive/Desktop/Multiclass/data/train\animal fish\25692WXC03OC.jpg,animal fish,256,256,JPEG
C:/Users/conta/OneDrive/Desktop/Multiclass/data/train\animal fish\26RNLYDBSFPI.jpg,animal fish,256,256,JPEG
C:/Users/conta/OneDrive/Desktop/Multiclass/data/train\animal fish\284X55BD7MNX.jpg,animal fish,256,256,JPEG
C:/Users/conta/OneDrive/Desktop/Multiclass/data/train\animal fish\2AEA99ATM06E.jpg,animal fish,256,256,JPEG
C:/Users/conta/OneDrive/Desktop/Multiclass/data/train\animal fish\2B7AY4XLDQ5D.jpg,animal fish,256,256,JPEG
C:/Users/conta/OneDrive/Desktop/Multiclass/data/train\animal fish\2BFCJY7JXB03.jpg,animal fish,256,256,JPEG
C:/Users/conta/OneDrive/Desktop/Multiclass/data/train\animal fish\2CG0J5CQOJH0.jpg,animal fish,256,256,JPEG
C:/Users/conta/OneDrive/Desktop/Multiclass/data/train\animal fish\2HL7XYB05HBL.jpg,animal fish,256,256,JPEG
C:/Users/conta/OneDrive/Desktop/Multiclass/data/train\animal fish\2KR96230P2GN.jpg,animal fish,256,256,JPEG
C:/Users/conta/OneDrive/Desktop/Multiclass/data/train\animal fish\2N0SD765AGFL.jpg,animal fish,256,256,JPEG
C:/Users/conta/OneDrive/Desktop/Multiclass/data/train\animal fish\2POPHY5FWGBW.jpg,animal fish,256,256,JPEG
C:/Users/conta/OneDrive/Desktop/Multiclass/data/train\animal fish\2PP2IOZWZ2UC.jpg,animal fish,256,256,JPEG
C:/Users/conta/OneDrive/Desktop/Multiclass/data/train\animal fish\2S9QV5BM17QJ.jpg,animal fish,256,256,JPEG
C:/Users/conta/OneDrive/Desktop/Multiclass/data/train\animal fish\2U2JSAFCIBE3.jpg,animal fish,256,256,JPEG
C:/Users/conta/OneDrive/Desktop/Multiclass/data/train\animal fish\2U5MI184SKV4.jpg,animal fish,256,256,JPEG
C:/Users/conta/OneDrive/Desktop/Multiclass/data/train\animal fish\2UHCWE4PYPKP.jpg,animal fish,256,256,JPEG
C:/Users/conta/OneDrive/Desktop/Multiclass/data/train\animal fish\2UP68WPBS5W7.jpg,animal fish,256,256,JPEG
C:/Users/conta/OneDrive/Desktop/Multiclass/data/train\animal fish\2V0JHLM6SZ44.jpg,animal fish,256,256,JPEG
C:/Users/conta/OneDrive/Desktop/Multiclass/data/train\animal fish\2WXZZ4GHBM6J.jpg,animal fish,256,256,JPEG
C:/Users/conta/OneDrive/Desktop/Multiclass/data/train\animal fish\2XWO9HPFNNF6.jpg,animal fish,256,256,JPEG
C:/Users/conta/OneDrive/Desktop/Multiclass/data/train\animal fish\2YX33I0HS97T.jpg,animal fish,256,256,JPEG
C:/Users/conta/OneDrive/Desktop/Multiclass/data/train\animal fish\300MA4JLYTD5.jpg,animal fish,256,256,JPEG
C:/Users/conta/OneDrive/Desktop/Multiclass/data/train\animal fish\3147JVD2JTJO.jpg,animal fish,256,256,JPEG
C:/Users/conta/OneDrive/Desktop/Multiclass/data/train\animal fish\326UEF1QI3JY.jpg,animal fish,256,256,JPEG
C:/Users/conta/OneDrive/Desktop/Multiclass/data/train\animal fish\345HOWQDSG47.jpg,animal fish,256,256,JPEG
C:/Users/conta/OneDrive/Desktop/Multiclass/data/train\animal fish\34YLUPKOXH8S.jpg,animal fish,256,256,JPEG
C:/Users/conta/OneDrive/Desktop/Multiclass/data/train\animal fish\36IJEEMU8V3N.jpg,animal fish,256,256,JPEG
C:/Users/conta/OneDrive/Desktop/Multiclass/data/train\animal fish\36VSTDMZZRHG.jpg,animal fish,256,256,JPEG
C:/Users/conta/OneDrive/Desktop/Multiclass/data/train\animal fish\372CW9EBL5RC.jpg,animal fish,256,256,JPEG
C:/Users/conta/OneDrive/Desktop/Multiclass/data/train\animal fish\37YBZBHXA3E1.jpg,animal fish,256,256,JPEG
C:/Users/conta/OneDrive/Desktop/Multiclass/data/train\animal fish\38D54WQDWN8N.jpg,animal fish,256,256,JPEG
C:/Users/conta/OneDrive/Desktop/Multiclass/data/train\animal fish\3CMYHQ032NRN.jpg,animal fish,256,256,JPEG
C:/Users/conta/OneDrive/Desktop/Multiclass/data/train\animal fish\3E2DP3MHHTG2.jpg,animal fish,256,256,JPEG
C:/Users/conta/OneDrive/Desktop/Multiclass/data/train\animal fish\3F2X5A5UIKQS.jpg,animal fish,256,256,JPEG
C:/Users/conta/OneDrive/Desktop/Multiclass/data/train\animal fish\3FMZXXG9XQYN.jpg,animal fish,256,256,JPEG
C:/Users/conta/OneDrive/Desktop/Multiclass/data/train\animal fish\3FWIRGHKB4JW.jpg,animal fish,256,256,JPEG
C:/Users/conta/OneDrive/Desktop/Multiclass/data/train\animal fish\3HT0PBGGOSMR.jpg,animal fish,256,256,JPEG
C:/Users/conta/OneDrive/Desktop/Multiclass/data/train\animal fish\3IR9BEIIXL8O.jpg,animal fish,256,256,JPEG
C:/Users/conta/OneDrive/Desktop/Multiclass/data/train\animal fish\3LBCCA3SDFUF.jpg,animal fish,256,256,JPEG
C:/Users/conta/OneDrive/Desktop/Multiclass/data/train\animal fish\3OQ5TWUT3WLG.jpg,animal fish,256,256,JPEG
C:/Users/conta/OneDrive/Desktop/Multiclass/data/train\animal fish\3QN3JSK8TZVS.jpg,animal fish,256,256,JPEG
C:/Users/conta/OneDrive/Desktop/Multiclass/data/train\animal fish\3RPWX6ZOHCIA.jpg,animal fish,256,256,JPEG
C:/Users/conta/OneDrive/Desktop/Multiclass/data/train\animal fish\3SS1DVGWCQWT.jpg,animal fish,256,256,JPEG
C:/Users/conta/OneDrive/Desktop/Multiclass/data/train\animal fish\3VX8IASP643F.jpg,animal fish,256,256,JPEG
C:/Users/conta/OneDrive/Desktop/Multiclass/data/train\animal fish\3W49L4SBOHC4.jpg,animal fish,256,256,JPEG
C:/Users/conta/OneDrive/Desktop/Multiclass/data/train\animal fish\3YUE4NH49SYS.jpg,animal fish,256,256,JPEG
C:/Users/conta/OneDrive/Desktop/Multiclass/data/train\animal fish\441REF9NJPJV.jpg,animal fish,256,256,JPEG
C:/Users/conta/OneDrive/Desktop/Multiclass/data/train\animal fish\44FWLECGP7KT.jpg,animal fish,256,256,JPEG
C:/Users/conta/OneDrive/Desktop/Multiclass/data/train\animal fish\453VAT8HLBSO.jpg,animal fish,256,256,JPEG
C:/Users/conta/OneDrive/Desktop/Multiclass/data/train\animal fish\4734MFBAB8GW.jpg,animal fish,256,256,JPEG
C:/Users/conta/OneDrive/Desktop/Multiclass/data/train\animal fish\473DAO330ANL.jpg,animal fish,256,256,JPEG
C:/Users/conta/OneDrive/Desktop/Multiclass/data/train\animal fish\48FI5QUDKROF.jpg,animal fish,256,256,JPEG
C:/Users/conta/OneDrive/Desktop/Multiclass/data/train\animal fish\48N8IPGGORD5.jpg,animal fish,256,256,JPEG
C:/Users/conta/OneDrive/Desktop/Multiclass/data/train\animal fish\4BFV1GVUNNZA.jpg,animal fish,256,256,JPEG
C:/Users/conta/OneDrive/Desktop/Multiclass/data/train\animal fish\4DUERBP259DK.jpg,animal fish,256,256,JPEG
C:/Users/conta/OneDrive/Desktop/Multiclass/data/train\animal fish\4EUMNLRF83YJ.jpg,animal fish,256,256,JPEG
C:/Users/conta/OneDrive/Desktop/Multiclass/data/train\animal fish\4FWJFOUR0VLS.jpg,animal fish,256,256,JPEG
C:/Users/conta/OneDrive/Desktop/Multiclass/data/train\animal fish\4FZDTU4FGHNG.jpg,animal fish,256,256,JPEG
C:/Users/conta/OneDrive/Desktop/Multiclass/data/train\animal fish\4G3YFIHFAPBG.jpg,animal fish,256,256,JPEG
C:/Users/conta/OneDrive/Desktop/Multiclass/data/train\animal fish\4HXL8F3BJRXD.jpg,animal fish,256,256,JPEG
C:/Users/conta/OneDrive/Desktop/Multiclass/data/train\animal fish\4HZXP0GIJEKV.jpg,animal fish,256,256,JPEG
C:/Users/conta/OneDrive/Desktop/Multiclass/data/train\animal fish\4K5YGKG0NXTN.jpg,animal fish,256,256,JPEG
C:/Users/conta/OneDrive/Desktop/Multiclass/data/train\animal fish\4NJHZ10UB5KL.jpg,animal fish,256,256,JPEG
C:/Users/conta/OneDrive/Desktop/Multiclass/data/train\animal fish\4OX83G0XTYFF.jpg,animal fish,256,256,JPEG
C:/Users/conta/OneDrive/Desktop/Multiclass/data/train\animal fish\4PJM2SZWDJIN.jpg,animal fish,256,256,JPEG
C:/Users/conta/OneDrive/Desktop/Multiclass/data/train\animal fish\4PJO5E3XSO5A.jpg,animal fish,256,256,JPEG
C:/Users/conta/OneDrive/Desktop/Multiclass/data/train\animal fish\4PTH9US3W8DL.jpg,animal fish,256,256,JPEG
C:/Users/conta/OneDrive/Desktop/Multiclass/data/train\animal fish\4PVDQRUB2UIG.jpg,animal fish,256,256,JPEG
C:/Users/conta/OneDrive/Desktop/Multiclass/data/train\animal fish\4PXWAU70ARAX.jpg,animal fish,256,256,JPEG
C:/Users/conta/OneDrive/Desktop/Multiclass/data/train\animal fish\4Q5LPDOADTML.jpg,animal fish,256,256,JPEG
C:/Users/conta/OneDrive/Desktop/Multiclass/data/train\animal fish\4QNRMG3CP14C.jpg,animal fish,256,256,JPEG
C:/Users/conta/OneDrive/Desktop/Multiclass/data/train\animal fish\4QUGUIHW4MHY.jpg,animal fish,256,256,JPEG
C:/Users/conta/OneDrive/Desktop/Multiclass/data/train\animal fish\4RA3JGC8IUC9.jpg,animal fish,256,256,JPEG
C:/Users/conta/OneDrive/Desktop/Multiclass/data/train\animal fish\4RKE577PHUY0.jpg,animal fish,256,256,JPEG
C:/Users/conta/OneDrive/Desktop/Multiclass/data/train\animal fish\4S26PTTIS8P9.jpg,animal fish,256,256,JPEG
C:/Users/conta/OneDrive/Desktop/Multiclass/data/train\animal fish\4SAM008RC9VA.jpg,animal fish,256,256,JPEG
C:/Users/conta/OneDrive/Desktop/Multiclass/data/train\animal fish\4ST2O8L3NL38.jpg,animal fish,256,256,JPEG
C:/Users/conta/OneDrive/Desktop/Multiclass/data/train\animal fish\4TKCZZU3X1GR.jpg,animal fish,256,256,JPEG
C:/Users/conta/OneDrive/Desktop/Multiclass/data/train\animal fish\4U789M6T9NYL.jpg,animal fish,256,256,JPEG
C:/Users/conta/OneDrive/Desktop/Multiclass/data/train\animal fish\4UIGVIM6GTXP.jpg,animal fish,256,256,JPEG
C:/Users/conta/OneDrive/Desktop/Multiclass/data/train\animal fish\4UJCCI1LJ5LD.jpg,animal fish,256,256,JPEG
C:/Users/conta/OneDrive/Desktop/Multiclass/data/train\animal fish\4UZG6KFIYHAG.jpg,animal fish,256,256,JPEG
C:/Users/conta/OneDrive/Desktop/Multiclass/data/train\animal fish\4XC1K17U305Q.jpg,animal fish,256,256,JPEG
C:/Users/conta/OneDrive/Desktop/Multiclass/data/train\animal fish\4ZQR4DXDJU1T.jpg,animal fish,256,256,JPEG
C:/Users/conta/OneDrive/Desktop/Multiclass/data/train\animal fish\56KRCVAU80I2.jpg,animal fish,256,256,JPEG
C:/Users/conta/OneDrive/Desktop/Multiclass/data/train\animal fish\5743Y39JRJWW.jpg,animal fish,256,256,JPEG
C:/Users/conta/OneDrive/Desktop/Multiclass/data/train\animal fish\5746LO375S19.jpg,animal fish,256,256,JPEG
C:/Users/conta/OneDrive/Desktop/Multiclass/data/train\animal fish\585Y7T63IY1Q.jpg,animal fish,256,256,JPEG
C:/Users/conta/OneDrive/Desktop/Multiclass/data/train\animal fish\59EZJKKP2EYO.jpg,animal fish,256,256,JPEG
C:/Users/conta/OneDrive/Desktop/Multiclass/data/train\animal fish\59NDHCV6WWMI.jpg,animal fish,256,256,JPEG
C:/Users/conta/OneDrive/Desktop/Multiclass/data/train\animal fish\5BPA7ALEWQIK.jpg,animal fish,256,256,JPEG
C:/Users/conta/OneDrive/Desktop/Multiclass/data/train\animal fish\5DBY2TC3F3PA.jpg,animal fish,256,256,JPEG
C:/Users/conta/OneDrive/Desktop/Multiclass/data/train\animal fish\5FCHUM4S9CA0.jpg,animal fish,256,256,JPEG
C:/Users/conta/OneDrive/Desktop/Multiclass/data/train\animal fish\5FILTI69U1OD.jpg,animal fish,256,256,JPEG
C:/Users/conta/OneDrive/Desktop/Multiclass/data/train\animal fish\5FJ7M4T1QKG8.jpg,animal fish,256,256,JPEG
C:/Users/conta/OneDrive/Desktop/Multiclass/data/train\animal fish\5GMYV4HWAAUV.jpg,animal fish,256,256,JPEG
C:/Users/conta/OneDrive/Desktop/Multiclass/data/train\animal fish\5H4JE2TREJ01.jpg,animal fish,256,256,JPEG
C:/Users/conta/OneDrive/Desktop/Multiclass/data/train\animal fish\5IB5IZUV50G5.jpg,animal fish,256,256,JPEG
C:/Users/conta/OneDrive/Desktop/Multiclass/data/train\animal fish\5IPLQ4VTH8GT.jpg,animal fish,256,256,JPEG
C:/Users/conta/OneDrive/Desktop/Multiclass/data/train\animal fish\5IWVTU9KTZAX.jpg,animal fish,256,256,JPEG
C:/Users/conta/OneDrive/Desktop/Multiclass/data/train\animal fish\5KZ4AGJF80IY.jpg,animal fish,256,256,JPEG
C:/Users/conta/OneDrive/Desktop/Multiclass/data/train\animal fish\5L54APGM15VX.jpg,animal fish,256,256,JPEG
C:/Users/conta/OneDrive/Desktop/Multiclass/data/train\animal fish\5L72Q67T329J.jpg,animal fish,256,256,JPEG
C:/Users/conta/OneDrive/Desktop/Multiclass/data/train\animal fish\5N06N4NOOVCF.jpg,animal fish,256,256,JPEG
C:/Users/conta/OneDrive/Desktop/Multiclass/data/train\animal fish\5PLBRQ3HSOWA.jpg,animal fish,256,256,JPEG
C:/Users/conta/OneDrive/Desktop/Multiclass/data/train\animal fish\5Q1HZZZ3LBYJ.jpg,animal fish,256,256,JPEG
C:/Users/conta/OneDrive/Desktop/Multiclass/data/train\animal fish\5QFPUY6CFWXL.jpg,animal fish,256,256,JPEG
C:/Users/conta/OneDrive/Desktop/Multiclass/data/train\animal fish\5S76SV2D9Y1O.jpg,animal fish,256,256,JPEG
C:/Users/conta/OneDrive/Desktop/Multiclass/data/train\animal fish\5S7A9LXE5O1E.jpg,animal fish,256,256,JPEG
C:/Users/conta/OneDrive/Desktop/Multiclass/data/train\animal fish\5TDYWXGJDIWI.jpg,animal fish,256,256,JPEG
C:/Users/conta/OneDrive/Desktop/Multiclass/data/train\animal fish\5U3P5V7GG314.jpg,animal fish,256,256,JPEG
C:/Users/conta/OneDrive/Desktop/Multiclass/data/train\animal fish\5USTNQVQFC5I.jpg,animal fish,256,256,JPEG
C:/Users/conta/OneDrive/Desktop/Multiclass/data/train\animal fish\5UUNLUQXKDZV.jpg,animal fish,256,256,JPEG
C:/Users/conta/OneDrive/Desktop/Multiclass/data/train\animal fish\5V94MBC2Z2T5.jpg,animal fish,256,256,JPEG
C:/Users/conta/OneDrive/Desktop/Multiclass/data/train\animal fish\5VCIO49VNQSY.jpg,animal fish,256,256,JPEG
C:/Users/conta/OneDrive/Desktop/Multiclass/data/train\animal fish\5XJYSZ2XV7NS.jpg,animal fish,256,256,JPEG
C:/Users/conta/OneDrive/Desktop/Multiclass/data/train\animal fish\5XSL6YM57DV9.jpg,animal fish,256,256,JPEG
C:/Users/conta/OneDrive/Desktop/Multiclass/data/train\animal fish\604OTZLTKMQY.jpg,animal fish,256,256,JPEG
C:/Users/conta/OneDrive/Desktop/Multiclass/data/train\animal fish\61116FF874SM.jpg,animal fish,256,256,JPEG
C:/Users/conta/OneDrive/Desktop/Multiclass/data/train\animal fish\6460YOYZKH14.jpg,animal fish,256,256,JPEG
C:/Users/conta/OneDrive/Desktop/Multiclass/data/train\animal fish\68BY744GMIEN.jpg,animal fish,256,256,JPEG
C:/Users/conta/OneDrive/Desktop/Multiclass/data/train\animal fish\68KNUEIJF0HM.jpg,animal fish,256,256,JPEG
C:/Users/conta/OneDrive/Desktop/Multiclass/data/train\animal fish\69FHRBSL9849.jpg,animal fish,256,256,JPEG
C:/Users/conta/OneDrive/Desktop/Multiclass/data/train\animal fish\6BE7PWYTZ820.jpg,animal fish,256,256,JPEG
C:/Users/conta/OneDrive/Desktop/Multiclass/data/train\animal fish\6C8L9MO6FP6K.jpg,animal fish,256,256,JPEG
C:/Users/conta/OneDrive/Desktop/Multiclass/data/train\animal fish\6ENY94R3BJ60.jpg,animal fish,256,256,JPEG
C:/Users/conta/OneDrive/Desktop/Multiclass/data/train\animal fish\6FFV3JINDJQI.jpg,animal fish,256,256,JPEG
C:/Users/conta/OneDrive/Desktop/Multiclass/data/train\animal fish\6FPHTPT5X2GQ.jpg,animal fish,256,256,JPEG
C:/Users/conta/OneDrive/Desktop/Multiclass/data/train\animal fish\6I8PYV3FSZP1.jpg,animal fish,256,256,JPEG
C:/Users/conta/OneDrive/Desktop/Multiclass/data/train\animal fish\6IAQCHSKM98B.jpg,animal fish,256,256,JPEG
C:/Users/conta/OneDrive/Desktop/Multiclass/data/train\animal fish\6KB9MPAD1THR.jpg,animal fish,256,256,JPEG
C:/Users/conta/OneDrive/Desktop/Multiclass/data/train\animal fish\6LJVYHTGGYIU.jpg,animal fish,256,256,JPEG
C:/Users/conta/OneDrive/Desktop/Multiclass/data/train\animal fish\6LXTDO7N6OP4.jpg,animal fish,256,256,JPEG
C:/Users/conta/OneDrive/Desktop/Multiclass/data/train\animal fish\6M7ABMQQ7NOH.jpg,animal fish,256,256,JPEG
C:/Users/conta/OneDrive/Desktop/Multiclass/data/train\animal fish\6QCL7NIMLILD.jpg,animal fish,256,256,JPEG
C:/Users/conta/OneDrive/Desktop/Multiclass/data/train\animal fish\6QXL2IUWD6R4.jpg,animal fish,256,256,JPEG
C:/Users/conta/OneDrive/Desktop/Multiclass/data/train\animal fish\6RPJIQMTEM4S.jpg,animal fish,256,256,JPEG
C:/Users/conta/OneDrive/Desktop/Multiclass/data/train\animal fish\6RQ44Z5AN17O.jpg,animal fish,256,256,JPEG
C:/Users/conta/OneDrive/Desktop/Multiclass/data/train\animal fish\6TV288DRU8E6.jpg,animal fish,256,256,JPEG
C:/Users/conta/OneDrive/Desktop/Multiclass/data/train\animal fish\6UWP8CGMRRO9.jpg,animal fish,256,256,JPEG
C:/Users/conta/OneDrive/Desktop/Multiclass/data/train\animal fish\6VPC0WLO4SLH.jpg,animal fish,256,256,JPEG
C:/Users/conta/OneDrive/Desktop/Multiclass/data/train\animal fish\6X367XB9Z5QN.jpg,animal fish,256,256,JPEG
C:/Users/conta/OneDrive/Desktop/Multiclass/data/train\animal fish\6YNQ1QT6I4G5.jpg,animal fish,256,256,JPEG
C:/Users/conta/OneDrive/Desktop/Multiclass/data/train\animal fish\6YV0QIRF20HV.jpg,animal fish,256,256,JPEG
C:/Users/conta/OneDrive/Desktop/Multiclass/data/train\animal fish\6ZKPJMHE6JLK.jpg,animal fish,256,256,JPEG
C:/Users/conta/OneDrive/Desktop/Multiclass/data/train\animal fish\6ZQV5K1V8HAZ.jpg,animal fish,256,256,JPEG
C:/Users/conta/OneDrive/Desktop/Multiclass/data/train\animal fish\70IUAPF0MQC4.jpg,animal fish,256,256,JPEG
C:/Users/conta/OneDrive/Desktop/Multiclass/data/train\animal fish\71JSRO6KSZRO.jpg,animal fish,256,256,JPEG
C:/Users/conta/OneDrive/Desktop/Multiclass/data/train\animal fish\72T5LF05TEV3.jpg,animal fish,256,256,JPEG
C:/Users/conta/OneDrive/Desktop/Multiclass/data/train\animal fish\74FGGEK4EWO2.jpg,animal fish,256,256,JPEG
C:/Users/conta/OneDrive/Desktop/Multiclass/data/train\animal fish\74M7FA27N2BB.jpg,animal fish,256,256,JPEG
C:/Users/conta/OneDrive/Desktop/Multiclass/data/train\animal fish\761E6RW3KKDY.jpg,animal fish,256,256,JPEG
C:/Users/conta/OneDrive/Desktop/Multiclass/data/train\animal fish\76Q14JCUFVAJ.jpg,animal fish,256,256,JPEG
C:/Users/conta/OneDrive/Desktop/Multiclass/data/train\animal fish\7741AYPVFMIF.jpg,animal fish,256,256,JPEG
C:/Users/conta/OneDrive/Desktop/Multiclass/data/train\animal fish\78M797EEUFZJ.jpg,animal fish,256,256,JPEG
C:/Users/conta/OneDrive/Desktop/Multiclass/data/train\animal fish\78S9GG0WGOO3.jpg,animal fish,256,256,JPEG
C:/Users/conta/OneDrive/Desktop/Multiclass/data/train\animal fish\798IHR7MWHPC.jpg,animal fish,256,256,JPEG
C:/Users/conta/OneDrive/Desktop/Multiclass/data/train\animal fish\79QCNK7DJ807.jpg,animal fish,256,256,JPEG
C:/Users/conta/OneDrive/Desktop/Multiclass/data/train\animal fish\79V4M1R79888.jpg,animal fish,256,256,JPEG
C:/Users/conta/OneDrive/Desktop/Multiclass/data/train\animal fish\7C3M5QWCU3FV.jpg,animal fish,256,256,JPEG
C:/Users/conta/OneDrive/Desktop/Multiclass/data/train\animal fish\7DKUDXGT8ER0.jpg,animal fish,256,256,JPEG
C:/Users/conta/OneDrive/Desktop/Multiclass/data/train\animal fish\7EI6P8S2JPYB.jpg,animal fish,256,256,JPEG
C:/Users/conta/OneDrive/Desktop/Multiclass/data/train\animal fish\7FF06LOKH3QF.jpg,animal fish,256,256,JPEG
C:/Users/conta/OneDrive/Desktop/Multiclass/data/train\animal fish\7GJLTSZDMO61.jpg,animal fish,256,256,JPEG
C:/Users/conta/OneDrive/Desktop/Multiclass/data/train\animal fish\7GLCH95CC8BF.jpg,animal fish,256,256,JPEG
C:/Users/conta/OneDrive/Desktop/Multiclass/data/train\animal fish\7GOR2BXMA49I.jpg,animal fish,256,256,JPEG
C:/Users/conta/OneDrive/Desktop/Multiclass/data/train\animal fish\7HKGMNK2W7C9.jpg,animal fish,256,256,JPEG
C:/Users/conta/OneDrive/Desktop/Multiclass/data/train\animal fish\7M8A2WH6ME01.jpg,animal fish,256,256,JPEG
C:/Users/conta/OneDrive/Desktop/Multiclass/data/train\animal fish\7NA7PP2FEH2C.jpg,animal fish,256,256,JPEG
C:/Users/conta/OneDrive/Desktop/Multiclass/data/train\animal fish\7NXYOBPRUJHX.jpg,animal fish,256,256,JPEG
C:/Users/conta/OneDrive/Desktop/Multiclass/data/train\animal fish\7OPQUJQ8JREJ.jpg,animal fish,256,256,JPEG
C:/Users/conta/OneDrive/Desktop/Multiclass/data/train\animal fish\7PG2RRQ895B5.jpg,animal fish,256,256,JPEG
C:/Users/conta/OneDrive/Desktop/Multiclass/data/train\animal fish\7PWANPEOJY39.jpg,animal fish,256,256,JPEG
C:/Users/conta/OneDrive/Desktop/Multiclass/data/train\animal fish\7Q0P4Z52UINC.jpg,animal fish,256,256,JPEG
C:/Users/conta/OneDrive/Desktop/Multiclass/data/train\animal fish\7Q780RNU0H9A.jpg,animal fish,256,256,JPEG
C:/Users/conta/OneDrive/Desktop/Multiclass/data/train\animal fish\7S5SQLCKPZ88.jpg,animal fish,256,256,JPEG
C:/Users/conta/OneDrive/Desktop/Multiclass/data/train\animal fish\7W6UQ267PNW6.jpg,animal fish,256,256,JPEG
C:/Users/conta/OneDrive/Desktop/Multiclass/data/train\animal fish\7X7QV2YYP78F.jpg,animal fish,256,256,JPEG
C:/Users/conta/OneDrive/Desktop/Multiclass/data/train\animal fish\7YU7TT396JQB.jpg,animal fish,256,256,JPEG
C:/Users/conta/OneDrive/Desktop/Multiclass/data/train\animal fish\81O1I7XGSBFF.jpg,animal fish,256,256,JPEG
C:/Users/conta/OneDrive/Desktop/Multiclass/data/train\animal fish\833P8Q1CAD1K.jpg,animal fish,256,256,JPEG
C:/Users/conta/OneDrive/Desktop/Multiclass/data/train\animal fish\83C8NB5NJ6FF.jpg,animal fish,256,256,JPEG
C:/Users/conta/OneDrive/Desktop/Multiclass/data/train\animal fish\84L7IPDEC1WM.jpg,animal fish,256,256,JPEG
C:/Users/conta/OneDrive/Desktop/Multiclass/data/train\animal fish\86DHHP9BJFMI.jpg,animal fish,256,256,JPEG
C:/Users/conta/OneDrive/Desktop/Multiclass/data/train\animal fish\88XOLACDBY8D.jpg,animal fish,256,256,JPEG
C:/Users/conta/OneDrive/Desktop/Multiclass/data/train\animal fish\8A32NYM8A69M.jpg,animal fish,256,256,JPEG
C:/Users/conta/OneDrive/Desktop/Multiclass/data/train\animal fish\8AMODXOAXQ5L.jpg,animal fish,256,256,JPEG
C:/Users/conta/OneDrive/Desktop/Multiclass/data/train\animal fish\8FLIYSJDZPHH.jpg,animal fish,256,256,JPEG
C:/Users/conta/OneDrive/Desktop/Multiclass/data/train\animal fish\8FLSNKYJ405D.jpg,animal fish,256,256,JPEG
C:/Users/conta/OneDrive/Desktop/Multiclass/data/train\animal fish\8FR3D930VS1R.jpg,animal fish,256,256,JPEG
C:/Users/conta/OneDrive/Desktop/Multiclass/data/train\animal fish\8HYD7GMZ60D3.jpg,animal fish,256,256,JPEG
C:/Users/conta/OneDrive/Desktop/Multiclass/data/train\animal fish\8IZ2IDPX2X36.jpg,animal fish,256,256,JPEG
C:/Users/conta/OneDrive/Desktop/Multiclass/data/train\animal fish\8K5ZKLZYP17M.jpg,animal fish,256,256,JPEG
C:/Users/conta/OneDrive/Desktop/Multiclass/data/train\animal fish\8KOKAIJM7CTA.jpg,animal fish,256,256,JPEG
C:/Users/conta/OneDrive/Desktop/Multiclass/data/train\animal fish\8L6MEC2LCA5E.jpg,animal fish,256,256,JPEG
C:/Users/conta/OneDrive/Desktop/Multiclass/data/train\animal fish\8RENBMDVZBE3.jpg,animal fish,256,256,JPEG
C:/Users/conta/OneDrive/Desktop/Multiclass/data/train\animal fish\8RP25276XIUL.jpg,animal fish,256,256,JPEG
C:/Users/conta/OneDrive/Desktop/Multiclass/data/train\animal fish\8SPANY0WPSQQ.jpg,animal fish,256,256,JPEG
C:/Users/conta/OneDrive/Desktop/Multiclass/data/train\animal fish\8U173A4K50HK.jpg,animal fish,256,256,JPEG
C:/Users/conta/OneDrive/Desktop/Multiclass/data/train\animal fish\8WFYJJ9S3TN0.jpg,animal fish,256,256,JPEG
C:/Users/conta/OneDrive/Desktop/Multiclass/data/train\animal fish\8WH4SH6RU0D5.jpg,animal fish,256,256,JPEG
C:/Users/conta/OneDrive/Desktop/Multiclass/data/train\animal fish\8X018K0EP2EF.jpg,animal fish,256,256,JPEG
C:/Users/conta/OneDrive/Desktop/Multiclass/data/train\animal fish\8X15PEGWN7HO.jpg,animal fish,256,256,JPEG
C:/Users/conta/OneDrive/Desktop/Multiclass/data/train\animal fish\8XD45MESPZCF.jpg,animal fish,256,256,JPEG
C:/Users/conta/OneDrive/Desktop/Multiclass/data/train\animal fish\92KVWKNURSPO.jpg,animal fish,256,256,JPEG
C:/Users/conta/OneDrive/Desktop/Multiclass/data/train\animal fish\93AWAPE0US21.jpg,animal fish,256,256,JPEG
C:/Users/conta/OneDrive/Desktop/Multiclass/data/train\animal fish\93GKFPDW8FH9.jpg,animal fish,256,256,JPEG
C:/Users/conta/OneDrive/Desktop/Multiclass/data/train\animal fish\94TXK5BDSSGJ.jpg,animal fish,256,256,JPEG
C:/Users/conta/OneDrive/Desktop/Multiclass/data/train\animal fish\954AODZJSVFG.jpg,animal fish,256,256,JPEG
C:/Users/conta/OneDrive/Desktop/Multiclass/data/train\animal fish\95UG8UI7LH33.jpg,animal fish,256,256,JPEG
C:/Users/conta/OneDrive/Desktop/Multiclass/data/train\animal fish\96KVWEKK6ZC4.jpg,animal fish,256,256,JPEG
C:/Users/conta/OneDrive/Desktop/Multiclass/data/train\animal fish\96SGMEYQTJVJ.jpg,animal fish,256,256,JPEG
C:/Users/conta/OneDrive/Desktop/Multiclass/data/train\animal fish\96SMRM86NUIB.jpg,animal fish,256,256,JPEG
C:/Users/conta/OneDrive/Desktop/Multiclass/data/train\animal fish\97ESWAHXYUYC.jpg,animal fish,256,256,JPEG
C:/Users/conta/OneDrive/Desktop/Multiclass/data/train\animal fish\97J31B4N2JN8.jpg,animal fish,256,256,JPEG
C:/Users/conta/OneDrive/Desktop/Multiclass/data/train\animal fish\97QTRTVIC6RK.jpg,animal fish,256,256,JPEG
C:/Users/conta/OneDrive/Desktop/Multiclass/data/train\animal fish\980TAGNOTMO7.jpg,animal fish,256,256,JPEG
C:/Users/conta/OneDrive/Desktop/Multiclass/data/train\animal fish\98H51Z061RY4.jpg,animal fish,256,256,JPEG
C:/Users/conta/OneDrive/Desktop/Multiclass/data/train\animal fish\9AJDCHLY193H.jpg,animal fish,256,256,JPEG
C:/Users/conta/OneDrive/Desktop/Multiclass/data/train\animal fish\9AQE4XYCCS5G.jpg,animal fish,256,256,JPEG
C:/Users/conta/OneDrive/Desktop/Multiclass/data/train\animal fish\9B159OKS37MO.jpg,animal fish,256,256,JPEG
C:/Users/conta/OneDrive/Desktop/Multiclass/data/train\animal fish\9DBPLORA0CZK.jpg,animal fish,256,256,JPEG
C:/Users/conta/OneDrive/Desktop/Multiclass/data/train\animal fish\9FUZZAO5D0IC.jpg,animal fish,256,256,JPEG
C:/Users/conta/OneDrive/Desktop/Multiclass/data/train\animal fish\9HE8HY6IPK1S.jpg,animal fish,256,256,JPEG
C:/Users/conta/OneDrive/Desktop/Multiclass/data/train\animal fish\9IATJLSK096W.jpg,animal fish,256,256,JPEG
C:/Users/conta/OneDrive/Desktop/Multiclass/data/train\animal fish\9JD2IZKDCQYX.jpg,animal fish,256,256,JPEG
C:/Users/conta/OneDrive/Desktop/Multiclass/data/train\animal fish\9JEVILPTKEL6.jpg,animal fish,256,256,JPEG
C:/Users/conta/OneDrive/Desktop/Multiclass/data/train\animal fish\9LMLKMWU45Z2.jpg,animal fish,256,256,JPEG
C:/Users/conta/OneDrive/Desktop/Multiclass/data/train\animal fish\9MHSJA4H08LS.jpg,animal fish,256,256,JPEG
C:/Users/conta/OneDrive/Desktop/Multiclass/data/train\animal fish\9N37R2W3QSI0.jpg,animal fish,256,256,JPEG
C:/Users/conta/OneDrive/Desktop/Multiclass/data/train\animal fish\9NW6UR22HW0R.jpg,animal fish,256,256,JPEG
C:/Users/conta/OneDrive/Desktop/Multiclass/data/train\animal fish\9OB86HP5I414.jpg,animal fish,256,256,JPEG
C:/Users/conta/OneDrive/Desktop/Multiclass/data/train\animal fish\9PCIFP2S8UVT.jpg,animal fish,256,256,JPEG
C:/Users/conta/OneDrive/Desktop/Multiclass/data/train\animal fish\9PD1I763PNC7.jpg,animal fish,256,256,JPEG
C:/Users/conta/OneDrive/Desktop/Multiclass/data/train\animal fish\9QET7EBOZ2XP.jpg,animal fish,256,256,JPEG
C:/Users/conta/OneDrive/Desktop/Multiclass/data/train\animal fish\9RH8A6Y6QD5E.jpg,animal fish,256,256,JPEG
C:/Users/conta/OneDrive/Desktop/Multiclass/data/train\animal fish\9S2AQNFLQXRA.jpg,animal fish,256,256,JPEG
C:/Users/conta/OneDrive/Desktop/Multiclass/data/train\animal fish\9TSWJRZ1ROFF.jpg,animal fish,256,256,JPEG
C:/Users/conta/OneDrive/Desktop/Multiclass/data/train\animal fish\9UX5C5X6XFY1.jpg,animal fish,256,256,JPEG
C:/Users/conta/OneDrive/Desktop/Multiclass/data/train\animal fish\9WKPPLAK1KCA.jpg,animal fish,256,256,JPEG
C:/Users/conta/OneDrive/Desktop/Multiclass/data/train\animal fish\9YRGDBFGLHU0.jpg,animal fish,256,256,JPEG
C:/Users/conta/OneDrive/Desktop/Multiclass/data/train\animal fish\9ZKAL3OQTLCQ.jpg,animal fish,256,256,JPEG
C:/Users/conta/OneDrive/Desktop/Multiclass/data/train\animal fish\A1RKZ1PRVTGH.jpg,animal fish,256,256,JPEG
C:/Users/conta/OneDrive/Desktop/Multiclass/data/train\animal fish\A3O0O1GW4IF0.jpg,animal fish,256,256,JPEG
C:/Users/conta/OneDrive/Desktop/Multiclass/data/train\animal fish\A4HFHFJC0IF5.jpg,animal fish,256,256,JPEG
C:/Users/conta/OneDrive/Desktop/Multiclass/data/train\animal fish\A5F42RB8KPZW.jpg,animal fish,256,256,JPEG
C:/Users/conta/OneDrive/Desktop/Multiclass/data/train\animal fish\A6S8W6RY87KH.jpg,animal fish,256,256,JPEG
C:/Users/conta/OneDrive/Desktop/Multiclass/data/train\animal fish\A73BURR873YG.jpg,animal fish,256,256,JPEG
C:/Users/conta/OneDrive/Desktop/Multiclass/data/train\animal fish\A7VCLCY19QN4.jpg,animal fish,256,256,JPEG
C:/Users/conta/OneDrive/Desktop/Multiclass/data/train\animal fish\A88QX6B7TCX0.jpg,animal fish,256,256,JPEG
C:/Users/conta/OneDrive/Desktop/Multiclass/data/train\animal fish\A9LIRSGQUUYC.jpg,animal fish,256,256,JPEG
C:/Users/conta/OneDrive/Desktop/Multiclass/data/train\animal fish\AAT547CCBV18.jpg,animal fish,256,256,JPEG
C:/Users/conta/OneDrive/Desktop/Multiclass/data/train\animal fish\ACAS20YYXXMB.jpg,animal fish,256,256,JPEG
C:/Users/conta/OneDrive/Desktop/Multiclass/data/train\animal fish\ADH0PN8XUKA1.jpg,animal fish,256,256,JPEG
C:/Users/conta/OneDrive/Desktop/Multiclass/data/train\animal fish\AEOYI0VS6YCE.jpg,animal fish,256,256,JPEG
C:/Users/conta/OneDrive/Desktop/Multiclass/data/train\animal fish\AETSPQ3RF7FD.jpg,animal fish,256,256,JPEG
C:/Users/conta/OneDrive/Desktop/Multiclass/data/train\animal fish\AFKSLY8XFTAG.jpg,animal fish,256,256,JPEG
C:/Users/conta/OneDrive/Desktop/Multiclass/data/train\animal fish\AFUTC2YENTPY.jpg,animal fish,256,256,JPEG
C:/Users/conta/OneDrive/Desktop/Multiclass/data/train\animal fish\AG2ESGRX00JU.jpg,animal fish,256,256,JPEG
C:/Users/conta/OneDrive/Desktop/Multiclass/data/train\animal fish\AG49JQRK6CB5.jpg,animal fish,256,256,JPEG
C:/Users/conta/OneDrive/Desktop/Multiclass/data/train\animal fish\AG4Q2Q39LFVT.jpg,animal fish,256,256,JPEG
C:/Users/conta/OneDrive/Desktop/Multiclass/data/train\animal fish\AGLTIIIPOXF0.jpg,animal fish,256,256,JPEG
C:/Users/conta/OneDrive/Desktop/Multiclass/data/train\animal fish\AHIIWY6J8NGH.jpg,animal fish,256,256,JPEG
C:/Users/conta/OneDrive/Desktop/Multiclass/data/train\animal fish\AI8J00WT0XUL.jpg,animal fish,256,256,JPEG
C:/Users/conta/OneDrive/Desktop/Multiclass/data/train\animal fish\AI9UTHZ72MGR.jpg,animal fish,256,256,JPEG
C:/Users/conta/OneDrive/Desktop/Multiclass/data/train\animal fish\ALCONVMGSNEA.jpg,animal fish,256,256,JPEG
C:/Users/conta/OneDrive/Desktop/Multiclass/data/train\animal fish\AN5SFNUOJCKE.jpg,animal fish,256,256,JPEG
C:/Users/conta/OneDrive/Desktop/Multiclass/data/train\animal fish\ANRHQVNYOI5H.jpg,animal fish,256,256,JPEG
C:/Users/conta/OneDrive/Desktop/Multiclass/data/train\animal fish\AO75GRPGVQ3Q.jpg,animal fish,256,256,JPEG
C:/Users/conta/OneDrive/Desktop/Multiclass/data/train\animal fish\ASK3V8IBWLBT.jpg,animal fish,256,256,JPEG
C:/Users/conta/OneDrive/Desktop/Multiclass/data/train\animal fish\ASYN9GYMQTMM.jpg,animal fish,256,256,JPEG
C:/Users/conta/OneDrive/Desktop/Multiclass/data/train\animal fish\AVDGK8GK1103.jpg,animal fish,256,256,JPEG
C:/Users/conta/OneDrive/Desktop/Multiclass/data/train\animal fish\AVPIVBLU1B0D.jpg,animal fish,256,256,JPEG
C:/Users/conta/OneDrive/Desktop/Multiclass/data/train\animal fish\AWM7X20650W6.jpg,animal fish,256,256,JPEG
C:/Users/conta/OneDrive/Desktop/Multiclass/data/train\animal fish\AZTVZSL3LEYP.jpg,animal fish,256,256,JPEG
C:/Users/conta/OneDrive/Desktop/Multiclass/data/train\animal fish\AZWYTFIZ1C5V.jpg,animal fish,256,256,JPEG
C:/Users/conta/OneDrive/Desktop/Multiclass/data/train\animal fish\B1O4QZD4V84G.jpg,animal fish,256,256,JPEG
C:/Users/conta/OneDrive/Desktop/Multiclass/data/train\animal fish\B21MDC761NVO.jpg,animal fish,256,256,JPEG
C:/Users/conta/OneDrive/Desktop/Multiclass/data/train\animal fish\B5MJ25U60XB7.jpg,animal fish,256,256,JPEG
C:/Users/conta/OneDrive/Desktop/Multiclass/data/train\animal fish\B6VWBATZ51HQ.jpg,animal fish,256,256,JPEG
C:/Users/conta/OneDrive/Desktop/Multiclass/data/train\animal fish\B8DAPDG8Z5AG.jpg,animal fish,256,256,JPEG
C:/Users/conta/OneDrive/Desktop/Multiclass/data/train\animal fish\BAE2JVNY5WF0.jpg,animal fish,256,256,JPEG
C:/Users/conta/OneDrive/Desktop/Multiclass/data/train\animal fish\BDQUHTXU8WSX.jpg,animal fish,256,256,JPEG
C:/Users/conta/OneDrive/Desktop/Multiclass/data/train\animal fish\BIP5NA8NSCGM.jpg,animal fish,256,256,JPEG
C:/Users/conta/OneDrive/Desktop/Multiclass/data/train\animal fish\BJGJS8Z79NY1.jpg,animal fish,256,256,JPEG
C:/Users/conta/OneDrive/Desktop/Multiclass/data/train\animal fish\BJJUFCTINO6X.jpg,animal fish,256,256,JPEG
C:/Users/conta/OneDrive/Desktop/Multiclass/data/train\animal fish\BJKQP3YZKVO8.jpg,animal fish,256,256,JPEG
C:/Users/conta/OneDrive/Desktop/Multiclass/data/train\animal fish\BJOCYHHGWA8V.jpg,animal fish,256,256,JPEG
C:/Users/conta/OneDrive/Desktop/Multiclass/data/train\animal fish\BN66N31206OG.jpg,animal fish,256,256,JPEG
C:/Users/conta/OneDrive/Desktop/Multiclass/data/train\animal fish\BNVUJHW77TA0.jpg,animal fish,256,256,JPEG
C:/Users/conta/OneDrive/Desktop/Multiclass/data/train\animal fish\BOH8AHAYCQMY.jpg,animal fish,256,256,JPEG
C:/Users/conta/OneDrive/Desktop/Multiclass/data/train\animal fish\BOXSVVV0Y2VD.jpg,animal fish,256,256,JPEG
C:/Users/conta/OneDrive/Desktop/Multiclass/data/train\animal fish\BPJVAMFGMUX7.jpg,animal fish,256,256,JPEG
C:/Users/conta/OneDrive/Desktop/Multiclass/data/train\animal fish\BQAVG7TAGQUD.jpg,animal fish,256,256,JPEG
C:/Users/conta/OneDrive/Desktop/Multiclass/data/train\animal fish\BUF87OVTKKEN.jpg,animal fish,256,256,JPEG
C:/Users/conta/OneDrive/Desktop/Multiclass/data/train\animal fish\BYEOXSXHSJ68.jpg,animal fish,256,256,JPEG
C:/Users/conta/OneDrive/Desktop/Multiclass/data/train\animal fish\BYLX1KIBH76M.jpg,animal fish,256,256,JPEG
C:/Users/conta/OneDrive/Desktop/Multiclass/data/train\animal fish\BZ4BJW403UC7.jpg,animal fish,256,256,JPEG
C:/Users/conta/OneDrive/Desktop/Multiclass/data/train\animal fish\C1IGKKTP42BD.jpg,animal fish,256,256,JPEG
C:/Users/conta/OneDrive/Desktop/Multiclass/data/train\animal fish\C22YJXSSYPS3.jpg,animal fish,256,256,JPEG
C:/Users/conta/OneDrive/Desktop/Multiclass/data/train\animal fish\C2NTM08HTNYZ.jpg,animal fish,256,256,JPEG
C:/Users/conta/OneDrive/Desktop/Multiclass/data/train\animal fish\C30IEHNAKG2S.jpg,animal fish,256,256,JPEG
C:/Users/conta/OneDrive/Desktop/Multiclass/data/train\animal fish\C3NB3RX9KUD1.jpg,animal fish,256,256,JPEG
C:/Users/conta/OneDrive/Desktop/Multiclass/data/train\animal fish\C8VWHM73MOZ1.jpg,animal fish,256,256,JPEG
C:/Users/conta/OneDrive/Desktop/Multiclass/data/train\animal fish\C9RA101Y5UYC.jpg,animal fish,256,256,JPEG
C:/Users/conta/OneDrive/Desktop/Multiclass/data/train\animal fish\C9YRZ9MA3FGF.jpg,animal fish,256,256,JPEG
C:/Users/conta/OneDrive/Desktop/Multiclass/data/train\animal fish\C9Z0HGR323CA.jpg,animal fish,256,256,JPEG
C:/Users/conta/OneDrive/Desktop/Multiclass/data/train\animal fish\CA279G7BOEA4.jpg,animal fish,256,256,JPEG
C:/Users/conta/OneDrive/Desktop/Multiclass/data/train\animal fish\CBP8JPXGGOV4.jpg,animal fish,256,256,JPEG
C:/Users/conta/OneDrive/Desktop/Multiclass/data/train\animal fish\CCG66QK2R57M.jpg,animal fish,256,256,JPEG
C:/Users/conta/OneDrive/Desktop/Multiclass/data/train\animal fish\CCWONG1S39T2.jpg,animal fish,256,256,JPEG
C:/Users/conta/OneDrive/Desktop/Multiclass/data/train\animal fish\CFD382XH1PCJ.jpg,animal fish,256,256,JPEG
C:/Users/conta/OneDrive/Desktop/Multiclass/data/train\animal fish\CGTURUYETN5F.jpg,animal fish,256,256,JPEG
C:/Users/conta/OneDrive/Desktop/Multiclass/data/train\animal fish\CH4L1PTKB8Q7.jpg,animal fish,256,256,JPEG
C:/Users/conta/OneDrive/Desktop/Multiclass/data/train\animal fish\CLIILG2LBP69.jpg,animal fish,256,256,JPEG
C:/Users/conta/OneDrive/Desktop/Multiclass/data/train\animal fish\CMEY4SXL4WW4.jpg,animal fish,256,256,JPEG
C:/Users/conta/OneDrive/Desktop/Multiclass/data/train\animal fish\CNS4TL96O5V7.jpg,animal fish,256,256,JPEG
C:/Users/conta/OneDrive/Desktop/Multiclass/data/train\animal fish\CPUTL3ZTIF95.jpg,animal fish,256,256,JPEG
C:/Users/conta/OneDrive/Desktop/Multiclass/data/train\animal fish\CQHTH2YYO45J.jpg,animal fish,256,256,JPEG
C:/Users/conta/OneDrive/Desktop/Multiclass/data/train\animal fish\CRT7RLLACDD7.jpg,animal fish,256,256,JPEG
C:/Users/conta/OneDrive/Desktop/Multiclass/data/train\animal fish\CSGY93OOZ8RK.jpg,animal fish,256,256,JPEG
C:/Users/conta/OneDrive/Desktop/Multiclass/data/train\animal fish\CWEWZAFDEU35.jpg,animal fish,256,256,JPEG
C:/Users/conta/OneDrive/Desktop/Multiclass/data/train\animal fish\CWGPI4JBNE19.jpg,animal fish,256,256,JPEG
C:/Users/conta/OneDrive/Desktop/Multiclass/data/train\animal fish\CWXCTU92N5LB.jpg,animal fish,256,256,JPEG
C:/Users/conta/OneDrive/Desktop/Multiclass/data/train\animal fish\CWYZ67R9C7C7.jpg,animal fish,256,256,JPEG
C:/Users/conta/OneDrive/Desktop/Multiclass/data/train\animal fish\D1M7BSRLGX9A.jpg,animal fish,256,256,JPEG
C:/Users/conta/OneDrive/Desktop/Multiclass/data/train\animal fish\D2KKP44IL6G0.jpg,animal fish,256,256,JPEG
C:/Users/conta/OneDrive/Desktop/Multiclass/data/train\animal fish\D38PVPP3PMTB.jpg,animal fish,256,256,JPEG
C:/Users/conta/OneDrive/Desktop/Multiclass/data/train\animal fish\D3B8HCO5CYFU.jpg,animal fish,256,256,JPEG
C:/Users/conta/OneDrive/Desktop/Multiclass/data/train\animal fish\D4HBJZR7K2JL.jpg,animal fish,256,256,JPEG
C:/Users/conta/OneDrive/Desktop/Multiclass/data/train\animal fish\D4IWDHT104HS.jpg,animal fish,256,256,JPEG
C:/Users/conta/OneDrive/Desktop/Multiclass/data/train\animal fish\D545CMYGE9JB.jpg,animal fish,256,256,JPEG
C:/Users/conta/OneDrive/Desktop/Multiclass/data/train\animal fish\D5G5WX8NBAII.jpg,animal fish,256,256,JPEG
C:/Users/conta/OneDrive/Desktop/Multiclass/data/train\animal fish\D5Z0KSB4UNZB.jpg,animal fish,256,256,JPEG
C:/Users/conta/OneDrive/Desktop/Multiclass/data/train\animal fish\D6CKKRUT0IYS.jpg,animal fish,256,256,JPEG
C:/Users/conta/OneDrive/Desktop/Multiclass/data/train\animal fish\D7CEPD4Y8JPC.jpg,animal fish,256,256,JPEG
C:/Users/conta/OneDrive/Desktop/Multiclass/data/train\animal fish\D91YTVSUUHFG.jpg,animal fish,256,256,JPEG
C:/Users/conta/OneDrive/Desktop/Multiclass/data/train\animal fish\D9PUZROBK92A.jpg,animal fish,256,256,JPEG
C:/Users/conta/OneDrive/Desktop/Multiclass/data/train\animal fish\DAM07VYZMVOT.jpg,animal fish,256,256,JPEG
C:/Users/conta/OneDrive/Desktop/Multiclass/data/train\animal fish\DAVNLKMFFDN5.jpg,animal fish,256,256,JPEG
C:/Users/conta/OneDrive/Desktop/Multiclass/data/train\animal fish\DBG46Z6C3N6U.jpg,animal fish,256,256,JPEG
C:/Users/conta/OneDrive/Desktop/Multiclass/data/train\animal fish\DDG220588J8N.jpg,animal fish,256,256,JPEG
C:/Users/conta/OneDrive/Desktop/Multiclass/data/train\animal fish\DFUY6B2XPLWW.jpg,animal fish,256,256,JPEG
C:/Users/conta/OneDrive/Desktop/Multiclass/data/train\animal fish\DGR0G996XSM9.jpg,animal fish,256,256,JPEG
C:/Users/conta/OneDrive/Desktop/Multiclass/data/train\animal fish\DHCHM9FGSFB7.jpg,animal fish,256,256,JPEG
C:/Users/conta/OneDrive/Desktop/Multiclass/data/train\animal fish\DJT82QT61IS9.jpg,animal fish,256,256,JPEG
C:/Users/conta/OneDrive/Desktop/Multiclass/data/train\animal fish\DJYMPAR8IA88.jpg,animal fish,256,256,JPEG
C:/Users/conta/OneDrive/Desktop/Multiclass/data/train\animal fish\DK1DQ302FS65.jpg,animal fish,256,256,JPEG
C:/Users/conta/OneDrive/Desktop/Multiclass/data/train\animal fish\DOJTFG4WQ2ZL.jpg,animal fish,256,256,JPEG
C:/Users/conta/OneDrive/Desktop/Multiclass/data/train\animal fish\DQLI0NWLOBO1.jpg,animal fish,256,256,JPEG
C:/Users/conta/OneDrive/Desktop/Multiclass/data/train\animal fish\DR30B5HY0UIF.jpg,animal fish,256,256,JPEG
C:/Users/conta/OneDrive/Desktop/Multiclass/data/train\animal fish\DRTI4PPDQZYJ.jpg,animal fish,256,256,JPEG
C:/Users/conta/OneDrive/Desktop/Multiclass/data/train\animal fish\DVTGZ9P5GCGT.jpg,animal fish,256,256,JPEG
C:/Users/conta/OneDrive/Desktop/Multiclass/data/train\animal fish\DVYAG88E8QA5.jpg,animal fish,256,256,JPEG
C:/Users/conta/OneDrive/Desktop/Multiclass/data/train\animal fish\E0RJPCOPHK3A.jpg,animal fish,256,256,JPEG
C:/Users/conta/OneDrive/Desktop/Multiclass/data/train\animal fish\E0RO9T2Z9U9O.jpg,animal fish,256,256,JPEG
C:/Users/conta/OneDrive/Desktop/Multiclass/data/train\animal fish\E1HR28PR62ME.jpg,animal fish,256,256,JPEG
C:/Users/conta/OneDrive/Desktop/Multiclass/data/train\animal fish\E220RD87W0TS.jpg,animal fish,256,256,JPEG
C:/Users/conta/OneDrive/Desktop/Multiclass/data/train\animal fish\E2B887DXCGRB.jpg,animal fish,256,256,JPEG
C:/Users/conta/OneDrive/Desktop/Multiclass/data/train\animal fish\E3F5UYG72KDN.jpg,animal fish,256,256,JPEG
C:/Users/conta/OneDrive/Desktop/Multiclass/data/train\animal fish\E46BSKIK4VAH.jpg,animal fish,256,256,JPEG
C:/Users/conta/OneDrive/Desktop/Multiclass/data/train\animal fish\E4H5F1V3L1AO.jpg,animal fish,256,256,JPEG
C:/Users/conta/OneDrive/Desktop/Multiclass/data/train\animal fish\E4R66224G4SS.jpg,animal fish,256,256,JPEG
C:/Users/conta/OneDrive/Desktop/Multiclass/data/train\animal fish\E5HFGEW28FDY.jpg,animal fish,256,256,JPEG
C:/Users/conta/OneDrive/Desktop/Multiclass/data/train\animal fish\E7U0D72FREQU.jpg,animal fish,256,256,JPEG
C:/Users/conta/OneDrive/Desktop/Multiclass/data/train\animal fish\EDTV762JCLLC.jpg,animal fish,256,256,JPEG
C:/Users/conta/OneDrive/Desktop/Multiclass/data/train\animal fish\EEKUEZY6BKHD.jpg,animal fish,256,256,JPEG
C:/Users/conta/OneDrive/Desktop/Multiclass/data/train\animal fish\EERSDA1GIJS0.jpg,animal fish,256,256,JPEG
C:/Users/conta/OneDrive/Desktop/Multiclass/data/train\animal fish\EETCUTVH5EOO.jpg,animal fish,256,256,JPEG
C:/Users/conta/OneDrive/Desktop/Multiclass/data/train\animal fish\EFOVD95ELARC.jpg,animal fish,256,256,JPEG
C:/Users/conta/OneDrive/Desktop/Multiclass/data/train\animal fish\EG66TGWRMZDI.jpg,animal fish,256,256,JPEG
C:/Users/conta/OneDrive/Desktop/Multiclass/data/train\animal fish\EHSX2DAFWEH0.jpg,animal fish,256,256,JPEG
C:/Users/conta/OneDrive/Desktop/Multiclass/data/train\animal fish\EIRJAPNFZWZ2.jpg,animal fish,256,256,JPEG
C:/Users/conta/OneDrive/Desktop/Multiclass/data/train\animal fish\EJ7E54KSZ9VF.jpg,animal fish,256,256,JPEG
C:/Users/conta/OneDrive/Desktop/Multiclass/data/train\animal fish\EMBKY261XLHI.jpg,animal fish,256,256,JPEG
C:/Users/conta/OneDrive/Desktop/Multiclass/data/train\animal fish\EMOEUB6K2DQY.jpg,animal fish,256,256,JPEG
C:/Users/conta/OneDrive/Desktop/Multiclass/data/train\animal fish\ENY8DNOTP40J.jpg,animal fish,256,256,JPEG
C:/Users/conta/OneDrive/Desktop/Multiclass/data/train\animal fish\EQ2PERC1YJ72.jpg,animal fish,256,256,JPEG
C:/Users/conta/OneDrive/Desktop/Multiclass/data/train\animal fish\ER3WPN68X9KQ.jpg,animal fish,256,256,JPEG
C:/Users/conta/OneDrive/Desktop/Multiclass/data/train\animal fish\ETKKP3A9DH5J.jpg,animal fish,256,256,JPEG
C:/Users/conta/OneDrive/Desktop/Multiclass/data/train\animal fish\EUT7IBNJRZ9H.jpg,animal fish,256,256,JPEG
C:/Users/conta/OneDrive/Desktop/Multiclass/data/train\animal fish\EW9IS70IQJD7.jpg,animal fish,256,256,JPEG
C:/Users/conta/OneDrive/Desktop/Multiclass/data/train\animal fish\EWFBFUR4QCNK.jpg,animal fish,256,256,JPEG
C:/Users/conta/OneDrive/Desktop/Multiclass/data/train\animal fish\EWHTXIHHY702.jpg,animal fish,256,256,JPEG
C:/Users/conta/OneDrive/Desktop/Multiclass/data/train\animal fish\EY5ZJNT15IJM.jpg,animal fish,256,256,JPEG
C:/Users/conta/OneDrive/Desktop/Multiclass/data/train\animal fish\EZ13S1J6HJN0.jpg,animal fish,256,256,JPEG
C:/Users/conta/OneDrive/Desktop/Multiclass/data/train\animal fish\EZ4SF7970J8E.jpg,animal fish,256,256,JPEG
C:/Users/conta/OneDrive/Desktop/Multiclass/data/train\animal fish\F0RVL50722WS.jpg,animal fish,256,256,JPEG
C:/Users/conta/OneDrive/Desktop/Multiclass/data/train\animal fish\F145BVJWCNOJ.jpg,animal fish,256,256,JPEG
C:/Users/conta/OneDrive/Desktop/Multiclass/data/train\animal fish\F23QECYB7SD5.jpg,animal fish,256,256,JPEG
C:/Users/conta/OneDrive/Desktop/Multiclass/data/train\animal fish\F2FKT83AP4F2.jpg,animal fish,256,256,JPEG
C:/Users/conta/OneDrive/Desktop/Multiclass/data/train\animal fish\F6978OU516JR.jpg,animal fish,256,256,JPEG
C:/Users/conta/OneDrive/Desktop/Multiclass/data/train\animal fish\F8MZRCGJ8QTE.jpg,animal fish,256,256,JPEG
C:/Users/conta/OneDrive/Desktop/Multiclass/data/train\animal fish\F96LW8NGQ8WX.jpg,animal fish,256,256,JPEG
C:/Users/conta/OneDrive/Desktop/Multiclass/data/train\animal fish\F9G8AKRFT3CQ.jpg,animal fish,256,256,JPEG
C:/Users/conta/OneDrive/Desktop/Multiclass/data/train\animal fish\F9ZGORXNWSNZ.jpg,animal fish,256,256,JPEG
C:/Users/conta/OneDrive/Desktop/Multiclass/data/train\animal fish\FB3JVTILZ3ZX.jpg,animal fish,256,256,JPEG
C:/Users/conta/OneDrive/Desktop/Multiclass/data/train\animal fish\FC2UOMMCXROI.jpg,animal fish,256,256,JPEG
C:/Users/conta/OneDrive/Desktop/Multiclass/data/train\animal fish\FCDU2CK2FFIG.jpg,animal fish,256,256,JPEG
C:/Users/conta/OneDrive/Desktop/Multiclass/data/train\animal fish\FCP1ZOB1OPSD.jpg,animal fish,256,256,JPEG
C:/Users/conta/OneDrive/Desktop/Multiclass/data/train\animal fish\FE0JY97BGCRT.jpg,animal fish,256,256,JPEG
C:/Users/conta/OneDrive/Desktop/Multiclass/data/train\animal fish\FEXS86P3X4C9.jpg,animal fish,256,256,JPEG
C:/Users/conta/OneDrive/Desktop/Multiclass/data/train\animal fish\FF4L9K8A7JD3.jpg,animal fish,256,256,JPEG
C:/Users/conta/OneDrive/Desktop/Multiclass/data/train\animal fish\FGHEZNTIZO3H.jpg,animal fish,256,256,JPEG
C:/Users/conta/OneDrive/Desktop/Multiclass/data/train\animal fish\FHTNOEQPV3KD.jpg,animal fish,256,256,JPEG
C:/Users/conta/OneDrive/Desktop/Multiclass/data/train\animal fish\FIKR65WNMG3Y.jpg,animal fish,256,256,JPEG
C:/Users/conta/OneDrive/Desktop/Multiclass/data/train\animal fish\FIXYVVTOV73Z.jpg,animal fish,256,256,JPEG
C:/Users/conta/OneDrive/Desktop/Multiclass/data/train\animal fish\FJBRT2K7G1JY.jpg,animal fish,256,256,JPEG
C:/Users/conta/OneDrive/Desktop/Multiclass/data/train\animal fish\FJNEVTIM1DFA.jpg,animal fish,256,256,JPEG
C:/Users/conta/OneDrive/Desktop/Multiclass/data/train\animal fish\FKFX2CTJOUYM.jpg,animal fish,256,256,JPEG
C:/Users/conta/OneDrive/Desktop/Multiclass/data/train\animal fish\FNW3S2R6FB4K.jpg,animal fish,256,256,JPEG
C:/Users/conta/OneDrive/Desktop/Multiclass/data/train\animal fish\FNXRLAOPKXQP.jpg,animal fish,256,256,JPEG
C:/Users/conta/OneDrive/Desktop/Multiclass/data/train\animal fish\FQ2W0MHNU5L6.jpg,animal fish,256,256,JPEG
C:/Users/conta/OneDrive/Desktop/Multiclass/data/train\animal fish\FT64TOZFME8H.jpg,animal fish,256,256,JPEG
C:/Users/conta/OneDrive/Desktop/Multiclass/data/train\animal fish\FTBJMFMOPG2S.jpg,animal fish,256,256,JPEG
C:/Users/conta/OneDrive/Desktop/Multiclass/data/train\animal fish\FV8NNDOMC7XD.jpg,animal fish,256,256,JPEG
C:/Users/conta/OneDrive/Desktop/Multiclass/data/train\animal fish\FVCOR7JOVAK4.jpg,animal fish,256,256,JPEG
C:/Users/conta/OneDrive/Desktop/Multiclass/data/train\animal fish\FW6NKYSFK22J.jpg,animal fish,256,256,JPEG
C:/Users/conta/OneDrive/Desktop/Multiclass/data/train\animal fish\FY6GFDRMR66Y.jpg,animal fish,256,256,JPEG
C:/Users/conta/OneDrive/Desktop/Multiclass/data/train\animal fish\FZGZL0GDGAL9.jpg,animal fish,256,256,JPEG
C:/Users/conta/OneDrive/Desktop/Multiclass/data/train\animal fish\G0YL8OJDKV4X.jpg,animal fish,256,256,JPEG
C:/Users/conta/OneDrive/Desktop/Multiclass/data/train\animal fish\G5NQPQQNTGJX.jpg,animal fish,256,256,JPEG
C:/Users/conta/OneDrive/Desktop/Multiclass/data/train\animal fish\G6EU4J32F4V1.jpg,animal fish,256,256,JPEG
C:/Users/conta/OneDrive/Desktop/Multiclass/data/train\animal fish\G84YV4SUNJU3.jpg,animal fish,256,256,JPEG
C:/Users/conta/OneDrive/Desktop/Multiclass/data/train\animal fish\G8GHFMOQSHIH.jpg,animal fish,256,256,JPEG
C:/Users/conta/OneDrive/Desktop/Multiclass/data/train\animal fish\G91S32VJJL55.jpg,animal fish,256,256,JPEG
C:/Users/conta/OneDrive/Desktop/Multiclass/data/train\animal fish\GBRCAFNQI3CH.jpg,animal fish,256,256,JPEG
C:/Users/conta/OneDrive/Desktop/Multiclass/data/train\animal fish\GEE81UBKI5MB.jpg,animal fish,256,256,JPEG
C:/Users/conta/OneDrive/Desktop/Multiclass/data/train\animal fish\GFTHK50OFMQ4.jpg,animal fish,256,256,JPEG
C:/Users/conta/OneDrive/Desktop/Multiclass/data/train\animal fish\GGN4REG7GDGH.jpg,animal fish,256,256,JPEG
C:/Users/conta/OneDrive/Desktop/Multiclass/data/train\animal fish\GH3LZLIV4S7I.jpg,animal fish,256,256,JPEG
C:/Users/conta/OneDrive/Desktop/Multiclass/data/train\animal fish\GJXWHVD7AWFT.jpg,animal fish,256,256,JPEG
C:/Users/conta/OneDrive/Desktop/Multiclass/data/train\animal fish\GLAA1FK1GQ8K.jpg,animal fish,256,256,JPEG
C:/Users/conta/OneDrive/Desktop/Multiclass/data/train\animal fish\GN5MKEW4HNMC.jpg,animal fish,256,256,JPEG
C:/Users/conta/OneDrive/Desktop/Multiclass/data/train\animal fish\GNQAJLESA6SM.jpg,animal fish,256,256,JPEG
C:/Users/conta/OneDrive/Desktop/Multiclass/data/train\animal fish\GNZMORI6OW9C.jpg,animal fish,256,256,JPEG
C:/Users/conta/OneDrive/Desktop/Multiclass/data/train\animal fish\GP6PT57DC04T.jpg,animal fish,256,256,JPEG
C:/Users/conta/OneDrive/Desktop/Multiclass/data/train\animal fish\GRUZVP3HM8AU.jpg,animal fish,256,256,JPEG
C:/Users/conta/OneDrive/Desktop/Multiclass/data/train\animal fish\GSXHLQZDT2IH.jpg,animal fish,256,256,JPEG
C:/Users/conta/OneDrive/Desktop/Multiclass/data/train\animal fish\GT2KAAYQMSPI.jpg,animal fish,256,256,JPEG
C:/Users/conta/OneDrive/Desktop/Multiclass/data/train\animal fish\GUQ39LN532V8.jpg,animal fish,256,256,JPEG
C:/Users/conta/OneDrive/Desktop/Multiclass/data/train\animal fish\GWERCLL5M1D2.jpg,animal fish,256,256,JPEG
C:/Users/conta/OneDrive/Desktop/Multiclass/data/train\animal fish\GXQ0LL2ROBRP.jpg,animal fish,256,256,JPEG
C:/Users/conta/OneDrive/Desktop/Multiclass/data/train\animal fish\GYG2WFNBPUBT.jpg,animal fish,256,256,JPEG
C:/Users/conta/OneDrive/Desktop/Multiclass/data/train\animal fish\H13WVR25JIQU.jpg,animal fish,256,256,JPEG
C:/Users/conta/OneDrive/Desktop/Multiclass/data/train\animal fish\H26JRS6E0SEQ.jpg,animal fish,256,256,JPEG
C:/Users/conta/OneDrive/Desktop/Multiclass/data/train\animal fish\H44RL1DZ7V6N.jpg,animal fish,256,256,JPEG
C:/Users/conta/OneDrive/Desktop/Multiclass/data/train\animal fish\H4RF57GF8FH7.jpg,animal fish,256,256,JPEG
C:/Users/conta/OneDrive/Desktop/Multiclass/data/train\animal fish\H82TETNQSRYV.jpg,animal fish,256,256,JPEG
C:/Users/conta/OneDrive/Desktop/Multiclass/data/train\animal fish\HC0GL1WTT9CE.jpg,animal fish,256,256,JPEG
C:/Users/conta/OneDrive/Desktop/Multiclass/data/train\animal fish\HDDOGD1MJ52B.jpg,animal fish,256,256,JPEG
C:/Users/conta/OneDrive/Desktop/Multiclass/data/train\animal fish\HEGEVY2H133G.jpg,animal fish,256,256,JPEG
C:/Users/conta/OneDrive/Desktop/Multiclass/data/train\animal fish\HGN7I84BMFJG.jpg,animal fish,256,256,JPEG
C:/Users/conta/OneDrive/Desktop/Multiclass/data/train\animal fish\HHLC4UX3KK4W.jpg,animal fish,256,256,JPEG
C:/Users/conta/OneDrive/Desktop/Multiclass/data/train\animal fish\HJEHRTTRU05V.jpg,animal fish,256,256,JPEG
C:/Users/conta/OneDrive/Desktop/Multiclass/data/train\animal fish\HKIY6HNF25UZ.jpg,animal fish,256,256,JPEG
C:/Users/conta/OneDrive/Desktop/Multiclass/data/train\animal fish\HN89FT5VKANN.jpg,animal fish,256,256,JPEG
C:/Users/conta/OneDrive/Desktop/Multiclass/data/train\animal fish\HNESXTDS7X4F.jpg,animal fish,256,256,JPEG
C:/Users/conta/OneDrive/Desktop/Multiclass/data/train\animal fish\HO5VQZ5I9GMS.jpg,animal fish,256,256,JPEG
C:/Users/conta/OneDrive/Desktop/Multiclass/data/train\animal fish\HOSTO5O9YKN2.jpg,animal fish,256,256,JPEG
C:/Users/conta/OneDrive/Desktop/Multiclass/data/train\animal fish\HPKZ7F23T4X8.jpg,animal fish,256,256,JPEG
C:/Users/conta/OneDrive/Desktop/Multiclass/data/train\animal fish\HPSJOP4W2V9E.jpg,animal fish,256,256,JPEG
C:/Users/conta/OneDrive/Desktop/Multiclass/data/train\animal fish\HQAVQFG7RURL.jpg,animal fish,256,256,JPEG
C:/Users/conta/OneDrive/Desktop/Multiclass/data/train\animal fish\HRHG6FNANMYQ.jpg,animal fish,256,256,JPEG
C:/Users/conta/OneDrive/Desktop/Multiclass/data/train\animal fish\HTDU5AL1W2OF.jpg,animal fish,256,256,JPEG
C:/Users/conta/OneDrive/Desktop/Multiclass/data/train\animal fish\HV6R8UNQRU9X.jpg,animal fish,256,256,JPEG
C:/Users/conta/OneDrive/Desktop/Multiclass/data/train\animal fish\HXIDGX4JVIRK.jpg,animal fish,256,256,JPEG
C:/Users/conta/OneDrive/Desktop/Multiclass/data/train\animal fish\HY26KSOV4FB0.jpg,animal fish,256,256,JPEG
C:/Users/conta/OneDrive/Desktop/Multiclass/data/train\animal fish\HYDCC89MDXXU.jpg,animal fish,256,256,JPEG
C:/Users/conta/OneDrive/Desktop/Multiclass/data/train\animal fish\I0P13Y65MHI8.jpg,animal fish,256,256,JPEG
C:/Users/conta/OneDrive/Desktop/Multiclass/data/train\animal fish\I6P814MSO1HT.jpg,animal fish,256,256,JPEG
C:/Users/conta/OneDrive/Desktop/Multiclass/data/train\animal fish\I6Q8PW3IRBSY.jpg,animal fish,256,256,JPEG
C:/Users/conta/OneDrive/Desktop/Multiclass/data/train\animal fish\I6Y5CY07RVYU.jpg,animal fish,256,256,JPEG
C:/Users/conta/OneDrive/Desktop/Multiclass/data/train\animal fish\I86WVDX0YA2S.jpg,animal fish,256,256,JPEG
C:/Users/conta/OneDrive/Desktop/Multiclass/data/train\animal fish\I8XXO6SPVXI8.jpg,animal fish,256,256,JPEG
C:/Users/conta/OneDrive/Desktop/Multiclass/data/train\animal fish\I9NKJKTIVYD1.jpg,animal fish,256,256,JPEG
C:/Users/conta/OneDrive/Desktop/Multiclass/data/train\animal fish\IB4446TKLOFU.jpg,animal fish,256,256,JPEG
C:/Users/conta/OneDrive/Desktop/Multiclass/data/train\animal fish\IBBU114CHRZY.jpg,animal fish,256,256,JPEG
C:/Users/conta/OneDrive/Desktop/Multiclass/data/train\animal fish\IBJEITL8RLB3.jpg,animal fish,256,256,JPEG
C:/Users/conta/OneDrive/Desktop/Multiclass/data/train\animal fish\IC2XNSOD5YBG.jpg,animal fish,256,256,JPEG
C:/Users/conta/OneDrive/Desktop/Multiclass/data/train\animal fish\IDS4U57O0VNQ.jpg,animal fish,256,256,JPEG
C:/Users/conta/OneDrive/Desktop/Multiclass/data/train\animal fish\IF6ECW8X6ZRT.jpg,animal fish,256,256,JPEG
C:/Users/conta/OneDrive/Desktop/Multiclass/data/train\animal fish\IG7D4JOXBIR4.jpg,animal fish,256,256,JPEG
C:/Users/conta/OneDrive/Desktop/Multiclass/data/train\animal fish\IH36S2KJM2NO.jpg,animal fish,256,256,JPEG
C:/Users/conta/OneDrive/Desktop/Multiclass/data/train\animal fish\IHJWE0NFR4VN.jpg,animal fish,256,256,JPEG
C:/Users/conta/OneDrive/Desktop/Multiclass/data/train\animal fish\IIP1SAD93EPQ.jpg,animal fish,256,256,JPEG
C:/Users/conta/OneDrive/Desktop/Multiclass/data/train\animal fish\IIT6ESBHOOV9.jpg,animal fish,256,256,JPEG
C:/Users/conta/OneDrive/Desktop/Multiclass/data/train\animal fish\IJPPEDA7W4YW.jpg,animal fish,256,256,JPEG
C:/Users/conta/OneDrive/Desktop/Multiclass/data/train\animal fish\IMUM0N3F2HX7.jpg,animal fish,256,256,JPEG
C:/Users/conta/OneDrive/Desktop/Multiclass/data/train\animal fish\IOWKSGTPF30P.jpg,animal fish,256,256,JPEG
C:/Users/conta/OneDrive/Desktop/Multiclass/data/train\animal fish\IQQQ5E8YIG0D.jpg,animal fish,256,256,JPEG
C:/Users/conta/OneDrive/Desktop/Multiclass/data/train\animal fish\IRJ59CCIE2AJ.jpg,animal fish,256,256,JPEG
C:/Users/conta/OneDrive/Desktop/Multiclass/data/train\animal fish\IRLGRXDE8T9Y.jpg,animal fish,256,256,JPEG
C:/Users/conta/OneDrive/Desktop/Multiclass/data/train\animal fish\IS3FPLK5NQ7N.jpg,animal fish,256,256,JPEG
C:/Users/conta/OneDrive/Desktop/Multiclass/data/train\animal fish\ISOAHTFCZ3SH.jpg,animal fish,256,256,JPEG
C:/Users/conta/OneDrive/Desktop/Multiclass/data/train\animal fish\ITGA5BBTTI1A.jpg,animal fish,256,256,JPEG
C:/Users/conta/OneDrive/Desktop/Multiclass/data/train\animal fish\IU4I8DM2N85K.jpg,animal fish,256,256,JPEG
C:/Users/conta/OneDrive/Desktop/Multiclass/data/train\animal fish\IVGK4DOK53BQ.jpg,animal fish,256,256,JPEG
C:/Users/conta/OneDrive/Desktop/Multiclass/data/train\animal fish\IZJGEAL2RE5B.jpg,animal fish,256,256,JPEG
C:/Users/conta/OneDrive/Desktop/Multiclass/data/train\animal fish\J0DSRY0QN515.jpg,animal fish,256,256,JPEG
C:/Users/conta/OneDrive/Desktop/Multiclass/data/train\animal fish\J0LE7LS7B6JY.jpg,animal fish,256,256,JPEG
C:/Users/conta/OneDrive/Desktop/Multiclass/data/train\animal fish\J11I5EVAEZPK.jpg,animal fish,256,256,JPEG
C:/Users/conta/OneDrive/Desktop/Multiclass/data/train\animal fish\J1N9OJTCN5AJ.jpg,animal fish,256,256,JPEG
C:/Users/conta/OneDrive/Desktop/Multiclass/data/train\animal fish\J6COVW9WWGE3.jpg,animal fish,256,256,JPEG
C:/Users/conta/OneDrive/Desktop/Multiclass/data/train\animal fish\JDBIDIW1Y11A.jpg,animal fish,256,256,JPEG
C:/Users/conta/OneDrive/Desktop/Multiclass/data/train\animal fish\JFFT3YBQD6WN.jpg,animal fish,256,256,JPEG
C:/Users/conta/OneDrive/Desktop/Multiclass/data/train\animal fish\JFNHPDWA71VK.jpg,animal fish,256,256,JPEG
C:/Users/conta/OneDrive/Desktop/Multiclass/data/train\animal fish\JIW4CUCVNOOY.jpg,animal fish,256,256,JPEG
C:/Users/conta/OneDrive/Desktop/Multiclass/data/train\animal fish\JLGS360M8GGJ.jpg,animal fish,256,256,JPEG
C:/Users/conta/OneDrive/Desktop/Multiclass/data/train\animal fish\JLZ0YQGCDIRL.jpg,animal fish,256,256,JPEG
C:/Users/conta/OneDrive/Desktop/Multiclass/data/train\animal fish\JM6KEASIY430.jpg,animal fish,256,256,JPEG
C:/Users/conta/OneDrive/Desktop/Multiclass/data/train\animal fish\JMYLQQUWUODN.jpg,animal fish,256,256,JPEG
C:/Users/conta/OneDrive/Desktop/Multiclass/data/train\animal fish\JMZVYJIZSCX0.jpg,animal fish,256,256,JPEG
C:/Users/conta/OneDrive/Desktop/Multiclass/data/train\animal fish\JOLGM1DCVMJN.jpg,animal fish,256,256,JPEG
C:/Users/conta/OneDrive/Desktop/Multiclass/data/train\animal fish\JRAUAJCTRHI7.jpg,animal fish,256,256,JPEG
C:/Users/conta/OneDrive/Desktop/Multiclass/data/train\animal fish\JTQAXQ6BX9V3.jpg,animal fish,256,256,JPEG
C:/Users/conta/OneDrive/Desktop/Multiclass/data/train\animal fish\JU5HYDGPS0CY.jpg,animal fish,256,256,JPEG
C:/Users/conta/OneDrive/Desktop/Multiclass/data/train\animal fish\JWBV5B85CMUB.jpg,animal fish,256,256,JPEG
C:/Users/conta/OneDrive/Desktop/Multiclass/data/train\animal fish\JWYBPQ5J5VIF.jpg,animal fish,256,256,JPEG
C:/Users/conta/OneDrive/Desktop/Multiclass/data/train\animal fish\JXJG54ISGX6P.jpg,animal fish,256,256,JPEG
C:/Users/conta/OneDrive/Desktop/Multiclass/data/train\animal fish\JZKR78ZP9JQU.jpg,animal fish,256,256,JPEG
C:/Users/conta/OneDrive/Desktop/Multiclass/data/train\animal fish\JZQ75Q9EHEEQ.jpg,animal fish,256,256,JPEG
C:/Users/conta/OneDrive/Desktop/Multiclass/data/train\animal fish\K0JUOI52RGJX.jpg,animal fish,256,256,JPEG
C:/Users/conta/OneDrive/Desktop/Multiclass/data/train\animal fish\K401HP7UURUJ.jpg,animal fish,256,256,JPEG
C:/Users/conta/OneDrive/Desktop/Multiclass/data/train\animal fish\K6UQE67U0A8D.jpg,animal fish,256,256,JPEG
C:/Users/conta/OneDrive/Desktop/Multiclass/data/train\animal fish\K9FF8DH5SABD.jpg,animal fish,256,256,JPEG
C:/Users/conta/OneDrive/Desktop/Multiclass/data/train\animal fish\KCGM2NQO7NHZ.jpg,animal fish,256,256,JPEG
C:/Users/conta/OneDrive/Desktop/Multiclass/data/train\animal fish\KDK891CTBEG4.jpg,animal fish,256,256,JPEG
C:/Users/conta/OneDrive/Desktop/Multiclass/data/train\animal fish\KECRGDKS6U8G.jpg,animal fish,256,256,JPEG
C:/Users/conta/OneDrive/Desktop/Multiclass/data/train\animal fish\KGFJEW625H2Z.jpg,animal fish,256,256,JPEG
C:/Users/conta/OneDrive/Desktop/Multiclass/data/train\animal fish\KGXX5UQDIWBW.jpg,animal fish,256,256,JPEG
C:/Users/conta/OneDrive/Desktop/Multiclass/data/train\animal fish\KHNLR3DW0ET4.jpg,animal fish,256,256,JPEG
C:/Users/conta/OneDrive/Desktop/Multiclass/data/train\animal fish\KHVXHQ120F8V.jpg,animal fish,256,256,JPEG
C:/Users/conta/OneDrive/Desktop/Multiclass/data/train\animal fish\KIMTPDM0JFJT.jpg,animal fish,256,256,JPEG
C:/Users/conta/OneDrive/Desktop/Multiclass/data/train\animal fish\KJM61WAG4X2L.jpg,animal fish,256,256,JPEG
C:/Users/conta/OneDrive/Desktop/Multiclass/data/train\animal fish\KKABZD4ESLCC.jpg,animal fish,256,256,JPEG
C:/Users/conta/OneDrive/Desktop/Multiclass/data/train\animal fish\KMZJKVPFDPTD.jpg,animal fish,256,256,JPEG
C:/Users/conta/OneDrive/Desktop/Multiclass/data/train\animal fish\KN9YCUIMRTSF.jpg,animal fish,256,256,JPEG
C:/Users/conta/OneDrive/Desktop/Multiclass/data/train\animal fish\KNOBASJAF57O.jpg,animal fish,256,256,JPEG
C:/Users/conta/OneDrive/Desktop/Multiclass/data/train\animal fish\KNXC7NXHS2B2.jpg,animal fish,256,256,JPEG
C:/Users/conta/OneDrive/Desktop/Multiclass/data/train\animal fish\KOMFPSIO6UGV.jpg,animal fish,256,256,JPEG
C:/Users/conta/OneDrive/Desktop/Multiclass/data/train\animal fish\KQN2HH1UUQTI.jpg,animal fish,256,256,JPEG
C:/Users/conta/OneDrive/Desktop/Multiclass/data/train\animal fish\KRDQVZU2WKWO.jpg,animal fish,256,256,JPEG
C:/Users/conta/OneDrive/Desktop/Multiclass/data/train\animal fish\KRTL6R13RNGD.jpg,animal fish,256,256,JPEG
C:/Users/conta/OneDrive/Desktop/Multiclass/data/train\animal fish\KTLEDDS2N7M5.jpg,animal fish,256,256,JPEG
C:/Users/conta/OneDrive/Desktop/Multiclass/data/train\animal fish\KTNB3YZHP42W.jpg,animal fish,256,256,JPEG
C:/Users/conta/OneDrive/Desktop/Multiclass/data/train\animal fish\KU8IDB6IGDHU.jpg,animal fish,256,256,JPEG
C:/Users/conta/OneDrive/Desktop/Multiclass/data/train\animal fish\KUOC4A3W749J.jpg,animal fish,256,256,JPEG
C:/Users/conta/OneDrive/Desktop/Multiclass/data/train\animal fish\KUR6KFM9PH99.jpg,animal fish,256,256,JPEG
C:/Users/conta/OneDrive/Desktop/Multiclass/data/train\animal fish\KXSK5PFM2ZGM.jpg,animal fish,256,256,JPEG
C:/Users/conta/OneDrive/Desktop/Multiclass/data/train\animal fish\KY4ZP038BZDR.jpg,animal fish,256,256,JPEG
C:/Users/conta/OneDrive/Desktop/Multiclass/data/train\animal fish\L1P2OWKBHPPV.jpg,animal fish,256,256,JPEG
C:/Users/conta/OneDrive/Desktop/Multiclass/data/train\animal fish\L2HTA68T9A86.jpg,animal fish,256,256,JPEG
C:/Users/conta/OneDrive/Desktop/Multiclass/data/train\animal fish\L2ZHKBIZHV8S.jpg,animal fish,256,256,JPEG
C:/Users/conta/OneDrive/Desktop/Multiclass/data/train\animal fish\L4TAT8RB64GQ.jpg,animal fish,256,256,JPEG
C:/Users/conta/OneDrive/Desktop/Multiclass/data/train\animal fish\L5BLXB4OCG3N.jpg,animal fish,256,256,JPEG
C:/Users/conta/OneDrive/Desktop/Multiclass/data/train\animal fish\L67F5DX0PPEM.jpg,animal fish,256,256,JPEG
C:/Users/conta/OneDrive/Desktop/Multiclass/data/train\animal fish\L6FAU5SEXC8K.jpg,animal fish,256,256,JPEG
C:/Users/conta/OneDrive/Desktop/Multiclass/data/train\animal fish\L6ZU34M6IM16.jpg,animal fish,256,256,JPEG
C:/Users/conta/OneDrive/Desktop/Multiclass/data/train\animal fish\L7JZWBNF3DIC.jpg,animal fish,256,256,JPEG
C:/Users/conta/OneDrive/Desktop/Multiclass/data/train\animal fish\L7RFR00F0RG9.jpg,animal fish,256,256,JPEG
C:/Users/conta/OneDrive/Desktop/Multiclass/data/train\animal fish\L9FC7WELHTG1.jpg,animal fish,256,256,JPEG
C:/Users/conta/OneDrive/Desktop/Multiclass/data/train\animal fish\LDVKLO3I1ZSI.jpg,animal fish,256,256,JPEG
C:/Users/conta/OneDrive/Desktop/Multiclass/data/train\animal fish\LEMCVFJ41ES7.jpg,animal fish,256,256,JPEG
C:/Users/conta/OneDrive/Desktop/Multiclass/data/train\animal fish\LF0Q92F7FTF0.jpg,animal fish,256,256,JPEG
C:/Users/conta/OneDrive/Desktop/Multiclass/data/train\animal fish\LF7M9R0PIZ09.jpg,animal fish,256,256,JPEG
C:/Users/conta/OneDrive/Desktop/Multiclass/data/train\animal fish\LFXU7SE7N157.jpg,animal fish,256,256,JPEG
C:/Users/conta/OneDrive/Desktop/Multiclass/data/train\animal fish\LG6H3W9C31UJ.jpg,animal fish,256,256,JPEG
C:/Users/conta/OneDrive/Desktop/Multiclass/data/train\animal fish\LGBZXGGJ8ZB3.jpg,animal fish,256,256,JPEG
C:/Users/conta/OneDrive/Desktop/Multiclass/data/train\animal fish\LGCJ6D88644H.jpg,animal fish,256,256,JPEG
C:/Users/conta/OneDrive/Desktop/Multiclass/data/train\animal fish\LHP0YUHM9GMK.jpg,animal fish,256,256,JPEG
C:/Users/conta/OneDrive/Desktop/Multiclass/data/train\animal fish\LI52U084J403.jpg,animal fish,256,256,JPEG
C:/Users/conta/OneDrive/Desktop/Multiclass/data/train\animal fish\LK727Z2PZNN1.jpg,animal fish,256,256,JPEG
C:/Users/conta/OneDrive/Desktop/Multiclass/data/train\animal fish\LKVSYPJEWNVC.jpg,animal fish,256,256,JPEG
C:/Users/conta/OneDrive/Desktop/Multiclass/data/train\animal fish\LM46HYWSV8KD.jpg,animal fish,256,256,JPEG
C:/Users/conta/OneDrive/Desktop/Multiclass/data/train\animal fish\LM49HPUK7MEH.jpg,animal fish,256,256,JPEG
C:/Users/conta/OneDrive/Desktop/Multiclass/data/train\animal fish\LMPZCBAGVXRF.jpg,animal fish,256,256,JPEG
C:/Users/conta/OneDrive/Desktop/Multiclass/data/train\animal fish\LP891SLQENW6.jpg,animal fish,256,256,JPEG
C:/Users/conta/OneDrive/Desktop/Multiclass/data/train\animal fish\LQ4BDKNSWU4C.jpg,animal fish,256,256,JPEG
C:/Users/conta/OneDrive/Desktop/Multiclass/data/train\animal fish\LRSY0H8UGFI0.jpg,animal fish,256,256,JPEG
C:/Users/conta/OneDrive/Desktop/Multiclass/data/train\animal fish\LRZ4MEPEVAQI.jpg,animal fish,256,256,JPEG
C:/Users/conta/OneDrive/Desktop/Multiclass/data/train\animal fish\LVYULXBF56XD.jpg,animal fish,256,256,JPEG
C:/Users/conta/OneDrive/Desktop/Multiclass/data/train\animal fish\LWMXO23KVTUY.jpg,animal fish,256,256,JPEG
C:/Users/conta/OneDrive/Desktop/Multiclass/data/train\animal fish\LX08VGZH8EHV.jpg,animal fish,256,256,JPEG
C:/Users/conta/OneDrive/Desktop/Multiclass/data/train\animal fish\LX5JGAKFTZ0Y.jpg,animal fish,256,256,JPEG
C:/Users/conta/OneDrive/Desktop/Multiclass/data/train\animal fish\LZPLWXAMRODV.jpg,animal fish,256,256,JPEG
C:/Users/conta/OneDrive/Desktop/Multiclass/data/train\animal fish\M1GF6P2AX2LH.jpg,animal fish,256,256,JPEG
C:/Users/conta/OneDrive/Desktop/Multiclass/data/train\animal fish\M293PUVTH5FN.jpg,animal fish,256,256,JPEG
C:/Users/conta/OneDrive/Desktop/Multiclass/data/train\animal fish\M2CQI9LXM0HL.jpg,animal fish,256,256,JPEG
C:/Users/conta/OneDrive/Desktop/Multiclass/data/train\animal fish\M2EPL7G456LL.jpg,animal fish,256,256,JPEG
C:/Users/conta/OneDrive/Desktop/Multiclass/data/train\animal fish\M2K1Q7KJ4Z6Y.jpg,animal fish,256,256,JPEG
C:/Users/conta/OneDrive/Desktop/Multiclass/data/train\animal fish\M2WZLT48RTQ7.jpg,animal fish,256,256,JPEG
C:/Users/conta/OneDrive/Desktop/Multiclass/data/train\animal fish\M4P9VWA07UCP.jpg,animal fish,256,256,JPEG
C:/Users/conta/OneDrive/Desktop/Multiclass/data/train\animal fish\M6AZ01SWSF5E.jpg,animal fish,256,256,JPEG
C:/Users/conta/OneDrive/Desktop/Multiclass/data/train\animal fish\M7EAJAX9IWKQ.jpg,animal fish,256,256,JPEG
C:/Users/conta/OneDrive/Desktop/Multiclass/data/train\animal fish\M8Q9YDBYVECL.jpg,animal fish,256,256,JPEG
C:/Users/conta/OneDrive/Desktop/Multiclass/data/train\animal fish\M9BMJHTYMK1T.jpg,animal fish,256,256,JPEG
C:/Users/conta/OneDrive/Desktop/Multiclass/data/train\animal fish\M9RFFWJYVNIH.jpg,animal fish,256,256,JPEG
C:/Users/conta/OneDrive/Desktop/Multiclass/data/train\animal fish\MAQL6CBW5AVZ.jpg,animal fish,256,256,JPEG
C:/Users/conta/OneDrive/Desktop/Multiclass/data/train\animal fish\MBI5A92W99BR.jpg,animal fish,256,256,JPEG
C:/Users/conta/OneDrive/Desktop/Multiclass/data/train\animal fish\MCVRLRU606WQ.jpg,animal fish,256,256,JPEG
C:/Users/conta/OneDrive/Desktop/Multiclass/data/train\animal fish\ME7K4U38Z6V7.jpg,animal fish,256,256,JPEG
C:/Users/conta/OneDrive/Desktop/Multiclass/data/train\animal fish\MHSRU8RWGY6J.jpg,animal fish,256,256,JPEG
C:/Users/conta/OneDrive/Desktop/Multiclass/data/train\animal fish\MIC893AO57FC.jpg,animal fish,256,256,JPEG
C:/Users/conta/OneDrive/Desktop/Multiclass/data/train\animal fish\MIIYMQK846JP.jpg,animal fish,256,256,JPEG
C:/Users/conta/OneDrive/Desktop/Multiclass/data/train\animal fish\MJA2BF0ZHGEM.jpg,animal fish,256,256,JPEG
C:/Users/conta/OneDrive/Desktop/Multiclass/data/train\animal fish\MKK4APFN9SSO.jpg,animal fish,256,256,JPEG
C:/Users/conta/OneDrive/Desktop/Multiclass/data/train\animal fish\MMOQHMJBIYHZ.jpg,animal fish,256,256,JPEG
C:/Users/conta/OneDrive/Desktop/Multiclass/data/train\animal fish\MMS6DDC3ZI58.jpg,animal fish,256,256,JPEG
C:/Users/conta/OneDrive/Desktop/Multiclass/data/train\animal fish\MO1W2IP1N7PZ.jpg,animal fish,256,256,JPEG
C:/Users/conta/OneDrive/Desktop/Multiclass/data/train\animal fish\MOF5AF73QP4M.jpg,animal fish,256,256,JPEG
C:/Users/conta/OneDrive/Desktop/Multiclass/data/train\animal fish\MPUKOVKGS3L5.jpg,animal fish,256,256,JPEG
C:/Users/conta/OneDrive/Desktop/Multiclass/data/train\animal fish\MQ3UTP84AFWJ.jpg,animal fish,256,256,JPEG
C:/Users/conta/OneDrive/Desktop/Multiclass/data/train\animal fish\MQPTYW236E2W.jpg,animal fish,256,256,JPEG
C:/Users/conta/OneDrive/Desktop/Multiclass/data/train\animal fish\MR3130K6MPSY.jpg,animal fish,256,256,JPEG
C:/Users/conta/OneDrive/Desktop/Multiclass/data/train\animal fish\MRJXVQKM6WDD.jpg,animal fish,256,256,JPEG
C:/Users/conta/OneDrive/Desktop/Multiclass/data/train\animal fish\MRXBGSUYIGXC.jpg,animal fish,256,256,JPEG
C:/Users/conta/OneDrive/Desktop/Multiclass/data/train\animal fish\MUTNRQ45R3ZC.jpg,animal fish,256,256,JPEG
C:/Users/conta/OneDrive/Desktop/Multiclass/data/train\animal fish\MWNEKA0YWZUQ.jpg,animal fish,256,256,JPEG
C:/Users/conta/OneDrive/Desktop/Multiclass/data/train\animal fish\MZRO3ZITDAVS.jpg,animal fish,256,256,JPEG
C:/Users/conta/OneDrive/Desktop/Multiclass/data/train\animal fish\N0ITG1KSS5SY.jpg,animal fish,256,256,JPEG
C:/Users/conta/OneDrive/Desktop/Multiclass/data/train\animal fish\N14B2RZL29BB.jpg,animal fish,256,256,JPEG
C:/Users/conta/OneDrive/Desktop/Multiclass/data/train\animal fish\N1VT0E2WTV7Q.jpg,animal fish,256,256,JPEG
C:/Users/conta/OneDrive/Desktop/Multiclass/data/train\animal fish\N2KYBVYTHDWT.jpg,animal fish,256,256,JPEG
C:/Users/conta/OneDrive/Desktop/Multiclass/data/train\animal fish\N2Q54W23DCM5.jpg,animal fish,256,256,JPEG
C:/Users/conta/OneDrive/Desktop/Multiclass/data/train\animal fish\N2VX79441G7W.jpg,animal fish,256,256,JPEG
C:/Users/conta/OneDrive/Desktop/Multiclass/data/train\animal fish\N5MV9GYYWEH2.jpg,animal fish,256,256,JPEG
C:/Users/conta/OneDrive/Desktop/Multiclass/data/train\animal fish\N6NZ6ZTAJTDB.jpg,animal fish,256,256,JPEG
C:/Users/conta/OneDrive/Desktop/Multiclass/data/train\animal fish\N7FLPVBBFVU0.jpg,animal fish,256,256,JPEG
C:/Users/conta/OneDrive/Desktop/Multiclass/data/train\animal fish\N8B3PO6NUWXG.jpg,animal fish,256,256,JPEG
C:/Users/conta/OneDrive/Desktop/Multiclass/data/train\animal fish\N8OIXHREL4T1.jpg,animal fish,256,256,JPEG
C:/Users/conta/OneDrive/Desktop/Multiclass/data/train\animal fish\N8R3HIKWJ6L3.jpg,animal fish,256,256,JPEG
C:/Users/conta/OneDrive/Desktop/Multiclass/data/train\animal fish\N94V2OQD4N2C.jpg,animal fish,256,256,JPEG
C:/Users/conta/OneDrive/Desktop/Multiclass/data/train\animal fish\N9JZ52OTFMT2.jpg,animal fish,256,256,JPEG
C:/Users/conta/OneDrive/Desktop/Multiclass/data/train\animal fish\NA9HD3DLATW3.jpg,animal fish,256,256,JPEG
C:/Users/conta/OneDrive/Desktop/Multiclass/data/train\animal fish\NC8HBD93KTSS.jpg,animal fish,256,256,JPEG
C:/Users/conta/OneDrive/Desktop/Multiclass/data/train\animal fish\NCWTN9KDX74K.jpg,animal fish,256,256,JPEG
C:/Users/conta/OneDrive/Desktop/Multiclass/data/train\animal fish\NF2266XJTMDS.jpg,animal fish,256,256,JPEG
C:/Users/conta/OneDrive/Desktop/Multiclass/data/train\animal fish\NF52QK0CGXBU.jpg,animal fish,256,256,JPEG
C:/Users/conta/OneDrive/Desktop/Multiclass/data/train\animal fish\NHOHKC5V45OU.jpg,animal fish,256,256,JPEG
C:/Users/conta/OneDrive/Desktop/Multiclass/data/train\animal fish\NK3FD76XF5BS.jpg,animal fish,256,256,JPEG
C:/Users/conta/OneDrive/Desktop/Multiclass/data/train\animal fish\NNEN8N96HAO9.jpg,animal fish,256,256,JPEG
C:/Users/conta/OneDrive/Desktop/Multiclass/data/train\animal fish\NPDYLC5T4DDU.jpg,animal fish,256,256,JPEG
C:/Users/conta/OneDrive/Desktop/Multiclass/data/train\animal fish\NSI8F5VEE59K.jpg,animal fish,256,256,JPEG
C:/Users/conta/OneDrive/Desktop/Multiclass/data/train\animal fish\NTSWWY5SO0DJ.jpg,animal fish,256,256,JPEG
C:/Users/conta/OneDrive/Desktop/Multiclass/data/train\animal fish\NWGP4T32O87D.jpg,animal fish,256,256,JPEG
C:/Users/conta/OneDrive/Desktop/Multiclass/data/train\animal fish\O1INOJ14QVHL.jpg,animal fish,256,256,JPEG
C:/Users/conta/OneDrive/Desktop/Multiclass/data/train\animal fish\O2J5ABJBOF41.jpg,animal fish,256,256,JPEG
C:/Users/conta/OneDrive/Desktop/Multiclass/data/train\animal fish\O2JT82YJJEMZ.jpg,animal fish,256,256,JPEG
C:/Users/conta/OneDrive/Desktop/Multiclass/data/train\animal fish\O4AYFKWSVF2J.jpg,animal fish,256,256,JPEG
C:/Users/conta/OneDrive/Desktop/Multiclass/data/train\animal fish\O6RPXZM9GOTD.jpg,animal fish,256,256,JPEG
C:/Users/conta/OneDrive/Desktop/Multiclass/data/train\animal fish\O780N7FRRP1T.jpg,animal fish,256,256,JPEG
C:/Users/conta/OneDrive/Desktop/Multiclass/data/train\animal fish\O84DIN8RDLR2.jpg,animal fish,256,256,JPEG
C:/Users/conta/OneDrive/Desktop/Multiclass/data/train\animal fish\O86N8UJOVI66.jpg,animal fish,256,256,JPEG
C:/Users/conta/OneDrive/Desktop/Multiclass/data/train\animal fish\O8J5I1F2DG5Q.jpg,animal fish,256,256,JPEG
C:/Users/conta/OneDrive/Desktop/Multiclass/data/train\animal fish\O9EYK8OOG5Y6.jpg,animal fish,256,256,JPEG
C:/Users/conta/OneDrive/Desktop/Multiclass/data/train\animal fish\OB2XVRF4ES65.jpg,animal fish,256,256,JPEG
C:/Users/conta/OneDrive/Desktop/Multiclass/data/train\animal fish\OCXSX53N4CX5.jpg,animal fish,256,256,JPEG
C:/Users/conta/OneDrive/Desktop/Multiclass/data/train\animal fish\ODVY5IAYIJ0C.jpg,animal fish,256,256,JPEG
C:/Users/conta/OneDrive/Desktop/Multiclass/data/train\animal fish\OE1I8MUQSCIE.jpg,animal fish,256,256,JPEG
C:/Users/conta/OneDrive/Desktop/Multiclass/data/train\animal fish\OH7IG6HOTQWZ.jpg,animal fish,256,256,JPEG
C:/Users/conta/OneDrive/Desktop/Multiclass/data/train\animal fish\OJJBSHEE1KWI.jpg,animal fish,256,256,JPEG
C:/Users/conta/OneDrive/Desktop/Multiclass/data/train\animal fish\OJWYRN41NCAF.jpg,animal fish,256,256,JPEG
C:/Users/conta/OneDrive/Desktop/Multiclass/data/train\animal fish\OKQC5FU7LMVF.jpg,animal fish,256,256,JPEG
C:/Users/conta/OneDrive/Desktop/Multiclass/data/train\animal fish\OLPFJAACWDKI.jpg,animal fish,256,256,JPEG
C:/Users/conta/OneDrive/Desktop/Multiclass/data/train\animal fish\ONV8Z4D66PHN.jpg,animal fish,256,256,JPEG
C:/Users/conta/OneDrive/Desktop/Multiclass/data/train\animal fish\OO318X3HPXWH.jpg,animal fish,256,256,JPEG
C:/Users/conta/OneDrive/Desktop/Multiclass/data/train\animal fish\OONYLKLK828H.jpg,animal fish,256,256,JPEG
C:/Users/conta/OneDrive/Desktop/Multiclass/data/train\animal fish\OOV96RU0HNR1.jpg,animal fish,256,256,JPEG
C:/Users/conta/OneDrive/Desktop/Multiclass/data/train\animal fish\OP8YW9YTNKMT.jpg,animal fish,256,256,JPEG
C:/Users/conta/OneDrive/Desktop/Multiclass/data/train\animal fish\OPC3U7LZSGW9.jpg,animal fish,256,256,JPEG
C:/Users/conta/OneDrive/Desktop/Multiclass/data/train\animal fish\OPE9QIPOF4XS.jpg,animal fish,256,256,JPEG
C:/Users/conta/OneDrive/Desktop/Multiclass/data/train\animal fish\OQUBMCJD9BF5.jpg,animal fish,256,256,JPEG
C:/Users/conta/OneDrive/Desktop/Multiclass/data/train\animal fish\OQVP2NHHX1I2.jpg,animal fish,256,256,JPEG
C:/Users/conta/OneDrive/Desktop/Multiclass/data/train\animal fish\OR9BHNW57BY9.jpg,animal fish,256,256,JPEG
C:/Users/conta/OneDrive/Desktop/Multiclass/data/train\animal fish\OW5VVRW1P1VR.jpg,animal fish,256,256,JPEG
C:/Users/conta/OneDrive/Desktop/Multiclass/data/train\animal fish\OWB1GZ8MKD4K.jpg,animal fish,256,256,JPEG
C:/Users/conta/OneDrive/Desktop/Multiclass/data/train\animal fish\OXXI044NZPG0.jpg,animal fish,256,256,JPEG
C:/Users/conta/OneDrive/Desktop/Multiclass/data/train\animal fish\OY01FATO31Y2.jpg,animal fish,256,256,JPEG
C:/Users/conta/OneDrive/Desktop/Multiclass/data/train\animal fish\OYEXCSUMVLTZ.jpg,animal fish,256,256,JPEG
C:/Users/conta/OneDrive/Desktop/Multiclass/data/train\animal fish\P0NT0IXP7W7Q.jpg,animal fish,256,256,JPEG
C:/Users/conta/OneDrive/Desktop/Multiclass/data/train\animal fish\P0VNXGDDFUC1.jpg,animal fish,256,256,JPEG
C:/Users/conta/OneDrive/Desktop/Multiclass/data/train\animal fish\P18NB8R45J4B.jpg,animal fish,256,256,JPEG
C:/Users/conta/OneDrive/Desktop/Multiclass/data/train\animal fish\P1GNYE7JKW21.jpg,animal fish,256,256,JPEG
C:/Users/conta/OneDrive/Desktop/Multiclass/data/train\animal fish\P1TPK5KD6TJ7.jpg,animal fish,256,256,JPEG
C:/Users/conta/OneDrive/Desktop/Multiclass/data/train\animal fish\P2APPNMFCG25.jpg,animal fish,256,256,JPEG
C:/Users/conta/OneDrive/Desktop/Multiclass/data/train\animal fish\P3051BW10W02.jpg,animal fish,256,256,JPEG
C:/Users/conta/OneDrive/Desktop/Multiclass/data/train\animal fish\P4B5CMAF6VKY.jpg,animal fish,256,256,JPEG
C:/Users/conta/OneDrive/Desktop/Multiclass/data/train\animal fish\P57THB1QM99V.jpg,animal fish,256,256,JPEG
C:/Users/conta/OneDrive/Desktop/Multiclass/data/train\animal fish\P5B3HXTXNOZU.jpg,animal fish,256,256,JPEG
C:/Users/conta/OneDrive/Desktop/Multiclass/data/train\animal fish\P80YK8M51J5U.jpg,animal fish,256,256,JPEG
C:/Users/conta/OneDrive/Desktop/Multiclass/data/train\animal fish\P8VO83E9X6VB.jpg,animal fish,256,256,JPEG
C:/Users/conta/OneDrive/Desktop/Multiclass/data/train\animal fish\P8ZYTOSNK25Q.jpg,animal fish,256,256,JPEG
C:/Users/conta/OneDrive/Desktop/Multiclass/data/train\animal fish\PA8GDAK47H6G.jpg,animal fish,256,256,JPEG
C:/Users/conta/OneDrive/Desktop/Multiclass/data/train\animal fish\PARA1TDN6HAR.jpg,animal fish,256,256,JPEG
C:/Users/conta/OneDrive/Desktop/Multiclass/data/train\animal fish\PATL19ARPORI.jpg,animal fish,256,256,JPEG
C:/Users/conta/OneDrive/Desktop/Multiclass/data/train\animal fish\PBF23ALD56YQ.jpg,animal fish,256,256,JPEG
C:/Users/conta/OneDrive/Desktop/Multiclass/data/train\animal fish\PCPS900VG4VH.jpg,animal fish,256,256,JPEG
C:/Users/conta/OneDrive/Desktop/Multiclass/data/train\animal fish\PEA9DFSLW65M.jpg,animal fish,256,256,JPEG
C:/Users/conta/OneDrive/Desktop/Multiclass/data/train\animal fish\PGDALJSH95HH.jpg,animal fish,256,256,JPEG
C:/Users/conta/OneDrive/Desktop/Multiclass/data/train\animal fish\PHVMM2J5IPEW.jpg,animal fish,256,256,JPEG
C:/Users/conta/OneDrive/Desktop/Multiclass/data/train\animal fish\PI43A9PHOUVN.jpg,animal fish,256,256,JPEG
C:/Users/conta/OneDrive/Desktop/Multiclass/data/train\animal fish\PIMGTAPA7QM6.jpg,animal fish,256,256,JPEG
C:/Users/conta/OneDrive/Desktop/Multiclass/data/train\animal fish\PIQ5M590QXW4.jpg,animal fish,256,256,JPEG
C:/Users/conta/OneDrive/Desktop/Multiclass/data/train\animal fish\PIVMIBEE387N.jpg,animal fish,256,256,JPEG
C:/Users/conta/OneDrive/Desktop/Multiclass/data/train\animal fish\PKK7A1C3JEO7.jpg,animal fish,256,256,JPEG
C:/Users/conta/OneDrive/Desktop/Multiclass/data/train\animal fish\POAKVCW37UPH.jpg,animal fish,256,256,JPEG
C:/Users/conta/OneDrive/Desktop/Multiclass/data/train\animal fish\POGS72JWGGD8.jpg,animal fish,256,256,JPEG
C:/Users/conta/OneDrive/Desktop/Multiclass/data/train\animal fish\POT69L4193VT.jpg,animal fish,256,256,JPEG
C:/Users/conta/OneDrive/Desktop/Multiclass/data/train\animal fish\PPHRARMX7WBT.jpg,animal fish,256,256,JPEG
C:/Users/conta/OneDrive/Desktop/Multiclass/data/train\animal fish\PQN8ZIZKFDON.jpg,animal fish,256,256,JPEG
C:/Users/conta/OneDrive/Desktop/Multiclass/data/train\animal fish\PQQP0P92Z47T.jpg,animal fish,256,256,JPEG
C:/Users/conta/OneDrive/Desktop/Multiclass/data/train\animal fish\PS15QY3RNWE3.jpg,animal fish,256,256,JPEG
C:/Users/conta/OneDrive/Desktop/Multiclass/data/train\animal fish\PTKW410EGMF3.jpg,animal fish,256,256,JPEG
C:/Users/conta/OneDrive/Desktop/Multiclass/data/train\animal fish\PU2MZBYFXC4G.jpg,animal fish,256,256,JPEG
C:/Users/conta/OneDrive/Desktop/Multiclass/data/train\animal fish\PVQTWZIUY5DO.jpg,animal fish,256,256,JPEG
C:/Users/conta/OneDrive/Desktop/Multiclass/data/train\animal fish\PVXQQQZPYK7U.jpg,animal fish,256,256,JPEG
C:/Users/conta/OneDrive/Desktop/Multiclass/data/train\animal fish\PWQMM42GR820.jpg,animal fish,256,256,JPEG
C:/Users/conta/OneDrive/Desktop/Multiclass/data/train\animal fish\PXN9LWQI3CUI.jpg,animal fish,256,256,JPEG
C:/Users/conta/OneDrive/Desktop/Multiclass/data/train\animal fish\Q2QX8DP8O36W.jpg,animal fish,256,256,JPEG
C:/Users/conta/OneDrive/Desktop/Multiclass/data/train\animal fish\Q3EZ83WG54NP.jpg,animal fish,256,256,JPEG
C:/Users/conta/OneDrive/Desktop/Multiclass/data/train\animal fish\Q5X8QGLRGGAI.jpg,animal fish,256,256,JPEG
C:/Users/conta/OneDrive/Desktop/Multiclass/data/train\animal fish\Q7WOD3A1TU1W.jpg,animal fish,256,256,JPEG
C:/Users/conta/OneDrive/Desktop/Multiclass/data/train\animal fish\Q96SKZ2CK0QP.jpg,animal fish,256,256,JPEG
C:/Users/conta/OneDrive/Desktop/Multiclass/data/train\animal fish\QAYRA4J07ZK6.jpg,animal fish,256,256,JPEG
C:/Users/conta/OneDrive/Desktop/Multiclass/data/train\animal fish\QCVFI2PL9TN9.jpg,animal fish,256,256,JPEG
C:/Users/conta/OneDrive/Desktop/Multiclass/data/train\animal fish\QDU6X7PGCJ40.jpg,animal fish,256,256,JPEG
C:/Users/conta/OneDrive/Desktop/Multiclass/data/train\animal fish\QFMZZWSZNKUG.jpg,animal fish,256,256,JPEG
C:/Users/conta/OneDrive/Desktop/Multiclass/data/train\animal fish\QH0VECMYCW90.jpg,animal fish,256,256,JPEG
C:/Users/conta/OneDrive/Desktop/Multiclass/data/train\animal fish\QHC2AT23D5X1.jpg,animal fish,256,256,JPEG
C:/Users/conta/OneDrive/Desktop/Multiclass/data/train\animal fish\QHEOFOT96N28.jpg,animal fish,256,256,JPEG
C:/Users/conta/OneDrive/Desktop/Multiclass/data/train\animal fish\QHN6VB70JR46.jpg,animal fish,256,256,JPEG
C:/Users/conta/OneDrive/Desktop/Multiclass/data/train\animal fish\QM6HT38MW95C.jpg,animal fish,256,256,JPEG
C:/Users/conta/OneDrive/Desktop/Multiclass/data/train\animal fish\QM9RBVBOJMQD.jpg,animal fish,256,256,JPEG
C:/Users/conta/OneDrive/Desktop/Multiclass/data/train\animal fish\QN9I85I2Q5S0.jpg,animal fish,256,256,JPEG
C:/Users/conta/OneDrive/Desktop/Multiclass/data/train\animal fish\QNS8XLUJXHLT.jpg,animal fish,256,256,JPEG
C:/Users/conta/OneDrive/Desktop/Multiclass/data/train\animal fish\QO4JIA99OZ1H.jpg,animal fish,256,256,JPEG
C:/Users/conta/OneDrive/Desktop/Multiclass/data/train\animal fish\QOEBS8XE5SU2.jpg,animal fish,256,256,JPEG
C:/Users/conta/OneDrive/Desktop/Multiclass/data/train\animal fish\QSV1GJZGVB97.jpg,animal fish,256,256,JPEG
C:/Users/conta/OneDrive/Desktop/Multiclass/data/train\animal fish\QTG9VPVVPIWJ.jpg,animal fish,256,256,JPEG
C:/Users/conta/OneDrive/Desktop/Multiclass/data/train\animal fish\QVY4KGR9JMRF.jpg,animal fish,256,256,JPEG
C:/Users/conta/OneDrive/Desktop/Multiclass/data/train\animal fish\QZQPZPW1TZVT.jpg,animal fish,256,256,JPEG
C:/Users/conta/OneDrive/Desktop/Multiclass/data/train\animal fish\R0853YLSAUUR.jpg,animal fish,256,256,JPEG
C:/Users/conta/OneDrive/Desktop/Multiclass/data/train\animal fish\R0H63JMHMK4P.jpg,animal fish,256,256,JPEG
C:/Users/conta/OneDrive/Desktop/Multiclass/data/train\animal fish\R140H28601KD.jpg,animal fish,256,256,JPEG
C:/Users/conta/OneDrive/Desktop/Multiclass/data/train\animal fish\R1VF93KUUVY8.jpg,animal fish,256,256,JPEG
C:/Users/conta/OneDrive/Desktop/Multiclass/data/train\animal fish\R3B4TKETY89N.jpg,animal fish,256,256,JPEG
C:/Users/conta/OneDrive/Desktop/Multiclass/data/train\animal fish\R3CRUZUVSSPF.jpg,animal fish,256,256,JPEG
C:/Users/conta/OneDrive/Desktop/Multiclass/data/train\animal fish\R4RP15QF66TG.jpg,animal fish,256,256,JPEG
C:/Users/conta/OneDrive/Desktop/Multiclass/data/train\animal fish\R58R4PXCNI5X.jpg,animal fish,256,256,JPEG
C:/Users/conta/OneDrive/Desktop/Multiclass/data/train\animal fish\R5D4DNY8TT0L.jpg,animal fish,256,256,JPEG
C:/Users/conta/OneDrive/Desktop/Multiclass/data/train\animal fish\R5F3QY9I7YZX.jpg,animal fish,256,256,JPEG
C:/Users/conta/OneDrive/Desktop/Multiclass/data/train\animal fish\R67Y0NE0B0X5.jpg,animal fish,256,256,JPEG
C:/Users/conta/OneDrive/Desktop/Multiclass/data/train\animal fish\R83EB5PTEEE1.jpg,animal fish,256,256,JPEG
C:/Users/conta/OneDrive/Desktop/Multiclass/data/train\animal fish\RA78S0XFJZYE.jpg,animal fish,256,256,JPEG
C:/Users/conta/OneDrive/Desktop/Multiclass/data/train\animal fish\RABNTTZ20IUO.jpg,animal fish,256,256,JPEG
C:/Users/conta/OneDrive/Desktop/Multiclass/data/train\animal fish\RALC45U5HE95.jpg,animal fish,256,256,JPEG
C:/Users/conta/OneDrive/Desktop/Multiclass/data/train\animal fish\RBPRU2Y5ZK8Y.jpg,animal fish,256,256,JPEG
C:/Users/conta/OneDrive/Desktop/Multiclass/data/train\animal fish\RD2DSPQH0LZ0.jpg,animal fish,256,256,JPEG
C:/Users/conta/OneDrive/Desktop/Multiclass/data/train\animal fish\RDNFTZLGSLN4.jpg,animal fish,256,256,JPEG
C:/Users/conta/OneDrive/Desktop/Multiclass/data/train\animal fish\REX5DRXVT0GU.jpg,animal fish,256,256,JPEG
C:/Users/conta/OneDrive/Desktop/Multiclass/data/train\animal fish\RIALUYHHMU30.jpg,animal fish,256,256,JPEG
C:/Users/conta/OneDrive/Desktop/Multiclass/data/train\animal fish\RJ8C2R0BRQWR.jpg,animal fish,256,256,JPEG
C:/Users/conta/OneDrive/Desktop/Multiclass/data/train\animal fish\RJMR3LP6GHI9.jpg,animal fish,256,256,JPEG
C:/Users/conta/OneDrive/Desktop/Multiclass/data/train\animal fish\RJS2DUZMH78T.jpg,animal fish,256,256,JPEG
C:/Users/conta/OneDrive/Desktop/Multiclass/data/train\animal fish\RM77PZE3Z96T.jpg,animal fish,256,256,JPEG
C:/Users/conta/OneDrive/Desktop/Multiclass/data/train\animal fish\RMZMB2MRX80X.jpg,animal fish,256,256,JPEG
C:/Users/conta/OneDrive/Desktop/Multiclass/data/train\animal fish\RN5RBREVN5BS.jpg,animal fish,256,256,JPEG
C:/Users/conta/OneDrive/Desktop/Multiclass/data/train\animal fish\ROQR1E607AOZ.jpg,animal fish,256,256,JPEG
C:/Users/conta/OneDrive/Desktop/Multiclass/data/train\animal fish\ROTNYOKAJ9QU.jpg,animal fish,256,256,JPEG
C:/Users/conta/OneDrive/Desktop/Multiclass/data/train\animal fish\RPEGBRG4GNFU.jpg,animal fish,256,256,JPEG
C:/Users/conta/OneDrive/Desktop/Multiclass/data/train\animal fish\RPIUPWUH02DT.jpg,animal fish,256,256,JPEG
C:/Users/conta/OneDrive/Desktop/Multiclass/data/train\animal fish\RQPEU5VRPYRM.jpg,animal fish,256,256,JPEG
C:/Users/conta/OneDrive/Desktop/Multiclass/data/train\animal fish\RSBKW9FHM46W.jpg,animal fish,256,256,JPEG
C:/Users/conta/OneDrive/Desktop/Multiclass/data/train\animal fish\RU2P8QHFXZWW.jpg,animal fish,256,256,JPEG
C:/Users/conta/OneDrive/Desktop/Multiclass/data/train\animal fish\RUR9F8OTPF5D.jpg,animal fish,256,256,JPEG
C:/Users/conta/OneDrive/Desktop/Multiclass/data/train\animal fish\RYF4JB22CFS0.jpg,animal fish,256,256,JPEG
C:/Users/conta/OneDrive/Desktop/Multiclass/data/train\animal fish\RZAFTOFC9EAH.jpg,animal fish,256,256,JPEG
C:/Users/conta/OneDrive/Desktop/Multiclass/data/train\animal fish\S03NAHMN47F7.jpg,animal fish,256,256,JPEG
C:/Users/conta/OneDrive/Desktop/Multiclass/data/train\animal fish\S0J50J6R26R6.jpg,animal fish,256,256,JPEG
C:/Users/conta/OneDrive/Desktop/Multiclass/data/train\animal fish\S336FUDM3JPX.jpg,animal fish,256,256,JPEG
C:/Users/conta/OneDrive/Desktop/Multiclass/data/train\animal fish\S3KWMO68HLSJ.jpg,animal fish,256,256,JPEG
C:/Users/conta/OneDrive/Desktop/Multiclass/data/train\animal fish\S3NZ67LGFLP4.jpg,animal fish,256,256,JPEG
C:/Users/conta/OneDrive/Desktop/Multiclass/data/train\animal fish\S5S0COZ640PO.jpg,animal fish,256,256,JPEG
C:/Users/conta/OneDrive/Desktop/Multiclass/data/train\animal fish\S65W2SHGY0IY.jpg,animal fish,256,256,JPEG
C:/Users/conta/OneDrive/Desktop/Multiclass/data/train\animal fish\S665JNYCRQAI.jpg,animal fish,256,256,JPEG
C:/Users/conta/OneDrive/Desktop/Multiclass/data/train\animal fish\S8DSU9AAZMXK.jpg,animal fish,256,256,JPEG
C:/Users/conta/OneDrive/Desktop/Multiclass/data/train\animal fish\SA5H1RRLH417.jpg,animal fish,256,256,JPEG
C:/Users/conta/OneDrive/Desktop/Multiclass/data/train\animal fish\SBLTN25S2IRF.jpg,animal fish,256,256,JPEG
C:/Users/conta/OneDrive/Desktop/Multiclass/data/train\animal fish\SBM7A9751Y66.jpg,animal fish,256,256,JPEG
C:/Users/conta/OneDrive/Desktop/Multiclass/data/train\animal fish\SBX9P718L17I.jpg,animal fish,256,256,JPEG
C:/Users/conta/OneDrive/Desktop/Multiclass/data/train\animal fish\SCOHT7R0JY66.jpg,animal fish,256,256,JPEG
C:/Users/conta/OneDrive/Desktop/Multiclass/data/train\animal fish\SDR0WCAD02IH.jpg,animal fish,256,256,JPEG
C:/Users/conta/OneDrive/Desktop/Multiclass/data/train\animal fish\SF7T6TA3HZYG.jpg,animal fish,256,256,JPEG
C:/Users/conta/OneDrive/Desktop/Multiclass/data/train\animal fish\SIPAN2C224MH.jpg,animal fish,256,256,JPEG
C:/Users/conta/OneDrive/Desktop/Multiclass/data/train\animal fish\SIPU5OV6LEMF.jpg,animal fish,256,256,JPEG
C:/Users/conta/OneDrive/Desktop/Multiclass/data/train\animal fish\SJS5JL8NJQ9G.jpg,animal fish,256,256,JPEG
C:/Users/conta/OneDrive/Desktop/Multiclass/data/train\animal fish\SKQIZLNOVW7F.jpg,animal fish,256,256,JPEG
C:/Users/conta/OneDrive/Desktop/Multiclass/data/train\animal fish\SLNOWURKEGLX.jpg,animal fish,256,256,JPEG
C:/Users/conta/OneDrive/Desktop/Multiclass/data/train\animal fish\SMWOWA1AD96I.jpg,animal fish,256,256,JPEG
C:/Users/conta/OneDrive/Desktop/Multiclass/data/train\animal fish\SMYNWWQF9DM0.jpg,animal fish,256,256,JPEG
C:/Users/conta/OneDrive/Desktop/Multiclass/data/train\animal fish\SMZRXUTRB9T3.jpg,animal fish,256,256,JPEG
C:/Users/conta/OneDrive/Desktop/Multiclass/data/train\animal fish\SODPBQP8NGHL.jpg,animal fish,256,256,JPEG
C:/Users/conta/OneDrive/Desktop/Multiclass/data/train\animal fish\SPWSUM9MI4AI.jpg,animal fish,256,256,JPEG
C:/Users/conta/OneDrive/Desktop/Multiclass/data/train\animal fish\SQ8FRYZR7YD6.jpg,animal fish,256,256,JPEG
C:/Users/conta/OneDrive/Desktop/Multiclass/data/train\animal fish\SR7JW724SPXU.jpg,animal fish,256,256,JPEG
C:/Users/conta/OneDrive/Desktop/Multiclass/data/train\animal fish\SRE6DD8IAF6A.jpg,animal fish,256,256,JPEG
C:/Users/conta/OneDrive/Desktop/Multiclass/data/train\animal fish\SSW3D7T11G3D.jpg,animal fish,256,256,JPEG
C:/Users/conta/OneDrive/Desktop/Multiclass/data/train\animal fish\SU1KR8OFV5A3.jpg,animal fish,256,256,JPEG
C:/Users/conta/OneDrive/Desktop/Multiclass/data/train\animal fish\SWXMAMQC8SMW.jpg,animal fish,256,256,JPEG
C:/Users/conta/OneDrive/Desktop/Multiclass/data/train\animal fish\SX84OU3H21BD.jpg,animal fish,256,256,JPEG
C:/Users/conta/OneDrive/Desktop/Multiclass/data/train\animal fish\SXO4G4V93HKQ.jpg,animal fish,256,256,JPEG
C:/Users/conta/OneDrive/Desktop/Multiclass/data/train\animal fish\SY8SSHVIY43V.jpg,animal fish,256,256,JPEG
C:/Users/conta/OneDrive/Desktop/Multiclass/data/train\animal fish\SYIH70JHGWYG.jpg,animal fish,256,256,JPEG
C:/Users/conta/OneDrive/Desktop/Multiclass/data/train\animal fish\SYNN8X4MBIAQ.jpg,animal fish,256,256,JPEG
C:/Users/conta/OneDrive/Desktop/Multiclass/data/train\animal fish\SZCH3TX46TSH.jpg,animal fish,256,256,JPEG
C:/Users/conta/OneDrive/Desktop/Multiclass/data/train\animal fish\T0G6AV59TFUK.jpg,animal fish,256,256,JPEG
C:/Users/conta/OneDrive/Desktop/Multiclass/data/train\animal fish\T1TOEDWM26QT.jpg,animal fish,256,256,JPEG
C:/Users/conta/OneDrive/Desktop/Multiclass/data/train\animal fish\T21DAO4N39SR.jpg,animal fish,256,256,JPEG
C:/Users/conta/OneDrive/Desktop/Multiclass/data/train\animal fish\T3XIJ3JVJBZU.jpg,animal fish,256,256,JPEG
C:/Users/conta/OneDrive/Desktop/Multiclass/data/train\animal fish\T8Q55JRXZZLZ.jpg,animal fish,256,256,JPEG
C:/Users/conta/OneDrive/Desktop/Multiclass/data/train\animal fish\T9KL1LCJIYSJ.jpg,animal fish,256,256,JPEG
C:/Users/conta/OneDrive/Desktop/Multiclass/data/train\animal fish\TB30NL9LY02Z.jpg,animal fish,256,256,JPEG
C:/Users/conta/OneDrive/Desktop/Multiclass/data/train\animal fish\TBFEV1I9CIUU.jpg,animal fish,256,256,JPEG
C:/Users/conta/OneDrive/Desktop/Multiclass/data/train\animal fish\TCLD42Q8MSEX.jpg,animal fish,256,256,JPEG
C:/Users/conta/OneDrive/Desktop/Multiclass/data/train\animal fish\TDJ5STD2DD1U.jpg,animal fish,256,256,JPEG
C:/Users/conta/OneDrive/Desktop/Multiclass/data/train\animal fish\TDN2O20TTKSH.jpg,animal fish,256,256,JPEG
C:/Users/conta/OneDrive/Desktop/Multiclass/data/train\animal fish\THY55LGJSHGX.jpg,animal fish,256,256,JPEG
C:/Users/conta/OneDrive/Desktop/Multiclass/data/train\animal fish\TJFKHTNX93R9.jpg,animal fish,256,256,JPEG
C:/Users/conta/OneDrive/Desktop/Multiclass/data/train\animal fish\TLL8MWQN8F30.jpg,animal fish,256,256,JPEG
C:/Users/conta/OneDrive/Desktop/Multiclass/data/train\animal fish\TO0C1OSD7ZDL.jpg,animal fish,256,256,JPEG
C:/Users/conta/OneDrive/Desktop/Multiclass/data/train\animal fish\TOPLVQCH26KO.jpg,animal fish,256,256,JPEG
C:/Users/conta/OneDrive/Desktop/Multiclass/data/train\animal fish\TTKATYF8E2YJ.jpg,animal fish,256,256,JPEG
C:/Users/conta/OneDrive/Desktop/Multiclass/data/train\animal fish\TTRA2ATLZ9FK.jpg,animal fish,256,256,JPEG
C:/Users/conta/OneDrive/Desktop/Multiclass/data/train\animal fish\TVJZUXICXL27.jpg,animal fish,256,256,JPEG
C:/Users/conta/OneDrive/Desktop/Multiclass/data/train\animal fish\TVULZFR4KQNK.jpg,animal fish,256,256,JPEG
C:/Users/conta/OneDrive/Desktop/Multiclass/data/train\animal fish\TVZT5MJTDNJB.jpg,animal fish,256,256,JPEG
C:/Users/conta/OneDrive/Desktop/Multiclass/data/train\animal fish\TWFLN8PWF6B9.jpg,animal fish,256,256,JPEG
C:/Users/conta/OneDrive/Desktop/Multiclass/data/train\animal fish\TWHDOU6SQRNU.jpg,animal fish,256,256,JPEG
C:/Users/conta/OneDrive/Desktop/Multiclass/data/train\animal fish\TWHIW7BT6SSH.jpg,animal fish,256,256,JPEG
C:/Users/conta/OneDrive/Desktop/Multiclass/data/train\animal fish\TYWOC55H94MN.jpg,animal fish,256,256,JPEG
C:/Users/conta/OneDrive/Desktop/Multiclass/data/train\animal fish\TZN08BEM5NLY.jpg,animal fish,256,256,JPEG
C:/Users/conta/OneDrive/Desktop/Multiclass/data/train\animal fish\TZS9XVGWQNPW.jpg,animal fish,256,256,JPEG
C:/Users/conta/OneDrive/Desktop/Multiclass/data/train\animal fish\U2C56919WHVU.jpg,animal fish,256,256,JPEG
C:/Users/conta/OneDrive/Desktop/Multiclass/data/train\animal fish\U2YRJXO3DLKG.jpg,animal fish,256,256,JPEG
C:/Users/conta/OneDrive/Desktop/Multiclass/data/train\animal fish\U7MT98PMW71T.jpg,animal fish,256,256,JPEG
C:/Users/conta/OneDrive/Desktop/Multiclass/data/train\animal fish\U8Z89MSYVCVI.jpg,animal fish,256,256,JPEG
C:/Users/conta/OneDrive/Desktop/Multiclass/data/train\animal fish\U9BI3XN5LEKS.jpg,animal fish,256,256,JPEG
C:/Users/conta/OneDrive/Desktop/Multiclass/data/train\animal fish\U9FEUW532SYO.jpg,animal fish,256,256,JPEG
C:/Users/conta/OneDrive/Desktop/Multiclass/data/train\animal fish\U9Z2KBYD2MC6.jpg,animal fish,256,256,JPEG
C:/Users/conta/OneDrive/Desktop/Multiclass/data/train\animal fish\UAUTU8T26TAL.jpg,animal fish,256,256,JPEG
C:/Users/conta/OneDrive/Desktop/Multiclass/data/train\animal fish\UD6DYU3XBSYD.jpg,animal fish,256,256,JPEG
C:/Users/conta/OneDrive/Desktop/Multiclass/data/train\animal fish\UE5OS7M4ZHV3.jpg,animal fish,256,256,JPEG
C:/Users/conta/OneDrive/Desktop/Multiclass/data/train\animal fish\UG75CHIUFU73.jpg,animal fish,256,256,JPEG
C:/Users/conta/OneDrive/Desktop/Multiclass/data/train\animal fish\UGTX4ZPRH301.jpg,animal fish,256,256,JPEG
C:/Users/conta/OneDrive/Desktop/Multiclass/data/train\animal fish\UJ92QI1XTPDE.jpg,animal fish,256,256,JPEG
C:/Users/conta/OneDrive/Desktop/Multiclass/data/train\animal fish\UJS8MBEE4NA0.jpg,animal fish,256,256,JPEG
C:/Users/conta/OneDrive/Desktop/Multiclass/data/train\animal fish\UMUUC8S176FA.jpg,animal fish,256,256,JPEG
C:/Users/conta/OneDrive/Desktop/Multiclass/data/train\animal fish\UNMBR2929BIK.jpg,animal fish,256,256,JPEG
C:/Users/conta/OneDrive/Desktop/Multiclass/data/train\animal fish\UO80JADU59U7.jpg,animal fish,256,256,JPEG
C:/Users/conta/OneDrive/Desktop/Multiclass/data/train\animal fish\UOLRJNVX3NIV.jpg,animal fish,256,256,JPEG
C:/Users/conta/OneDrive/Desktop/Multiclass/data/train\animal fish\UQMANWPEDCMF.jpg,animal fish,256,256,JPEG
C:/Users/conta/OneDrive/Desktop/Multiclass/data/train\animal fish\UQP450ON4737.jpg,animal fish,256,256,JPEG
C:/Users/conta/OneDrive/Desktop/Multiclass/data/train\animal fish\URAVSYO03ARG.jpg,animal fish,256,256,JPEG
C:/Users/conta/OneDrive/Desktop/Multiclass/data/train\animal fish\US1XXZB4YCTA.jpg,animal fish,256,256,JPEG
C:/Users/conta/OneDrive/Desktop/Multiclass/data/train\animal fish\US6QW4M8I9C6.jpg,animal fish,256,256,JPEG
C:/Users/conta/OneDrive/Desktop/Multiclass/data/train\animal fish\USFPNBZVGB55.jpg,animal fish,256,256,JPEG
C:/Users/conta/OneDrive/Desktop/Multiclass/data/train\animal fish\USWVJYB33HH7.jpg,animal fish,256,256,JPEG
C:/Users/conta/OneDrive/Desktop/Multiclass/data/train\animal fish\USXFDN42QUS4.jpg,animal fish,256,256,JPEG
C:/Users/conta/OneDrive/Desktop/Multiclass/data/train\animal fish\UTEEHNE13YID.jpg,animal fish,256,256,JPEG
C:/Users/conta/OneDrive/Desktop/Multiclass/data/train\animal fish\UTIZIIQYF2NQ.jpg,animal fish,256,256,JPEG
C:/Users/conta/OneDrive/Desktop/Multiclass/data/train\animal fish\UW4CAX6DITTD.jpg,animal fish,256,256,JPEG
C:/Users/conta/OneDrive/Desktop/Multiclass/data/train\animal fish\UW7EI2J4RX67.jpg,animal fish,256,256,JPEG
C:/Users/conta/OneDrive/Desktop/Multiclass/data/train\animal fish\UW8ND2K7BE8Y.jpg,animal fish,256,256,JPEG
C:/Users/conta/OneDrive/Desktop/Multiclass/data/train\animal fish\UWHNVLZ1T0BX.jpg,animal fish,256,256,JPEG
C:/Users/conta/OneDrive/Desktop/Multiclass/data/train\animal fish\UYDDJVYCHGHO.jpg,animal fish,256,256,JPEG
C:/Users/conta/OneDrive/Desktop/Multiclass/data/train\animal fish\UZ9RCP50S91W.jpg,animal fish,256,256,JPEG
C:/Users/conta/OneDrive/Desktop/Multiclass/data/train\animal fish\V17P0PG6RS38.jpg,animal fish,256,256,JPEG
C:/Users/conta/OneDrive/Desktop/Multiclass/data/train\animal fish\V436SNLIH5YV.jpg,animal fish,256,256,JPEG
C:/Users/conta/OneDrive/Desktop/Multiclass/data/train\animal fish\V5KJ8OJI6V3X.jpg,animal fish,256,256,JPEG
C:/Users/conta/OneDrive/Desktop/Multiclass/data/train\animal fish\V6ZNQBG3F7N7.jpg,animal fish,256,256,JPEG
C:/Users/conta/OneDrive/Desktop/Multiclass/data/train\animal fish\V81IP8MDHBRV.jpg,animal fish,256,256,JPEG
C:/Users/conta/OneDrive/Desktop/Multiclass/data/train\animal fish\V8KX7VSJY7S8.jpg,animal fish,256,256,JPEG
C:/Users/conta/OneDrive/Desktop/Multiclass/data/train\animal fish\V9VIZXPDOYGX.jpg,animal fish,256,256,JPEG
C:/Users/conta/OneDrive/Desktop/Multiclass/data/train\animal fish\VCB2WBNKK034.jpg,animal fish,256,256,JPEG
C:/Users/conta/OneDrive/Desktop/Multiclass/data/train\animal fish\VE4HRVB8EHE5.jpg,animal fish,256,256,JPEG
C:/Users/conta/OneDrive/Desktop/Multiclass/data/train\animal fish\VG0OIF5WFH5H.jpg,animal fish,256,256,JPEG
C:/Users/conta/OneDrive/Desktop/Multiclass/data/train\animal fish\VHD0QMOV3KJJ.jpg,animal fish,256,256,JPEG
C:/Users/conta/OneDrive/Desktop/Multiclass/data/train\animal fish\VL786XMJE7MT.jpg,animal fish,256,256,JPEG
C:/Users/conta/OneDrive/Desktop/Multiclass/data/train\animal fish\VM78J0ZPC4YN.jpg,animal fish,256,256,JPEG
C:/Users/conta/OneDrive/Desktop/Multiclass/data/train\animal fish\VMJZSVZGIX1K.jpg,animal fish,256,256,JPEG
C:/Users/conta/OneDrive/Desktop/Multiclass/data/train\animal fish\VNEODXFHYGEE.jpg,animal fish,256,256,JPEG
C:/Users/conta/OneDrive/Desktop/Multiclass/data/train\animal fish\VOKUY8MX3375.jpg,animal fish,256,256,JPEG
C:/Users/conta/OneDrive/Desktop/Multiclass/data/train\animal fish\VOOT8IXS55XO.jpg,animal fish,256,256,JPEG
C:/Users/conta/OneDrive/Desktop/Multiclass/data/train\animal fish\VP4Y78VY70D7.jpg,animal fish,256,256,JPEG
C:/Users/conta/OneDrive/Desktop/Multiclass/data/train\animal fish\VQH0FDZFQIYH.jpg,animal fish,256,256,JPEG
C:/Users/conta/OneDrive/Desktop/Multiclass/data/train\animal fish\VSCC8OGEF50A.jpg,animal fish,256,256,JPEG
C:/Users/conta/OneDrive/Desktop/Multiclass/data/train\animal fish\VXX1OWJACSLM.jpg,animal fish,256,256,JPEG
C:/Users/conta/OneDrive/Desktop/Multiclass/data/train\animal fish\VYZDZGU3S0LA.jpg,animal fish,256,256,JPEG
C:/Users/conta/OneDrive/Desktop/Multiclass/data/train\animal fish\W10IB7RYDDNU.jpg,animal fish,256,256,JPEG
C:/Users/conta/OneDrive/Desktop/Multiclass/data/train\animal fish\W2W61TW8A5OE.jpg,animal fish,256,256,JPEG
C:/Users/conta/OneDrive/Desktop/Multiclass/data/train\animal fish\W82TVYM2V5GT.jpg,animal fish,256,256,JPEG
C:/Users/conta/OneDrive/Desktop/Multiclass/data/train\animal fish\W9477DBU1Y0G.jpg,animal fish,256,256,JPEG
C:/Users/conta/OneDrive/Desktop/Multiclass/data/train\animal fish\WBBZA44C3FIZ.jpg,animal fish,256,256,JPEG
C:/Users/conta/OneDrive/Desktop/Multiclass/data/train\animal fish\WCOM13O38SQD.jpg,animal fish,256,256,JPEG
C:/Users/conta/OneDrive/Desktop/Multiclass/data/train\animal fish\WDL1H7DZXN2I.jpg,animal fish,256,256,JPEG
C:/Users/conta/OneDrive/Desktop/Multiclass/data/train\animal fish\WE39OQT2GNVK.jpg,animal fish,256,256,JPEG
C:/Users/conta/OneDrive/Desktop/Multiclass/data/train\animal fish\WFAGVZD2LEV6.jpg,animal fish,256,256,JPEG
C:/Users/conta/OneDrive/Desktop/Multiclass/data/train\animal fish\WGP2IBQR6TYQ.jpg,animal fish,256,256,JPEG
C:/Users/conta/OneDrive/Desktop/Multiclass/data/train\animal fish\WGRWQL6MUULP.jpg,animal fish,256,256,JPEG
C:/Users/conta/OneDrive/Desktop/Multiclass/data/train\animal fish\WIAFVMZANGKI.jpg,animal fish,256,256,JPEG
C:/Users/conta/OneDrive/Desktop/Multiclass/data/train\animal fish\WJ7BRMG18HSS.jpg,animal fish,256,256,JPEG
C:/Users/conta/OneDrive/Desktop/Multiclass/data/train\animal fish\WJE83VPLOJRA.jpg,animal fish,256,256,JPEG
C:/Users/conta/OneDrive/Desktop/Multiclass/data/train\animal fish\WNF52EEW3B5R.jpg,animal fish,256,256,JPEG
C:/Users/conta/OneDrive/Desktop/Multiclass/data/train\animal fish\WORTTCPQ60XZ.jpg,animal fish,256,256,JPEG
C:/Users/conta/OneDrive/Desktop/Multiclass/data/train\animal fish\WQ9X8K8V058L.jpg,animal fish,256,256,JPEG
C:/Users/conta/OneDrive/Desktop/Multiclass/data/train\animal fish\WS6JWS99KMG0.jpg,animal fish,256,256,JPEG
C:/Users/conta/OneDrive/Desktop/Multiclass/data/train\animal fish\WSALDVZZMPQE.jpg,animal fish,256,256,JPEG
C:/Users/conta/OneDrive/Desktop/Multiclass/data/train\animal fish\WSGQ59BX24SL.jpg,animal fish,256,256,JPEG
C:/Users/conta/OneDrive/Desktop/Multiclass/data/train\animal fish\WSPTPYBX834S.jpg,animal fish,256,256,JPEG
C:/Users/conta/OneDrive/Desktop/Multiclass/data/train\animal fish\WSUAMQYY8E1R.jpg,animal fish,256,256,JPEG
C:/Users/conta/OneDrive/Desktop/Multiclass/data/train\animal fish\WT610K1CT2VA.jpg,animal fish,256,256,JPEG
C:/Users/conta/OneDrive/Desktop/Multiclass/data/train\animal fish\WTT760QVDO8N.jpg,animal fish,256,256,JPEG
C:/Users/conta/OneDrive/Desktop/Multiclass/data/train\animal fish\WTXNX0SAA22N.jpg,animal fish,256,256,JPEG
C:/Users/conta/OneDrive/Desktop/Multiclass/data/train\animal fish\WU9MWOMJACIR.jpg,animal fish,256,256,JPEG
C:/Users/conta/OneDrive/Desktop/Multiclass/data/train\animal fish\WVA7D1TZV0ZX.jpg,animal fish,256,256,JPEG
C:/Users/conta/OneDrive/Desktop/Multiclass/data/train\animal fish\WXCW34K3ZXPS.jpg,animal fish,256,256,JPEG
C:/Users/conta/OneDrive/Desktop/Multiclass/data/train\animal fish\WXKI856J4YAY.jpg,animal fish,256,256,JPEG
C:/Users/conta/OneDrive/Desktop/Multiclass/data/train\animal fish\WYCY9UYSE0XY.jpg,animal fish,256,256,JPEG
C:/Users/conta/OneDrive/Desktop/Multiclass/data/train\animal fish\X0122326N1T4.jpg,animal fish,256,256,JPEG
C:/Users/conta/OneDrive/Desktop/Multiclass/data/train\animal fish\X0CI73E0SUBV.jpg,animal fish,256,256,JPEG
C:/Users/conta/OneDrive/Desktop/Multiclass/data/train\animal fish\X1A53377C6K6.jpg,animal fish,256,256,JPEG
C:/Users/conta/OneDrive/Desktop/Multiclass/data/train\animal fish\X1SS0DWHQW53.jpg,animal fish,256,256,JPEG
C:/Users/conta/OneDrive/Desktop/Multiclass/data/train\animal fish\X25015PIWDEB.jpg,animal fish,256,256,JPEG
C:/Users/conta/OneDrive/Desktop/Multiclass/data/train\animal fish\X3U6XNFX246F.jpg,animal fish,256,256,JPEG
C:/Users/conta/OneDrive/Desktop/Multiclass/data/train\animal fish\X4VJXWKEUURN.jpg,animal fish,256,256,JPEG
C:/Users/conta/OneDrive/Desktop/Multiclass/data/train\animal fish\X5B6VR59LEZU.jpg,animal fish,256,256,JPEG
C:/Users/conta/OneDrive/Desktop/Multiclass/data/train\animal fish\X6AFLRH0ODI7.jpg,animal fish,256,256,JPEG
C:/Users/conta/OneDrive/Desktop/Multiclass/data/train\animal fish\X6ETDWKARK4N.jpg,animal fish,256,256,JPEG
C:/Users/conta/OneDrive/Desktop/Multiclass/data/train\animal fish\X7YHUT46VBVV.jpg,animal fish,256,256,JPEG
C:/Users/conta/OneDrive/Desktop/Multiclass/data/train\animal fish\XBIT3YR05NZ4.jpg,animal fish,256,256,JPEG
C:/Users/conta/OneDrive/Desktop/Multiclass/data/train\animal fish\XCJZ648B1MRR.jpg,animal fish,256,256,JPEG
C:/Users/conta/OneDrive/Desktop/Multiclass/data/train\animal fish\XCMSJSLXS8F0.jpg,animal fish,256,256,JPEG
C:/Users/conta/OneDrive/Desktop/Multiclass/data/train\animal fish\XDEP2EI0JOC2.jpg,animal fish,256,256,JPEG
C:/Users/conta/OneDrive/Desktop/Multiclass/data/train\animal fish\XENWIHUV21ZG.jpg,animal fish,256,256,JPEG
C:/Users/conta/OneDrive/Desktop/Multiclass/data/train\animal fish\XF18T2E7C9H2.jpg,animal fish,256,256,JPEG
C:/Users/conta/OneDrive/Desktop/Multiclass/data/train\animal fish\XFXGV039WI61.jpg,animal fish,256,256,JPEG
C:/Users/conta/OneDrive/Desktop/Multiclass/data/train\animal fish\XGSYSU4K54Z0.jpg,animal fish,256,256,JPEG
C:/Users/conta/OneDrive/Desktop/Multiclass/data/train\animal fish\XH7Y7WVLMMC2.jpg,animal fish,256,256,JPEG
C:/Users/conta/OneDrive/Desktop/Multiclass/data/train\animal fish\XJ7JFP7BQVW8.jpg,animal fish,256,256,JPEG
C:/Users/conta/OneDrive/Desktop/Multiclass/data/train\animal fish\XJFE99F5VFSF.jpg,animal fish,256,256,JPEG
C:/Users/conta/OneDrive/Desktop/Multiclass/data/train\animal fish\XL8OQLRV5J2Y.jpg,animal fish,256,256,JPEG
C:/Users/conta/OneDrive/Desktop/Multiclass/data/train\animal fish\XLEWH4FVGKXO.jpg,animal fish,256,256,JPEG
C:/Users/conta/OneDrive/Desktop/Multiclass/data/train\animal fish\XLHVWLV6RZF9.jpg,animal fish,256,256,JPEG
C:/Users/conta/OneDrive/Desktop/Multiclass/data/train\animal fish\XOGG285QAVKX.jpg,animal fish,256,256,JPEG
C:/Users/conta/OneDrive/Desktop/Multiclass/data/train\animal fish\XSVNEWUMVHOJ.jpg,animal fish,256,256,JPEG
C:/Users/conta/OneDrive/Desktop/Multiclass/data/train\animal fish\XT7JTPGNKPZC.jpg,animal fish,256,256,JPEG
C:/Users/conta/OneDrive/Desktop/Multiclass/data/train\animal fish\XVH02EF4K3N1.jpg,animal fish,256,256,JPEG
C:/Users/conta/OneDrive/Desktop/Multiclass/data/train\animal fish\XW9JXVJS7YJX.jpg,animal fish,256,256,JPEG
C:/Users/conta/OneDrive/Desktop/Multiclass/data/train\animal fish\XWI94SCXSPL5.jpg,animal fish,256,256,JPEG
C:/Users/conta/OneDrive/Desktop/Multiclass/data/train\animal fish\XWN5AD1HVZ7U.jpg,animal fish,256,256,JPEG
C:/Users/conta/OneDrive/Desktop/Multiclass/data/train\animal fish\XX9UJ2ISCRAM.jpg,animal fish,256,256,JPEG
C:/Users/conta/OneDrive/Desktop/Multiclass/data/train\animal fish\XXH0DHU11E0Z.jpg,animal fish,256,256,JPEG
C:/Users/conta/OneDrive/Desktop/Multiclass/data/train\animal fish\XZAFRX0BS1S7.jpg,animal fish,256,256,JPEG
C:/Users/conta/OneDrive/Desktop/Multiclass/data/train\animal fish\Y0FQHDZHQGBU.jpg,animal fish,256,256,JPEG
C:/Users/conta/OneDrive/Desktop/Multiclass/data/train\animal fish\Y0S9BVDAY1WD.jpg,animal fish,256,256,JPEG
C:/Users/conta/OneDrive/Desktop/Multiclass/data/train\animal fish\Y5BZOU5VAFZD.jpg,animal fish,256,256,JPEG
C:/Users/conta/OneDrive/Desktop/Multiclass/data/train\animal fish\Y5NRYER24N9B.jpg,animal fish,256,256,JPEG
C:/Users/conta/OneDrive/Desktop/Multiclass/data/train\animal fish\Y61R0L3R2BQ5.jpg,animal fish,256,256,JPEG
C:/Users/conta/OneDrive/Desktop/Multiclass/data/train\animal fish\Y68JCQG28H6M.jpg,animal fish,256,256,JPEG
C:/Users/conta/OneDrive/Desktop/Multiclass/data/train\animal fish\Y6ATHB85XSYK.jpg,animal fish,256,256,JPEG
C:/Users/conta/OneDrive/Desktop/Multiclass/data/train\animal fish\Y6ITET23PB58.jpg,animal fish,256,256,JPEG
C:/Users/conta/OneDrive/Desktop/Multiclass/data/train\animal fish\Y80YYCP1KD37.jpg,animal fish,256,256,JPEG
C:/Users/conta/OneDrive/Desktop/Multiclass/data/train\animal fish\YADSED4FLNZI.jpg,animal fish,256,256,JPEG
C:/Users/conta/OneDrive/Desktop/Multiclass/data/train\animal fish\YBKVWVA93U47.jpg,animal fish,256,256,JPEG
C:/Users/conta/OneDrive/Desktop/Multiclass/data/train\animal fish\YEMH80D70LF1.jpg,animal fish,256,256,JPEG
C:/Users/conta/OneDrive/Desktop/Multiclass/data/train\animal fish\YF0ZNH4OPKL6.jpg,animal fish,256,256,JPEG
C:/Users/conta/OneDrive/Desktop/Multiclass/data/train\animal fish\YFUVNSKI9GWT.jpg,animal fish,256,256,JPEG
C:/Users/conta/OneDrive/Desktop/Multiclass/data/train\animal fish\YG1Y3WGVE8RX.jpg,animal fish,256,256,JPEG
C:/Users/conta/OneDrive/Desktop/Multiclass/data/train\animal fish\YGRO65AVTWVE.jpg,animal fish,256,256,JPEG
C:/Users/conta/OneDrive/Desktop/Multiclass/data/train\animal fish\YHFATG051FPL.jpg,animal fish,256,256,JPEG
C:/Users/conta/OneDrive/Desktop/Multiclass/data/train\animal fish\YI9I04V0QPTC.jpg,animal fish,256,256,JPEG
C:/Users/conta/OneDrive/Desktop/Multiclass/data/train\animal fish\YJGMVSCGMXM3.jpg,animal fish,256,256,JPEG
C:/Users/conta/OneDrive/Desktop/Multiclass/data/train\animal fish\YKKSSK878X90.jpg,animal fish,256,256,JPEG
C:/Users/conta/OneDrive/Desktop/Multiclass/data/train\animal fish\YM7S92NSPS5Y.jpg,animal fish,256,256,JPEG
C:/Users/conta/OneDrive/Desktop/Multiclass/data/train\animal fish\YMP3U3X2BKU5.jpg,animal fish,256,256,JPEG
C:/Users/conta/OneDrive/Desktop/Multiclass/data/train\animal fish\YMQBZ90JA615.jpg,animal fish,256,256,JPEG
C:/Users/conta/OneDrive/Desktop/Multiclass/data/train\animal fish\YN59GJK8BUVK.jpg,animal fish,256,256,JPEG
C:/Users/conta/OneDrive/Desktop/Multiclass/data/train\animal fish\YO1MBS1NYIJI.jpg,animal fish,256,256,JPEG
C:/Users/conta/OneDrive/Desktop/Multiclass/data/train\animal fish\YOQWBQ0OI950.jpg,animal fish,256,256,JPEG
C:/Users/conta/OneDrive/Desktop/Multiclass/data/train\animal fish\YOXF5EN7O5LQ.jpg,animal fish,256,256,JPEG
C:/Users/conta/OneDrive/Desktop/Multiclass/data/train\animal fish\YPAFIH3UO1O5.jpg,animal fish,256,256,JPEG
C:/Users/conta/OneDrive/Desktop/Multiclass/data/train\animal fish\YPXM9YFYIKQD.jpg,animal fish,256,256,JPEG
C:/Users/conta/OneDrive/Desktop/Multiclass/data/train\animal fish\YSUE0S0QO2KW.jpg,animal fish,256,256,JPEG
C:/Users/conta/OneDrive/Desktop/Multiclass/data/train\animal fish\YTIMOZY8P62J.jpg,animal fish,256,256,JPEG
C:/Users/conta/OneDrive/Desktop/Multiclass/data/train\animal fish\YU302NPRE01B.jpg,animal fish,256,256,JPEG
C:/Users/conta/OneDrive/Desktop/Multiclass/data/train\animal fish\YUOORQOBKNEC.jpg,animal fish,256,256,JPEG
C:/Users/conta/OneDrive/Desktop/Multiclass/data/train\animal fish\YVPOMVMTL89M.jpg,animal fish,256,256,JPEG
C:/Users/conta/OneDrive/Desktop/Multiclass/data/train\animal fish\YVQWXD70GMZ0.jpg,animal fish,256,256,JPEG
C:/Users/conta/OneDrive/Desktop/Multiclass/data/train\animal fish\YYM73Z4SPUUH.jpg,animal fish,256,256,JPEG
C:/Users/conta/OneDrive/Desktop/Multiclass/data/train\animal fish\YZGYPGQFHPP7.jpg,animal fish,256,256,JPEG
C:/Users/conta/OneDrive/Desktop/Multiclass/data/train\animal fish\Z3ZKFNH19036.jpg,animal fish,256,256,JPEG
C:/Users/conta/OneDrive/Desktop/Multiclass/data/train\animal fish\Z446IHNXPMH1.jpg,animal fish,256,256,JPEG
C:/Users/conta/OneDrive/Desktop/Multiclass/data/train\animal fish\Z46QIXLN34G9.jpg,animal fish,256,256,JPEG
C:/Users/conta/OneDrive/Desktop/Multiclass/data/train\animal fish\Z5PM2CHZJMZ8.jpg,animal fish,256,256,JPEG
C:/Users/conta/OneDrive/Desktop/Multiclass/data/train\animal fish\Z9K0MS1GW9P8.jpg,animal fish,256,256,JPEG
C:/Users/conta/OneDrive/Desktop/Multiclass/data/train\animal fish\Z9NZ16BAIWT0.jpg,animal fish,256,256,JPEG
C:/Users/conta/OneDrive/Desktop/Multiclass/data/train\animal fish\ZCFA784BIZ5X.jpg,animal fish,256,256,JPEG
C:/Users/conta/OneDrive/Desktop/Multiclass/data/train\animal fish\ZCS7E3PB4XX8.jpg,animal fish,256,256,JPEG
C:/Users/conta/OneDrive/Desktop/Multiclass/data/train\animal fish\ZEL0P5VJIH90.jpg,animal fish,256,256,JPEG
C:/Users/conta/OneDrive/Desktop/Multiclass/data/train\animal fish\ZKMOYJTVKDCN.jpg,animal fish,256,256,JPEG
C:/Users/conta/OneDrive/Desktop/Multiclass/data/train\animal fish\ZKW4E6DXHKY6.jpg,animal fish,256,256,JPEG
C:/Users/conta/OneDrive/Desktop/Multiclass/data/train\animal fish\ZLESN4BTMAD4.jpg,animal fish,256,256,JPEG
C:/Users/conta/OneDrive/Desktop/Multiclass/data/train\animal fish\ZLW754KAMV2C.jpg,animal fish,256,256,JPEG
C:/Users/conta/OneDrive/Desktop/Multiclass/data/train\animal fish\ZOUPXO3GLYZ1.jpg,animal fish,256,256,JPEG
C:/Users/conta/OneDrive/Desktop/Multiclass/data/train\animal fish\ZRXWKH1GIKFA.jpg,animal fish,256,256,JPEG
C:/Users/conta/OneDrive/Desktop/Multiclass/data/train\animal fish\ZS0M2D6LKBQI.jpg,animal fish,256,256,JPEG
C:/Users/conta/OneDrive/Desktop/Multiclass/data/train\animal fish\ZT5DHU48OOKK.jpg,animal fish,256,256,JPEG
C:/Users/conta/OneDrive/Desktop/Multiclass/data/train\animal fish\ZUAGU727GQQF.jpg,animal fish,256,256,JPEG
C:/Users/conta/OneDrive/Desktop/Multiclass/data/train\animal fish\ZUCYW7D1FWZV.jpg,animal fish,256,256,JPEG
C:/Users/conta/OneDrive/Desktop/Multiclass/data/train\animal fish\ZUV0IKG4AQMO.jpg,animal fish,256,256,JPEG
C:/Users/conta/OneDrive/Desktop/Multiclass/data/train\animal fish\ZVHTHFP0I5NL.jpg,animal fish,256,256,JPEG
C:/Users/conta/OneDrive/Desktop/Multiclass/data/train\animal fish\ZWMN633FPP3B.jpg,animal fish,256,256,JPEG
C:/Users/conta/OneDrive/Desktop/Multiclass/data/train\animal fish\ZWTXVUK0LXLK.jpg,animal fish,256,256,JPEG
C:/Users/conta/OneDrive/Desktop/Multiclass/data/train\animal fish\ZXQJYCW21Z3S.jpg,animal fish,256,256,JPEG
C:/Users/conta/OneDrive/Desktop/Multiclass/data/train\animal fish\ZY08G8EIL7UW.jpg,animal fish,256,256,JPEG
C:/Users/conta/OneDrive/Desktop/Multiclass/data/train\animal fish\ZYAVAHRSKS8H.jpg,animal fish,256,256,JPEG
C:/Users/conta/OneDrive/Desktop/Multiclass/data/train\animal fish bass\068T3EQC3C0Q.jpg,animal fish bass,256,256,JPEG
C:/Users/conta/OneDrive/Desktop/Multiclass/data/train\animal fish bass\0FOMFAGLZWI0.jpg,animal fish bass,256,256,JPEG
C:/Users/conta/OneDrive/Desktop/Multiclass/data/train\animal fish bass\0JTHSXK1ETO7.jpg,animal fish bass,256,256,JPEG
C:/Users/conta/OneDrive/Desktop/Multiclass/data/train\animal fish bass\1TTWRRBT5DYM.jpg,animal fish bass,256,256,JPEG
C:/Users/conta/OneDrive/Desktop/Multiclass/data/train\animal fish bass\2VGLYRKAR81X.jpg,animal fish bass,256,256,JPEG
C:/Users/conta/OneDrive/Desktop/Multiclass/data/train\animal fish bass\4KALDNCQFOSI.jpg,animal fish bass,256,256,JPEG
C:/Users/conta/OneDrive/Desktop/Multiclass/data/train\animal fish bass\4STGWOPMPDYC.jpg,animal fish bass,256,256,JPEG
C:/Users/conta/OneDrive/Desktop/Multiclass/data/train\animal fish bass\4ZWTMDZL73G3.jpg,animal fish bass,256,256,JPEG
C:/Users/conta/OneDrive/Desktop/Multiclass/data/train\animal fish bass\5T96N4VR6U7G.jpg,animal fish bass,256,256,JPEG
C:/Users/conta/OneDrive/Desktop/Multiclass/data/train\animal fish bass\8CHXMG9DXG7S.jpg,animal fish bass,256,256,JPEG
C:/Users/conta/OneDrive/Desktop/Multiclass/data/train\animal fish bass\E7BD7TEPJDTT.jpg,animal fish bass,256,256,JPEG
C:/Users/conta/OneDrive/Desktop/Multiclass/data/train\animal fish bass\E81FFTURAY28.jpg,animal fish bass,256,256,JPEG
C:/Users/conta/OneDrive/Desktop/Multiclass/data/train\animal fish bass\EBZHTHVJ16GR.jpg,animal fish bass,256,256,JPEG
C:/Users/conta/OneDrive/Desktop/Multiclass/data/train\animal fish bass\EGAM55Z2JWFP.jpg,animal fish bass,256,256,JPEG
C:/Users/conta/OneDrive/Desktop/Multiclass/data/train\animal fish bass\EHQIKX5MBDK3.jpg,animal fish bass,256,256,JPEG
C:/Users/conta/OneDrive/Desktop/Multiclass/data/train\animal fish bass\FL2ZCHVKTSAL.jpg,animal fish bass,256,256,JPEG
C:/Users/conta/OneDrive/Desktop/Multiclass/data/train\animal fish bass\GISBT8I25HRV.jpg,animal fish bass,256,256,JPEG
C:/Users/conta/OneDrive/Desktop/Multiclass/data/train\animal fish bass\GLEGQ9EYCLMA.jpg,animal fish bass,256,256,JPEG
C:/Users/conta/OneDrive/Desktop/Multiclass/data/train\animal fish bass\H4DLGLJGSM7D.jpg,animal fish bass,256,256,JPEG
C:/Users/conta/OneDrive/Desktop/Multiclass/data/train\animal fish bass\HA8SR675FEM7.jpg,animal fish bass,256,256,JPEG
C:/Users/conta/OneDrive/Desktop/Multiclass/data/train\animal fish bass\HL9EZ0GDBLTQ.jpg,animal fish bass,256,256,JPEG
C:/Users/conta/OneDrive/Desktop/Multiclass/data/train\animal fish bass\KK5H4HBJS2E1.jpg,animal fish bass,256,256,JPEG
C:/Users/conta/OneDrive/Desktop/Multiclass/data/train\animal fish bass\LF8MVK4HH5BU.jpg,animal fish bass,256,256,JPEG
C:/Users/conta/OneDrive/Desktop/Multiclass/data/train\animal fish bass\MJLMV1U91LPH.jpg,animal fish bass,256,256,JPEG
C:/Users/conta/OneDrive/Desktop/Multiclass/data/train\animal fish bass\OVSGGTPV620O.jpg,animal fish bass,256,256,JPEG
C:/Users/conta/OneDrive/Desktop/Multiclass/data/train\animal fish bass\Q4R09F0ES3CF.jpg,animal fish bass,256,256,JPEG
C:/Users/conta/OneDrive/Desktop/Multiclass/data/train\animal fish bass\QIV78WIGIMQL.jpg,animal fish bass,256,256,JPEG
C:/Users/conta/OneDrive/Desktop/Multiclass/data/train\animal fish bass\RQR3JUQ838LB.jpg,animal fish bass,256,256,JPEG
C:/Users/conta/OneDrive/Desktop/Multiclass/data/train\animal fish bass\SQOVPLHD2EW9.jpg,animal fish bass,256,256,JPEG
C:/Users/conta/OneDrive/Desktop/Multiclass/data/train\animal fish bass\VG7WYBRPXMTV.jpg,animal fish bass,256,256,JPEG
C:/Users/conta/OneDrive/Desktop/Multiclass/data/train\fish sea_food black_sea_sprat\01F5NP0WCYCF.jpg,fish sea_food black_sea_sprat,256,256,JPEG
C:/Users/conta/OneDrive/Desktop/Multiclass/data/train\fish sea_food black_sea_sprat\027JP42DOQR8.jpg,fish sea_food black_sea_sprat,256,256,JPEG
C:/Users/conta/OneDrive/Desktop/Multiclass/data/train\fish sea_food black_sea_sprat\032OF4NU5QIC.jpg,fish sea_food black_sea_sprat,256,256,JPEG
C:/Users/conta/OneDrive/Desktop/Multiclass/data/train\fish sea_food black_sea_sprat\03FI4M6NU9CU.jpg,fish sea_food black_sea_sprat,256,256,JPEG
C:/Users/conta/OneDrive/Desktop/Multiclass/data/train\fish sea_food black_sea_sprat\056IEZX8QKVX.jpg,fish sea_food black_sea_sprat,256,256,JPEG
C:/Users/conta/OneDrive/Desktop/Multiclass/data/train\fish sea_food black_sea_sprat\084F295PD9W6.jpg,fish sea_food black_sea_sprat,256,256,JPEG
C:/Users/conta/OneDrive/Desktop/Multiclass/data/train\fish sea_food black_sea_sprat\0A4HBJ5YPTT5.jpg,fish sea_food black_sea_sprat,256,256,JPEG
C:/Users/conta/OneDrive/Desktop/Multiclass/data/train\fish sea_food black_sea_sprat\0AMCANG30G6J.jpg,fish sea_food black_sea_sprat,256,256,JPEG
C:/Users/conta/OneDrive/Desktop/Multiclass/data/train\fish sea_food black_sea_sprat\0BWP5CN6A2WW.jpg,fish sea_food black_sea_sprat,256,256,JPEG
C:/Users/conta/OneDrive/Desktop/Multiclass/data/train\fish sea_food black_sea_sprat\0CFN7N6PEIQW.jpg,fish sea_food black_sea_sprat,256,256,JPEG
C:/Users/conta/OneDrive/Desktop/Multiclass/data/train\fish sea_food black_sea_sprat\0IO9FWZXWN61.jpg,fish sea_food black_sea_sprat,256,256,JPEG
C:/Users/conta/OneDrive/Desktop/Multiclass/data/train\fish sea_food black_sea_sprat\0TFK1B991E5S.jpg,fish sea_food black_sea_sprat,256,256,JPEG
C:/Users/conta/OneDrive/Desktop/Multiclass/data/train\fish sea_food black_sea_sprat\11M52CQWQG0P.jpg,fish sea_food black_sea_sprat,256,256,JPEG
C:/Users/conta/OneDrive/Desktop/Multiclass/data/train\fish sea_food black_sea_sprat\125BKOU0K0J4.jpg,fish sea_food black_sea_sprat,256,256,JPEG
C:/Users/conta/OneDrive/Desktop/Multiclass/data/train\fish sea_food black_sea_sprat\13JJLVOAH1FG.jpg,fish sea_food black_sea_sprat,256,256,JPEG
C:/Users/conta/OneDrive/Desktop/Multiclass/data/train\fish sea_food black_sea_sprat\179RKW3ALKJS.jpg,fish sea_food black_sea_sprat,256,256,JPEG
C:/Users/conta/OneDrive/Desktop/Multiclass/data/train\fish sea_food black_sea_sprat\1814FKD36CEH.jpg,fish sea_food black_sea_sprat,256,256,JPEG
C:/Users/conta/OneDrive/Desktop/Multiclass/data/train\fish sea_food black_sea_sprat\1C7EO83U3Y3U.jpg,fish sea_food black_sea_sprat,256,256,JPEG
C:/Users/conta/OneDrive/Desktop/Multiclass/data/train\fish sea_food black_sea_sprat\1DB1VRI9BHF9.jpg,fish sea_food black_sea_sprat,256,256,JPEG
C:/Users/conta/OneDrive/Desktop/Multiclass/data/train\fish sea_food black_sea_sprat\1DXL4O9XNZJH.jpg,fish sea_food black_sea_sprat,256,256,JPEG
C:/Users/conta/OneDrive/Desktop/Multiclass/data/train\fish sea_food black_sea_sprat\1H8UK8RU7T5H.jpg,fish sea_food black_sea_sprat,256,256,JPEG
C:/Users/conta/OneDrive/Desktop/Multiclass/data/train\fish sea_food black_sea_sprat\1KBAAAWBNOQE.jpg,fish sea_food black_sea_sprat,256,256,JPEG
C:/Users/conta/OneDrive/Desktop/Multiclass/data/train\fish sea_food black_sea_sprat\1NW36YS5MO0Y.jpg,fish sea_food black_sea_sprat,256,256,JPEG
C:/Users/conta/OneDrive/Desktop/Multiclass/data/train\fish sea_food black_sea_sprat\1P8XF4QJ9E61.jpg,fish sea_food black_sea_sprat,256,256,JPEG
C:/Users/conta/OneDrive/Desktop/Multiclass/data/train\fish sea_food black_sea_sprat\1QD0F2MB0LLR.jpg,fish sea_food black_sea_sprat,256,256,JPEG
C:/Users/conta/OneDrive/Desktop/Multiclass/data/train\fish sea_food black_sea_sprat\1RZW98185QDL.jpg,fish sea_food black_sea_sprat,256,256,JPEG
C:/Users/conta/OneDrive/Desktop/Multiclass/data/train\fish sea_food black_sea_sprat\1TT6JXZ85EGC.jpg,fish sea_food black_sea_sprat,256,256,JPEG
C:/Users/conta/OneDrive/Desktop/Multiclass/data/train\fish sea_food black_sea_sprat\1V3KLDN37Z79.jpg,fish sea_food black_sea_sprat,256,256,JPEG
C:/Users/conta/OneDrive/Desktop/Multiclass/data/train\fish sea_food black_sea_sprat\1Y5BW053RNSQ.jpg,fish sea_food black_sea_sprat,256,256,JPEG
C:/Users/conta/OneDrive/Desktop/Multiclass/data/train\fish sea_food black_sea_sprat\2142J1W72LUY.jpg,fish sea_food black_sea_sprat,256,256,JPEG
C:/Users/conta/OneDrive/Desktop/Multiclass/data/train\fish sea_food black_sea_sprat\2JWFD4I5Y6Q5.jpg,fish sea_food black_sea_sprat,256,256,JPEG
C:/Users/conta/OneDrive/Desktop/Multiclass/data/train\fish sea_food black_sea_sprat\2KCNJ3VH6P2A.jpg,fish sea_food black_sea_sprat,256,256,JPEG
C:/Users/conta/OneDrive/Desktop/Multiclass/data/train\fish sea_food black_sea_sprat\2M2TN354975R.jpg,fish sea_food black_sea_sprat,256,256,JPEG
C:/Users/conta/OneDrive/Desktop/Multiclass/data/train\fish sea_food black_sea_sprat\2VHFYHYXGHTE.jpg,fish sea_food black_sea_sprat,256,256,JPEG
C:/Users/conta/OneDrive/Desktop/Multiclass/data/train\fish sea_food black_sea_sprat\2WILNZ7V5IHB.jpg,fish sea_food black_sea_sprat,256,256,JPEG
C:/Users/conta/OneDrive/Desktop/Multiclass/data/train\fish sea_food black_sea_sprat\30O5YM10Q3WU.jpg,fish sea_food black_sea_sprat,256,256,JPEG
C:/Users/conta/OneDrive/Desktop/Multiclass/data/train\fish sea_food black_sea_sprat\327Q0IU1I4BF.jpg,fish sea_food black_sea_sprat,256,256,JPEG
C:/Users/conta/OneDrive/Desktop/Multiclass/data/train\fish sea_food black_sea_sprat\373O4LO1THMV.jpg,fish sea_food black_sea_sprat,256,256,JPEG
C:/Users/conta/OneDrive/Desktop/Multiclass/data/train\fish sea_food black_sea_sprat\38X00FSV3ZEA.jpg,fish sea_food black_sea_sprat,256,256,JPEG
C:/Users/conta/OneDrive/Desktop/Multiclass/data/train\fish sea_food black_sea_sprat\3DDEC7RXTXHE.jpg,fish sea_food black_sea_sprat,256,256,JPEG
C:/Users/conta/OneDrive/Desktop/Multiclass/data/train\fish sea_food black_sea_sprat\3F5OTUBWC4C4.jpg,fish sea_food black_sea_sprat,256,256,JPEG
C:/Users/conta/OneDrive/Desktop/Multiclass/data/train\fish sea_food black_sea_sprat\3GG7DDM69HYC.jpg,fish sea_food black_sea_sprat,256,256,JPEG
C:/Users/conta/OneDrive/Desktop/Multiclass/data/train\fish sea_food black_sea_sprat\3HFAA1I1P8SU.jpg,fish sea_food black_sea_sprat,256,256,JPEG
C:/Users/conta/OneDrive/Desktop/Multiclass/data/train\fish sea_food black_sea_sprat\3JR8F11P9FZ2.jpg,fish sea_food black_sea_sprat,256,256,JPEG
C:/Users/conta/OneDrive/Desktop/Multiclass/data/train\fish sea_food black_sea_sprat\3MPMPIL4P1CS.jpg,fish sea_food black_sea_sprat,256,256,JPEG
C:/Users/conta/OneDrive/Desktop/Multiclass/data/train\fish sea_food black_sea_sprat\3Q7UJETSPAMI.jpg,fish sea_food black_sea_sprat,256,256,JPEG
C:/Users/conta/OneDrive/Desktop/Multiclass/data/train\fish sea_food black_sea_sprat\3RDJPCPJQ30B.jpg,fish sea_food black_sea_sprat,256,256,JPEG
C:/Users/conta/OneDrive/Desktop/Multiclass/data/train\fish sea_food black_sea_sprat\3TTZ7LR5KM3Y.jpg,fish sea_food black_sea_sprat,256,256,JPEG
C:/Users/conta/OneDrive/Desktop/Multiclass/data/train\fish sea_food black_sea_sprat\3V71277UQW9R.jpg,fish sea_food black_sea_sprat,256,256,JPEG
C:/Users/conta/OneDrive/Desktop/Multiclass/data/train\fish sea_food black_sea_sprat\3Y1X3DWLPH5U.jpg,fish sea_food black_sea_sprat,256,256,JPEG
C:/Users/conta/OneDrive/Desktop/Multiclass/data/train\fish sea_food black_sea_sprat\40MLJJ1FEP1R.jpg,fish sea_food black_sea_sprat,256,256,JPEG
C:/Users/conta/OneDrive/Desktop/Multiclass/data/train\fish sea_food black_sea_sprat\4170URS8QSXT.jpg,fish sea_food black_sea_sprat,256,256,JPEG
C:/Users/conta/OneDrive/Desktop/Multiclass/data/train\fish sea_food black_sea_sprat\41CRAV57I3M6.jpg,fish sea_food black_sea_sprat,256,256,JPEG
C:/Users/conta/OneDrive/Desktop/Multiclass/data/train\fish sea_food black_sea_sprat\43O627S0A2IP.jpg,fish sea_food black_sea_sprat,256,256,JPEG
C:/Users/conta/OneDrive/Desktop/Multiclass/data/train\fish sea_food black_sea_sprat\43SFO07VHCT9.jpg,fish sea_food black_sea_sprat,256,256,JPEG
C:/Users/conta/OneDrive/Desktop/Multiclass/data/train\fish sea_food black_sea_sprat\44XXZ7YUR1FI.jpg,fish sea_food black_sea_sprat,256,256,JPEG
C:/Users/conta/OneDrive/Desktop/Multiclass/data/train\fish sea_food black_sea_sprat\476UF9H7WWXR.jpg,fish sea_food black_sea_sprat,256,256,JPEG
C:/Users/conta/OneDrive/Desktop/Multiclass/data/train\fish sea_food black_sea_sprat\47AOJETLNFYT.jpg,fish sea_food black_sea_sprat,256,256,JPEG
C:/Users/conta/OneDrive/Desktop/Multiclass/data/train\fish sea_food black_sea_sprat\47Z1P5Z9A394.jpg,fish sea_food black_sea_sprat,256,256,JPEG
C:/Users/conta/OneDrive/Desktop/Multiclass/data/train\fish sea_food black_sea_sprat\49U99LUGT6MY.jpg,fish sea_food black_sea_sprat,256,256,JPEG
C:/Users/conta/OneDrive/Desktop/Multiclass/data/train\fish sea_food black_sea_sprat\4G37K8NOVEJ9.jpg,fish sea_food black_sea_sprat,256,256,JPEG
C:/Users/conta/OneDrive/Desktop/Multiclass/data/train\fish sea_food black_sea_sprat\4HTC2DAEGM78.jpg,fish sea_food black_sea_sprat,256,256,JPEG
C:/Users/conta/OneDrive/Desktop/Multiclass/data/train\fish sea_food black_sea_sprat\4I4Z7IUDIMJN.jpg,fish sea_food black_sea_sprat,256,256,JPEG
C:/Users/conta/OneDrive/Desktop/Multiclass/data/train\fish sea_food black_sea_sprat\4KNEC6J14KAB.jpg,fish sea_food black_sea_sprat,256,256,JPEG
C:/Users/conta/OneDrive/Desktop/Multiclass/data/train\fish sea_food black_sea_sprat\4M5SYSJB12BY.jpg,fish sea_food black_sea_sprat,256,256,JPEG
C:/Users/conta/OneDrive/Desktop/Multiclass/data/train\fish sea_food black_sea_sprat\4QQ1FS51FSB1.jpg,fish sea_food black_sea_sprat,256,256,JPEG
C:/Users/conta/OneDrive/Desktop/Multiclass/data/train\fish sea_food black_sea_sprat\4RGEX00PXJ2E.jpg,fish sea_food black_sea_sprat,256,256,JPEG
C:/Users/conta/OneDrive/Desktop/Multiclass/data/train\fish sea_food black_sea_sprat\4ROF2A6F49OU.jpg,fish sea_food black_sea_sprat,256,256,JPEG
C:/Users/conta/OneDrive/Desktop/Multiclass/data/train\fish sea_food black_sea_sprat\4RRP08WTH99Z.jpg,fish sea_food black_sea_sprat,256,256,JPEG
C:/Users/conta/OneDrive/Desktop/Multiclass/data/train\fish sea_food black_sea_sprat\50U2W3G2QMBM.jpg,fish sea_food black_sea_sprat,256,256,JPEG
C:/Users/conta/OneDrive/Desktop/Multiclass/data/train\fish sea_food black_sea_sprat\54FIN06RWONS.jpg,fish sea_food black_sea_sprat,256,256,JPEG
C:/Users/conta/OneDrive/Desktop/Multiclass/data/train\fish sea_food black_sea_sprat\57N7ZGUF9FYE.jpg,fish sea_food black_sea_sprat,256,256,JPEG
C:/Users/conta/OneDrive/Desktop/Multiclass/data/train\fish sea_food black_sea_sprat\5866W8EZONF5.jpg,fish sea_food black_sea_sprat,256,256,JPEG
C:/Users/conta/OneDrive/Desktop/Multiclass/data/train\fish sea_food black_sea_sprat\5AYUDQ0WG101.jpg,fish sea_food black_sea_sprat,256,256,JPEG
C:/Users/conta/OneDrive/Desktop/Multiclass/data/train\fish sea_food black_sea_sprat\5C9PQUJECC2J.jpg,fish sea_food black_sea_sprat,256,256,JPEG
C:/Users/conta/OneDrive/Desktop/Multiclass/data/train\fish sea_food black_sea_sprat\5D5AJJE6EUWG.jpg,fish sea_food black_sea_sprat,256,256,JPEG
C:/Users/conta/OneDrive/Desktop/Multiclass/data/train\fish sea_food black_sea_sprat\5DNFSFUBQ924.jpg,fish sea_food black_sea_sprat,256,256,JPEG
C:/Users/conta/OneDrive/Desktop/Multiclass/data/train\fish sea_food black_sea_sprat\5FJ1T9GTLBKD.jpg,fish sea_food black_sea_sprat,256,256,JPEG
C:/Users/conta/OneDrive/Desktop/Multiclass/data/train\fish sea_food black_sea_sprat\5NAPLE0I8M0J.jpg,fish sea_food black_sea_sprat,256,256,JPEG
C:/Users/conta/OneDrive/Desktop/Multiclass/data/train\fish sea_food black_sea_sprat\5Q5X9GSQEB66.jpg,fish sea_food black_sea_sprat,256,256,JPEG
C:/Users/conta/OneDrive/Desktop/Multiclass/data/train\fish sea_food black_sea_sprat\5SGN5EHK8FHL.jpg,fish sea_food black_sea_sprat,256,256,JPEG
C:/Users/conta/OneDrive/Desktop/Multiclass/data/train\fish sea_food black_sea_sprat\5T5NHKPQVDRZ.jpg,fish sea_food black_sea_sprat,256,256,JPEG
C:/Users/conta/OneDrive/Desktop/Multiclass/data/train\fish sea_food black_sea_sprat\5VD9A0IDAGLO.jpg,fish sea_food black_sea_sprat,256,256,JPEG
C:/Users/conta/OneDrive/Desktop/Multiclass/data/train\fish sea_food black_sea_sprat\5VFFEILC533G.jpg,fish sea_food black_sea_sprat,256,256,JPEG
C:/Users/conta/OneDrive/Desktop/Multiclass/data/train\fish sea_food black_sea_sprat\5WOZN0NVUV0F.jpg,fish sea_food black_sea_sprat,256,256,JPEG
C:/Users/conta/OneDrive/Desktop/Multiclass/data/train\fish sea_food black_sea_sprat\5XM4RXBDUIT5.jpg,fish sea_food black_sea_sprat,256,256,JPEG
C:/Users/conta/OneDrive/Desktop/Multiclass/data/train\fish sea_food black_sea_sprat\5Y00YLWUCBDL.jpg,fish sea_food black_sea_sprat,256,256,JPEG
C:/Users/conta/OneDrive/Desktop/Multiclass/data/train\fish sea_food black_sea_sprat\60MLH208BS31.jpg,fish sea_food black_sea_sprat,256,256,JPEG
C:/Users/conta/OneDrive/Desktop/Multiclass/data/train\fish sea_food black_sea_sprat\62ZXSKV63H2K.jpg,fish sea_food black_sea_sprat,256,256,JPEG
C:/Users/conta/OneDrive/Desktop/Multiclass/data/train\fish sea_food black_sea_sprat\6537ZH6LDEEB.jpg,fish sea_food black_sea_sprat,256,256,JPEG
C:/Users/conta/OneDrive/Desktop/Multiclass/data/train\fish sea_food black_sea_sprat\66O9TILFMEBL.jpg,fish sea_food black_sea_sprat,256,256,JPEG
C:/Users/conta/OneDrive/Desktop/Multiclass/data/train\fish sea_food black_sea_sprat\66QIEJ103IDP.jpg,fish sea_food black_sea_sprat,256,256,JPEG
C:/Users/conta/OneDrive/Desktop/Multiclass/data/train\fish sea_food black_sea_sprat\66Y9JBEM7V67.jpg,fish sea_food black_sea_sprat,256,256,JPEG
C:/Users/conta/OneDrive/Desktop/Multiclass/data/train\fish sea_food black_sea_sprat\6A0MO7SQBQC1.jpg,fish sea_food black_sea_sprat,256,256,JPEG
C:/Users/conta/OneDrive/Desktop/Multiclass/data/train\fish sea_food black_sea_sprat\6E53NAPZH0D3.jpg,fish sea_food black_sea_sprat,256,256,JPEG
C:/Users/conta/OneDrive/Desktop/Multiclass/data/train\fish sea_food black_sea_sprat\6F058SGBKCMS.jpg,fish sea_food black_sea_sprat,256,256,JPEG
C:/Users/conta/OneDrive/Desktop/Multiclass/data/train\fish sea_food black_sea_sprat\6HPD4F2UX39P.jpg,fish sea_food black_sea_sprat,256,256,JPEG
C:/Users/conta/OneDrive/Desktop/Multiclass/data/train\fish sea_food black_sea_sprat\6HS7ZOYP76Q1.jpg,fish sea_food black_sea_sprat,256,256,JPEG
C:/Users/conta/OneDrive/Desktop/Multiclass/data/train\fish sea_food black_sea_sprat\6L7UFM36OO3F.jpg,fish sea_food black_sea_sprat,256,256,JPEG
C:/Users/conta/OneDrive/Desktop/Multiclass/data/train\fish sea_food black_sea_sprat\6M2LCS04RXMN.jpg,fish sea_food black_sea_sprat,256,256,JPEG
C:/Users/conta/OneDrive/Desktop/Multiclass/data/train\fish sea_food black_sea_sprat\6MALGWQ77AI4.jpg,fish sea_food black_sea_sprat,256,256,JPEG
C:/Users/conta/OneDrive/Desktop/Multiclass/data/train\fish sea_food black_sea_sprat\6N83R1X5DU12.jpg,fish sea_food black_sea_sprat,256,256,JPEG
C:/Users/conta/OneDrive/Desktop/Multiclass/data/train\fish sea_food black_sea_sprat\6NZTE7FUX04M.jpg,fish sea_food black_sea_sprat,256,256,JPEG
C:/Users/conta/OneDrive/Desktop/Multiclass/data/train\fish sea_food black_sea_sprat\6T6M1AHT6AK8.jpg,fish sea_food black_sea_sprat,256,256,JPEG
C:/Users/conta/OneDrive/Desktop/Multiclass/data/train\fish sea_food black_sea_sprat\6WMGZMZK863B.jpg,fish sea_food black_sea_sprat,256,256,JPEG
C:/Users/conta/OneDrive/Desktop/Multiclass/data/train\fish sea_food black_sea_sprat\6YCROQN0GH9K.jpg,fish sea_food black_sea_sprat,256,256,JPEG
C:/Users/conta/OneDrive/Desktop/Multiclass/data/train\fish sea_food black_sea_sprat\6YOBO1BDCZHO.jpg,fish sea_food black_sea_sprat,256,256,JPEG
C:/Users/conta/OneDrive/Desktop/Multiclass/data/train\fish sea_food black_sea_sprat\6ZH8HO4FZP6V.jpg,fish sea_food black_sea_sprat,256,256,JPEG
C:/Users/conta/OneDrive/Desktop/Multiclass/data/train\fish sea_food black_sea_sprat\7A0MUVJ0DATA.jpg,fish sea_food black_sea_sprat,256,256,JPEG
C:/Users/conta/OneDrive/Desktop/Multiclass/data/train\fish sea_food black_sea_sprat\7D3YUM2QJE96.jpg,fish sea_food black_sea_sprat,256,256,JPEG
C:/Users/conta/OneDrive/Desktop/Multiclass/data/train\fish sea_food black_sea_sprat\7GI6FG8J60X1.jpg,fish sea_food black_sea_sprat,256,256,JPEG
C:/Users/conta/OneDrive/Desktop/Multiclass/data/train\fish sea_food black_sea_sprat\7IOSWFPDLPVT.jpg,fish sea_food black_sea_sprat,256,256,JPEG
C:/Users/conta/OneDrive/Desktop/Multiclass/data/train\fish sea_food black_sea_sprat\7LSDOAW7T1SV.jpg,fish sea_food black_sea_sprat,256,256,JPEG
C:/Users/conta/OneDrive/Desktop/Multiclass/data/train\fish sea_food black_sea_sprat\7N0T4ZYV0EPM.jpg,fish sea_food black_sea_sprat,256,256,JPEG
C:/Users/conta/OneDrive/Desktop/Multiclass/data/train\fish sea_food black_sea_sprat\7O3CH3M3GT1O.jpg,fish sea_food black_sea_sprat,256,256,JPEG
C:/Users/conta/OneDrive/Desktop/Multiclass/data/train\fish sea_food black_sea_sprat\7ON0NJD51O7Q.jpg,fish sea_food black_sea_sprat,256,256,JPEG
C:/Users/conta/OneDrive/Desktop/Multiclass/data/train\fish sea_food black_sea_sprat\7OOQD5SAJSA5.jpg,fish sea_food black_sea_sprat,256,256,JPEG
C:/Users/conta/OneDrive/Desktop/Multiclass/data/train\fish sea_food black_sea_sprat\7OUK45FJTJ0N.jpg,fish sea_food black_sea_sprat,256,256,JPEG
C:/Users/conta/OneDrive/Desktop/Multiclass/data/train\fish sea_food black_sea_sprat\7SD1HNNSGZI2.jpg,fish sea_food black_sea_sprat,256,256,JPEG
C:/Users/conta/OneDrive/Desktop/Multiclass/data/train\fish sea_food black_sea_sprat\7TRVGHA5HBN8.jpg,fish sea_food black_sea_sprat,256,256,JPEG
C:/Users/conta/OneDrive/Desktop/Multiclass/data/train\fish sea_food black_sea_sprat\7U8Q5LR6B5EY.jpg,fish sea_food black_sea_sprat,256,256,JPEG
C:/Users/conta/OneDrive/Desktop/Multiclass/data/train\fish sea_food black_sea_sprat\7UZ6ZJRY07LS.jpg,fish sea_food black_sea_sprat,256,256,JPEG
C:/Users/conta/OneDrive/Desktop/Multiclass/data/train\fish sea_food black_sea_sprat\7VCWCAP761UC.jpg,fish sea_food black_sea_sprat,256,256,JPEG
C:/Users/conta/OneDrive/Desktop/Multiclass/data/train\fish sea_food black_sea_sprat\7VZ2JB5F9LVP.jpg,fish sea_food black_sea_sprat,256,256,JPEG
C:/Users/conta/OneDrive/Desktop/Multiclass/data/train\fish sea_food black_sea_sprat\7WW0OWXGD1GU.jpg,fish sea_food black_sea_sprat,256,256,JPEG
C:/Users/conta/OneDrive/Desktop/Multiclass/data/train\fish sea_food black_sea_sprat\85Q9R2GF3FWF.jpg,fish sea_food black_sea_sprat,256,256,JPEG
C:/Users/conta/OneDrive/Desktop/Multiclass/data/train\fish sea_food black_sea_sprat\86DWQHWFMVTH.jpg,fish sea_food black_sea_sprat,256,256,JPEG
C:/Users/conta/OneDrive/Desktop/Multiclass/data/train\fish sea_food black_sea_sprat\88GCDKUY03JW.jpg,fish sea_food black_sea_sprat,256,256,JPEG
C:/Users/conta/OneDrive/Desktop/Multiclass/data/train\fish sea_food black_sea_sprat\891VEQBZZXNU.jpg,fish sea_food black_sea_sprat,256,256,JPEG
C:/Users/conta/OneDrive/Desktop/Multiclass/data/train\fish sea_food black_sea_sprat\8BJEXAIG5S74.jpg,fish sea_food black_sea_sprat,256,256,JPEG
C:/Users/conta/OneDrive/Desktop/Multiclass/data/train\fish sea_food black_sea_sprat\8BYTRXTTLYTB.jpg,fish sea_food black_sea_sprat,256,256,JPEG
C:/Users/conta/OneDrive/Desktop/Multiclass/data/train\fish sea_food black_sea_sprat\8CEQXMY9VW0X.jpg,fish sea_food black_sea_sprat,256,256,JPEG
C:/Users/conta/OneDrive/Desktop/Multiclass/data/train\fish sea_food black_sea_sprat\8DRDWM966PJ1.jpg,fish sea_food black_sea_sprat,256,256,JPEG
C:/Users/conta/OneDrive/Desktop/Multiclass/data/train\fish sea_food black_sea_sprat\8EXPMO0DSH8C.jpg,fish sea_food black_sea_sprat,256,256,JPEG
C:/Users/conta/OneDrive/Desktop/Multiclass/data/train\fish sea_food black_sea_sprat\8GTMGXQY6ORM.jpg,fish sea_food black_sea_sprat,256,256,JPEG
C:/Users/conta/OneDrive/Desktop/Multiclass/data/train\fish sea_food black_sea_sprat\8I24A8EKZE6R.jpg,fish sea_food black_sea_sprat,256,256,JPEG
C:/Users/conta/OneDrive/Desktop/Multiclass/data/train\fish sea_food black_sea_sprat\8L9CKM4SO8YQ.jpg,fish sea_food black_sea_sprat,256,256,JPEG
C:/Users/conta/OneDrive/Desktop/Multiclass/data/train\fish sea_food black_sea_sprat\8P0QLIND3DNU.jpg,fish sea_food black_sea_sprat,256,256,JPEG
C:/Users/conta/OneDrive/Desktop/Multiclass/data/train\fish sea_food black_sea_sprat\8PIF1T1GLLUP.jpg,fish sea_food black_sea_sprat,256,256,JPEG
C:/Users/conta/OneDrive/Desktop/Multiclass/data/train\fish sea_food black_sea_sprat\8SRQ3MCT9121.jpg,fish sea_food black_sea_sprat,256,256,JPEG
C:/Users/conta/OneDrive/Desktop/Multiclass/data/train\fish sea_food black_sea_sprat\8V65RGXOK4II.jpg,fish sea_food black_sea_sprat,256,256,JPEG
C:/Users/conta/OneDrive/Desktop/Multiclass/data/train\fish sea_food black_sea_sprat\8X3I6JG2PYLX.jpg,fish sea_food black_sea_sprat,256,256,JPEG
C:/Users/conta/OneDrive/Desktop/Multiclass/data/train\fish sea_food black_sea_sprat\8YFJD5T5CHS3.jpg,fish sea_food black_sea_sprat,256,256,JPEG
C:/Users/conta/OneDrive/Desktop/Multiclass/data/train\fish sea_food black_sea_sprat\8YL42PVAYRSM.jpg,fish sea_food black_sea_sprat,256,256,JPEG
C:/Users/conta/OneDrive/Desktop/Multiclass/data/train\fish sea_food black_sea_sprat\8YU88BC0JNNZ.jpg,fish sea_food black_sea_sprat,256,256,JPEG
C:/Users/conta/OneDrive/Desktop/Multiclass/data/train\fish sea_food black_sea_sprat\94DSDDACQQI3.jpg,fish sea_food black_sea_sprat,256,256,JPEG
C:/Users/conta/OneDrive/Desktop/Multiclass/data/train\fish sea_food black_sea_sprat\97F6Z96FBNM0.jpg,fish sea_food black_sea_sprat,256,256,JPEG
C:/Users/conta/OneDrive/Desktop/Multiclass/data/train\fish sea_food black_sea_sprat\9BOVTKPV54AV.jpg,fish sea_food black_sea_sprat,256,256,JPEG
C:/Users/conta/OneDrive/Desktop/Multiclass/data/train\fish sea_food black_sea_sprat\9CPTJ0BY8OUN.jpg,fish sea_food black_sea_sprat,256,256,JPEG
C:/Users/conta/OneDrive/Desktop/Multiclass/data/train\fish sea_food black_sea_sprat\9E1DJRDXDAOF.jpg,fish sea_food black_sea_sprat,256,256,JPEG
C:/Users/conta/OneDrive/Desktop/Multiclass/data/train\fish sea_food black_sea_sprat\9EFL5O63V2EH.jpg,fish sea_food black_sea_sprat,256,256,JPEG
C:/Users/conta/OneDrive/Desktop/Multiclass/data/train\fish sea_food black_sea_sprat\9GSB18P0M3P0.jpg,fish sea_food black_sea_sprat,256,256,JPEG
C:/Users/conta/OneDrive/Desktop/Multiclass/data/train\fish sea_food black_sea_sprat\9J1SFUOHRSW2.jpg,fish sea_food black_sea_sprat,256,256,JPEG
C:/Users/conta/OneDrive/Desktop/Multiclass/data/train\fish sea_food black_sea_sprat\9LOF3HQXEXY6.jpg,fish sea_food black_sea_sprat,256,256,JPEG
C:/Users/conta/OneDrive/Desktop/Multiclass/data/train\fish sea_food black_sea_sprat\9PJPTMFJLKIZ.jpg,fish sea_food black_sea_sprat,256,256,JPEG
C:/Users/conta/OneDrive/Desktop/Multiclass/data/train\fish sea_food black_sea_sprat\9TKVBJKIEMEW.jpg,fish sea_food black_sea_sprat,256,256,JPEG
C:/Users/conta/OneDrive/Desktop/Multiclass/data/train\fish sea_food black_sea_sprat\9U3D6U7FMOCL.jpg,fish sea_food black_sea_sprat,256,256,JPEG
C:/Users/conta/OneDrive/Desktop/Multiclass/data/train\fish sea_food black_sea_sprat\9UTAHO1VHZ5O.jpg,fish sea_food black_sea_sprat,256,256,JPEG
C:/Users/conta/OneDrive/Desktop/Multiclass/data/train\fish sea_food black_sea_sprat\9XK36Q5LNHCU.jpg,fish sea_food black_sea_sprat,256,256,JPEG
C:/Users/conta/OneDrive/Desktop/Multiclass/data/train\fish sea_food black_sea_sprat\9YJNE1DCCUXV.jpg,fish sea_food black_sea_sprat,256,256,JPEG
C:/Users/conta/OneDrive/Desktop/Multiclass/data/train\fish sea_food black_sea_sprat\9YY07LW4895K.jpg,fish sea_food black_sea_sprat,256,256,JPEG
C:/Users/conta/OneDrive/Desktop/Multiclass/data/train\fish sea_food black_sea_sprat\A024ORG6M99I.jpg,fish sea_food black_sea_sprat,256,256,JPEG
C:/Users/conta/OneDrive/Desktop/Multiclass/data/train\fish sea_food black_sea_sprat\A0KRE436L0CT.jpg,fish sea_food black_sea_sprat,256,256,JPEG
C:/Users/conta/OneDrive/Desktop/Multiclass/data/train\fish sea_food black_sea_sprat\A1JAVMHWBLH4.jpg,fish sea_food black_sea_sprat,256,256,JPEG
C:/Users/conta/OneDrive/Desktop/Multiclass/data/train\fish sea_food black_sea_sprat\A2F2MP0LDFF8.jpg,fish sea_food black_sea_sprat,256,256,JPEG
C:/Users/conta/OneDrive/Desktop/Multiclass/data/train\fish sea_food black_sea_sprat\A2OFWI70O3MS.jpg,fish sea_food black_sea_sprat,256,256,JPEG
C:/Users/conta/OneDrive/Desktop/Multiclass/data/train\fish sea_food black_sea_sprat\A3DZVBZALBAH.jpg,fish sea_food black_sea_sprat,256,256,JPEG
C:/Users/conta/OneDrive/Desktop/Multiclass/data/train\fish sea_food black_sea_sprat\A77IYR219XSC.jpg,fish sea_food black_sea_sprat,256,256,JPEG
C:/Users/conta/OneDrive/Desktop/Multiclass/data/train\fish sea_food black_sea_sprat\A96YGBW5CV1R.jpg,fish sea_food black_sea_sprat,256,256,JPEG
C:/Users/conta/OneDrive/Desktop/Multiclass/data/train\fish sea_food black_sea_sprat\A99GHXHSILS1.jpg,fish sea_food black_sea_sprat,256,256,JPEG
C:/Users/conta/OneDrive/Desktop/Multiclass/data/train\fish sea_food black_sea_sprat\AAWOAPFWL4Q6.jpg,fish sea_food black_sea_sprat,256,256,JPEG
C:/Users/conta/OneDrive/Desktop/Multiclass/data/train\fish sea_food black_sea_sprat\ACWIIH5K2FHQ.jpg,fish sea_food black_sea_sprat,256,256,JPEG
C:/Users/conta/OneDrive/Desktop/Multiclass/data/train\fish sea_food black_sea_sprat\ALAPY362VLVI.jpg,fish sea_food black_sea_sprat,256,256,JPEG
C:/Users/conta/OneDrive/Desktop/Multiclass/data/train\fish sea_food black_sea_sprat\AQY0NKO2WN8J.jpg,fish sea_food black_sea_sprat,256,256,JPEG
C:/Users/conta/OneDrive/Desktop/Multiclass/data/train\fish sea_food black_sea_sprat\AQZJYC8KNN5G.jpg,fish sea_food black_sea_sprat,256,256,JPEG
C:/Users/conta/OneDrive/Desktop/Multiclass/data/train\fish sea_food black_sea_sprat\AUX7YM6VYYXW.jpg,fish sea_food black_sea_sprat,256,256,JPEG
C:/Users/conta/OneDrive/Desktop/Multiclass/data/train\fish sea_food black_sea_sprat\AV1FHETLLK9G.jpg,fish sea_food black_sea_sprat,256,256,JPEG
C:/Users/conta/OneDrive/Desktop/Multiclass/data/train\fish sea_food black_sea_sprat\AWBDCWH1OIAB.jpg,fish sea_food black_sea_sprat,256,256,JPEG
C:/Users/conta/OneDrive/Desktop/Multiclass/data/train\fish sea_food black_sea_sprat\AWD4CGDD3ZOQ.jpg,fish sea_food black_sea_sprat,256,256,JPEG
C:/Users/conta/OneDrive/Desktop/Multiclass/data/train\fish sea_food black_sea_sprat\AWI0VTW4NWNN.jpg,fish sea_food black_sea_sprat,256,256,JPEG
C:/Users/conta/OneDrive/Desktop/Multiclass/data/train\fish sea_food black_sea_sprat\AZRYMM5ILMXO.jpg,fish sea_food black_sea_sprat,256,256,JPEG
C:/Users/conta/OneDrive/Desktop/Multiclass/data/train\fish sea_food black_sea_sprat\AZXKSLO984SV.jpg,fish sea_food black_sea_sprat,256,256,JPEG
C:/Users/conta/OneDrive/Desktop/Multiclass/data/train\fish sea_food black_sea_sprat\B13VUIZFSPEW.jpg,fish sea_food black_sea_sprat,256,256,JPEG
C:/Users/conta/OneDrive/Desktop/Multiclass/data/train\fish sea_food black_sea_sprat\B50DFUMPYDS6.jpg,fish sea_food black_sea_sprat,256,256,JPEG
C:/Users/conta/OneDrive/Desktop/Multiclass/data/train\fish sea_food black_sea_sprat\B67W8LVE65PJ.jpg,fish sea_food black_sea_sprat,256,256,JPEG
C:/Users/conta/OneDrive/Desktop/Multiclass/data/train\fish sea_food black_sea_sprat\B9YGC9CP6QSI.jpg,fish sea_food black_sea_sprat,256,256,JPEG
C:/Users/conta/OneDrive/Desktop/Multiclass/data/train\fish sea_food black_sea_sprat\BA81I9Z9NKYA.jpg,fish sea_food black_sea_sprat,256,256,JPEG
C:/Users/conta/OneDrive/Desktop/Multiclass/data/train\fish sea_food black_sea_sprat\BB8F0MNWIQ42.jpg,fish sea_food black_sea_sprat,256,256,JPEG
C:/Users/conta/OneDrive/Desktop/Multiclass/data/train\fish sea_food black_sea_sprat\BCK1NHCKZSNM.jpg,fish sea_food black_sea_sprat,256,256,JPEG
C:/Users/conta/OneDrive/Desktop/Multiclass/data/train\fish sea_food black_sea_sprat\BD0OIH64HUYA.jpg,fish sea_food black_sea_sprat,256,256,JPEG
C:/Users/conta/OneDrive/Desktop/Multiclass/data/train\fish sea_food black_sea_sprat\BE4JSJ7G5H9K.jpg,fish sea_food black_sea_sprat,256,256,JPEG
C:/Users/conta/OneDrive/Desktop/Multiclass/data/train\fish sea_food black_sea_sprat\BG474AK4WG84.jpg,fish sea_food black_sea_sprat,256,256,JPEG
C:/Users/conta/OneDrive/Desktop/Multiclass/data/train\fish sea_food black_sea_sprat\BG9BY8QX83QE.jpg,fish sea_food black_sea_sprat,256,256,JPEG
C:/Users/conta/OneDrive/Desktop/Multiclass/data/train\fish sea_food black_sea_sprat\BI6K2QLLN1PC.jpg,fish sea_food black_sea_sprat,256,256,JPEG
C:/Users/conta/OneDrive/Desktop/Multiclass/data/train\fish sea_food black_sea_sprat\BILUR049EOID.jpg,fish sea_food black_sea_sprat,256,256,JPEG
C:/Users/conta/OneDrive/Desktop/Multiclass/data/train\fish sea_food black_sea_sprat\BJOHRXJFYY0L.jpg,fish sea_food black_sea_sprat,256,256,JPEG
C:/Users/conta/OneDrive/Desktop/Multiclass/data/train\fish sea_food black_sea_sprat\BLPGC1QXRDTY.jpg,fish sea_food black_sea_sprat,256,256,JPEG
C:/Users/conta/OneDrive/Desktop/Multiclass/data/train\fish sea_food black_sea_sprat\BOX8HSV46575.jpg,fish sea_food black_sea_sprat,256,256,JPEG
C:/Users/conta/OneDrive/Desktop/Multiclass/data/train\fish sea_food black_sea_sprat\BPQ9JY8S0MKG.jpg,fish sea_food black_sea_sprat,256,256,JPEG
C:/Users/conta/OneDrive/Desktop/Multiclass/data/train\fish sea_food black_sea_sprat\BT4L774FG04J.jpg,fish sea_food black_sea_sprat,256,256,JPEG
C:/Users/conta/OneDrive/Desktop/Multiclass/data/train\fish sea_food black_sea_sprat\BTKKPAZ7OIN2.jpg,fish sea_food black_sea_sprat,256,256,JPEG
C:/Users/conta/OneDrive/Desktop/Multiclass/data/train\fish sea_food black_sea_sprat\BTW087TF763O.jpg,fish sea_food black_sea_sprat,256,256,JPEG
C:/Users/conta/OneDrive/Desktop/Multiclass/data/train\fish sea_food black_sea_sprat\BYJKBOO4YBOV.jpg,fish sea_food black_sea_sprat,256,256,JPEG
C:/Users/conta/OneDrive/Desktop/Multiclass/data/train\fish sea_food black_sea_sprat\C6NALNDGTU69.jpg,fish sea_food black_sea_sprat,256,256,JPEG
C:/Users/conta/OneDrive/Desktop/Multiclass/data/train\fish sea_food black_sea_sprat\C84MUO9AJM39.jpg,fish sea_food black_sea_sprat,256,256,JPEG
C:/Users/conta/OneDrive/Desktop/Multiclass/data/train\fish sea_food black_sea_sprat\C9J59UPVX1D3.jpg,fish sea_food black_sea_sprat,256,256,JPEG
C:/Users/conta/OneDrive/Desktop/Multiclass/data/train\fish sea_food black_sea_sprat\CAEFN4EP1EA7.jpg,fish sea_food black_sea_sprat,256,256,JPEG
C:/Users/conta/OneDrive/Desktop/Multiclass/data/train\fish sea_food black_sea_sprat\CALX4ZCPEUB3.jpg,fish sea_food black_sea_sprat,256,256,JPEG
C:/Users/conta/OneDrive/Desktop/Multiclass/data/train\fish sea_food black_sea_sprat\CIZDI4EGDZMP.jpg,fish sea_food black_sea_sprat,256,256,JPEG
C:/Users/conta/OneDrive/Desktop/Multiclass/data/train\fish sea_food black_sea_sprat\CLL1U1EMN1EU.jpg,fish sea_food black_sea_sprat,256,256,JPEG
C:/Users/conta/OneDrive/Desktop/Multiclass/data/train\fish sea_food black_sea_sprat\CR81BC99I02U.jpg,fish sea_food black_sea_sprat,256,256,JPEG
C:/Users/conta/OneDrive/Desktop/Multiclass/data/train\fish sea_food black_sea_sprat\CSI2TLL5FAGF.jpg,fish sea_food black_sea_sprat,256,256,JPEG
C:/Users/conta/OneDrive/Desktop/Multiclass/data/train\fish sea_food black_sea_sprat\CTZ4ZZVALTIG.jpg,fish sea_food black_sea_sprat,256,256,JPEG
C:/Users/conta/OneDrive/Desktop/Multiclass/data/train\fish sea_food black_sea_sprat\CU19K71S2WGP.jpg,fish sea_food black_sea_sprat,256,256,JPEG
C:/Users/conta/OneDrive/Desktop/Multiclass/data/train\fish sea_food black_sea_sprat\CWB6D5BDPDHD.jpg,fish sea_food black_sea_sprat,256,256,JPEG
C:/Users/conta/OneDrive/Desktop/Multiclass/data/train\fish sea_food black_sea_sprat\CWUX1ZDXLZ5R.jpg,fish sea_food black_sea_sprat,256,256,JPEG
C:/Users/conta/OneDrive/Desktop/Multiclass/data/train\fish sea_food black_sea_sprat\CXSWBMXDOMNG.jpg,fish sea_food black_sea_sprat,256,256,JPEG
C:/Users/conta/OneDrive/Desktop/Multiclass/data/train\fish sea_food black_sea_sprat\D12ZICS1WYHX.jpg,fish sea_food black_sea_sprat,256,256,JPEG
C:/Users/conta/OneDrive/Desktop/Multiclass/data/train\fish sea_food black_sea_sprat\D1BQSKFJKA33.jpg,fish sea_food black_sea_sprat,256,256,JPEG
C:/Users/conta/OneDrive/Desktop/Multiclass/data/train\fish sea_food black_sea_sprat\D1FB4M1TRAR9.jpg,fish sea_food black_sea_sprat,256,256,JPEG
C:/Users/conta/OneDrive/Desktop/Multiclass/data/train\fish sea_food black_sea_sprat\DALE1TD1GT7J.jpg,fish sea_food black_sea_sprat,256,256,JPEG
C:/Users/conta/OneDrive/Desktop/Multiclass/data/train\fish sea_food black_sea_sprat\DB4Y0VAA24U1.jpg,fish sea_food black_sea_sprat,256,256,JPEG
C:/Users/conta/OneDrive/Desktop/Multiclass/data/train\fish sea_food black_sea_sprat\DC4AIVX2W3LU.jpg,fish sea_food black_sea_sprat,256,256,JPEG
C:/Users/conta/OneDrive/Desktop/Multiclass/data/train\fish sea_food black_sea_sprat\DDQMATDJPS93.jpg,fish sea_food black_sea_sprat,256,256,JPEG
C:/Users/conta/OneDrive/Desktop/Multiclass/data/train\fish sea_food black_sea_sprat\DHONUB4RE9KV.jpg,fish sea_food black_sea_sprat,256,256,JPEG
C:/Users/conta/OneDrive/Desktop/Multiclass/data/train\fish sea_food black_sea_sprat\DK6H6DNCE3XK.jpg,fish sea_food black_sea_sprat,256,256,JPEG
C:/Users/conta/OneDrive/Desktop/Multiclass/data/train\fish sea_food black_sea_sprat\DMQOZVLZNDZU.jpg,fish sea_food black_sea_sprat,256,256,JPEG
C:/Users/conta/OneDrive/Desktop/Multiclass/data/train\fish sea_food black_sea_sprat\DVQZXD7YSSJO.jpg,fish sea_food black_sea_sprat,256,256,JPEG
C:/Users/conta/OneDrive/Desktop/Multiclass/data/train\fish sea_food black_sea_sprat\DWWI89JEW8DU.jpg,fish sea_food black_sea_sprat,256,256,JPEG
C:/Users/conta/OneDrive/Desktop/Multiclass/data/train\fish sea_food black_sea_sprat\DZUAOY2FZH29.jpg,fish sea_food black_sea_sprat,256,256,JPEG
C:/Users/conta/OneDrive/Desktop/Multiclass/data/train\fish sea_food black_sea_sprat\E0I93M4WYBV8.jpg,fish sea_food black_sea_sprat,256,256,JPEG
C:/Users/conta/OneDrive/Desktop/Multiclass/data/train\fish sea_food black_sea_sprat\E5INXXEKYQ5H.jpg,fish sea_food black_sea_sprat,256,256,JPEG
C:/Users/conta/OneDrive/Desktop/Multiclass/data/train\fish sea_food black_sea_sprat\E7MNCLSJ50KA.jpg,fish sea_food black_sea_sprat,256,256,JPEG
C:/Users/conta/OneDrive/Desktop/Multiclass/data/train\fish sea_food black_sea_sprat\E8ZJQCZI7ERJ.jpg,fish sea_food black_sea_sprat,256,256,JPEG
C:/Users/conta/OneDrive/Desktop/Multiclass/data/train\fish sea_food black_sea_sprat\ECAYIJXR62V3.jpg,fish sea_food black_sea_sprat,256,256,JPEG
C:/Users/conta/OneDrive/Desktop/Multiclass/data/train\fish sea_food black_sea_sprat\ED61IJ6JUX1S.jpg,fish sea_food black_sea_sprat,256,256,JPEG
C:/Users/conta/OneDrive/Desktop/Multiclass/data/train\fish sea_food black_sea_sprat\EFMQZJEFVWP4.jpg,fish sea_food black_sea_sprat,256,256,JPEG
C:/Users/conta/OneDrive/Desktop/Multiclass/data/train\fish sea_food black_sea_sprat\EHZ3XJDFQBEX.jpg,fish sea_food black_sea_sprat,256,256,JPEG
C:/Users/conta/OneDrive/Desktop/Multiclass/data/train\fish sea_food black_sea_sprat\EI9NTEXEBTWI.jpg,fish sea_food black_sea_sprat,256,256,JPEG
C:/Users/conta/OneDrive/Desktop/Multiclass/data/train\fish sea_food black_sea_sprat\EJWTAM7A6VWN.jpg,fish sea_food black_sea_sprat,256,256,JPEG
C:/Users/conta/OneDrive/Desktop/Multiclass/data/train\fish sea_food black_sea_sprat\EN77CI2X3BO3.jpg,fish sea_food black_sea_sprat,256,256,JPEG
C:/Users/conta/OneDrive/Desktop/Multiclass/data/train\fish sea_food black_sea_sprat\EN8VZNMMQNR2.jpg,fish sea_food black_sea_sprat,256,256,JPEG
C:/Users/conta/OneDrive/Desktop/Multiclass/data/train\fish sea_food black_sea_sprat\ENR63ALRD22Z.jpg,fish sea_food black_sea_sprat,256,256,JPEG
C:/Users/conta/OneDrive/Desktop/Multiclass/data/train\fish sea_food black_sea_sprat\EQTDOR61RQMF.jpg,fish sea_food black_sea_sprat,256,256,JPEG
C:/Users/conta/OneDrive/Desktop/Multiclass/data/train\fish sea_food black_sea_sprat\EVFO936S47D7.jpg,fish sea_food black_sea_sprat,256,256,JPEG
C:/Users/conta/OneDrive/Desktop/Multiclass/data/train\fish sea_food black_sea_sprat\EVTMLPHNR44T.jpg,fish sea_food black_sea_sprat,256,256,JPEG
C:/Users/conta/OneDrive/Desktop/Multiclass/data/train\fish sea_food black_sea_sprat\EY5UKZR8E8PO.jpg,fish sea_food black_sea_sprat,256,256,JPEG
C:/Users/conta/OneDrive/Desktop/Multiclass/data/train\fish sea_food black_sea_sprat\F0VRVB6HDNN2.jpg,fish sea_food black_sea_sprat,256,256,JPEG
C:/Users/conta/OneDrive/Desktop/Multiclass/data/train\fish sea_food black_sea_sprat\F10WM6YPAGIE.jpg,fish sea_food black_sea_sprat,256,256,JPEG
C:/Users/conta/OneDrive/Desktop/Multiclass/data/train\fish sea_food black_sea_sprat\F3MYBTOU0NVS.jpg,fish sea_food black_sea_sprat,256,256,JPEG
C:/Users/conta/OneDrive/Desktop/Multiclass/data/train\fish sea_food black_sea_sprat\F3PZ3WZF6TY1.jpg,fish sea_food black_sea_sprat,256,256,JPEG
C:/Users/conta/OneDrive/Desktop/Multiclass/data/train\fish sea_food black_sea_sprat\F7K7P81IJCKZ.jpg,fish sea_food black_sea_sprat,256,256,JPEG
C:/Users/conta/OneDrive/Desktop/Multiclass/data/train\fish sea_food black_sea_sprat\FC4687J2DXYN.jpg,fish sea_food black_sea_sprat,256,256,JPEG
C:/Users/conta/OneDrive/Desktop/Multiclass/data/train\fish sea_food black_sea_sprat\FHH1LB659BWY.jpg,fish sea_food black_sea_sprat,256,256,JPEG
C:/Users/conta/OneDrive/Desktop/Multiclass/data/train\fish sea_food black_sea_sprat\FSUXR3ZZ5ZCJ.jpg,fish sea_food black_sea_sprat,256,256,JPEG
C:/Users/conta/OneDrive/Desktop/Multiclass/data/train\fish sea_food black_sea_sprat\FVGMWN7NQW7V.jpg,fish sea_food black_sea_sprat,256,256,JPEG
C:/Users/conta/OneDrive/Desktop/Multiclass/data/train\fish sea_food black_sea_sprat\FXVP4J58KEWN.jpg,fish sea_food black_sea_sprat,256,256,JPEG
C:/Users/conta/OneDrive/Desktop/Multiclass/data/train\fish sea_food black_sea_sprat\FYS820YMIWZM.jpg,fish sea_food black_sea_sprat,256,256,JPEG
C:/Users/conta/OneDrive/Desktop/Multiclass/data/train\fish sea_food black_sea_sprat\FZFSKFXZ1WVE.jpg,fish sea_food black_sea_sprat,256,256,JPEG
C:/Users/conta/OneDrive/Desktop/Multiclass/data/train\fish sea_food black_sea_sprat\G3OU3U4K7XJE.jpg,fish sea_food black_sea_sprat,256,256,JPEG
C:/Users/conta/OneDrive/Desktop/Multiclass/data/train\fish sea_food black_sea_sprat\G42EV268JJFI.jpg,fish sea_food black_sea_sprat,256,256,JPEG
C:/Users/conta/OneDrive/Desktop/Multiclass/data/train\fish sea_food black_sea_sprat\G653W0WIIBLW.jpg,fish sea_food black_sea_sprat,256,256,JPEG
C:/Users/conta/OneDrive/Desktop/Multiclass/data/train\fish sea_food black_sea_sprat\G7F370G7QNSW.jpg,fish sea_food black_sea_sprat,256,256,JPEG
C:/Users/conta/OneDrive/Desktop/Multiclass/data/train\fish sea_food black_sea_sprat\G8LM45G0LQCY.jpg,fish sea_food black_sea_sprat,256,256,JPEG
C:/Users/conta/OneDrive/Desktop/Multiclass/data/train\fish sea_food black_sea_sprat\GA5U2932BGB6.jpg,fish sea_food black_sea_sprat,256,256,JPEG
C:/Users/conta/OneDrive/Desktop/Multiclass/data/train\fish sea_food black_sea_sprat\GC87DZEGW5Y6.jpg,fish sea_food black_sea_sprat,256,256,JPEG
C:/Users/conta/OneDrive/Desktop/Multiclass/data/train\fish sea_food black_sea_sprat\GFSJ0NOXXZTF.jpg,fish sea_food black_sea_sprat,256,256,JPEG
C:/Users/conta/OneDrive/Desktop/Multiclass/data/train\fish sea_food black_sea_sprat\GHKBIBRGMAB1.jpg,fish sea_food black_sea_sprat,256,256,JPEG
C:/Users/conta/OneDrive/Desktop/Multiclass/data/train\fish sea_food black_sea_sprat\GKP1M59NTZCS.jpg,fish sea_food black_sea_sprat,256,256,JPEG
C:/Users/conta/OneDrive/Desktop/Multiclass/data/train\fish sea_food black_sea_sprat\GLHKWQ37K99I.jpg,fish sea_food black_sea_sprat,256,256,JPEG
C:/Users/conta/OneDrive/Desktop/Multiclass/data/train\fish sea_food black_sea_sprat\GPG8Q7180U4L.jpg,fish sea_food black_sea_sprat,256,256,JPEG
C:/Users/conta/OneDrive/Desktop/Multiclass/data/train\fish sea_food black_sea_sprat\GR4TSPVF7IV8.jpg,fish sea_food black_sea_sprat,256,256,JPEG
C:/Users/conta/OneDrive/Desktop/Multiclass/data/train\fish sea_food black_sea_sprat\GRJ9LZ7WLHDI.jpg,fish sea_food black_sea_sprat,256,256,JPEG
C:/Users/conta/OneDrive/Desktop/Multiclass/data/train\fish sea_food black_sea_sprat\GSDAYJC3A7FG.jpg,fish sea_food black_sea_sprat,256,256,JPEG
C:/Users/conta/OneDrive/Desktop/Multiclass/data/train\fish sea_food black_sea_sprat\GYHOCSXD449X.jpg,fish sea_food black_sea_sprat,256,256,JPEG
C:/Users/conta/OneDrive/Desktop/Multiclass/data/train\fish sea_food black_sea_sprat\H0XLGL388O5U.jpg,fish sea_food black_sea_sprat,256,256,JPEG
C:/Users/conta/OneDrive/Desktop/Multiclass/data/train\fish sea_food black_sea_sprat\H1I2FFJT245L.jpg,fish sea_food black_sea_sprat,256,256,JPEG
C:/Users/conta/OneDrive/Desktop/Multiclass/data/train\fish sea_food black_sea_sprat\H1U6ADFFS5E1.jpg,fish sea_food black_sea_sprat,256,256,JPEG
C:/Users/conta/OneDrive/Desktop/Multiclass/data/train\fish sea_food black_sea_sprat\H3I2TFUZQKIU.jpg,fish sea_food black_sea_sprat,256,256,JPEG
C:/Users/conta/OneDrive/Desktop/Multiclass/data/train\fish sea_food black_sea_sprat\H475IBKEU7KD.jpg,fish sea_food black_sea_sprat,256,256,JPEG
C:/Users/conta/OneDrive/Desktop/Multiclass/data/train\fish sea_food black_sea_sprat\H5CIMX61M5I2.jpg,fish sea_food black_sea_sprat,256,256,JPEG
C:/Users/conta/OneDrive/Desktop/Multiclass/data/train\fish sea_food black_sea_sprat\H6Q1FLIGT3Z5.jpg,fish sea_food black_sea_sprat,256,256,JPEG
C:/Users/conta/OneDrive/Desktop/Multiclass/data/train\fish sea_food black_sea_sprat\HDFWS7KN24H8.jpg,fish sea_food black_sea_sprat,256,256,JPEG
C:/Users/conta/OneDrive/Desktop/Multiclass/data/train\fish sea_food black_sea_sprat\HKSA74NZRFBH.jpg,fish sea_food black_sea_sprat,256,256,JPEG
C:/Users/conta/OneDrive/Desktop/Multiclass/data/train\fish sea_food black_sea_sprat\HNARNNRUSPH1.jpg,fish sea_food black_sea_sprat,256,256,JPEG
C:/Users/conta/OneDrive/Desktop/Multiclass/data/train\fish sea_food black_sea_sprat\HTQX49CYWSDB.jpg,fish sea_food black_sea_sprat,256,256,JPEG
C:/Users/conta/OneDrive/Desktop/Multiclass/data/train\fish sea_food black_sea_sprat\HUEK1GHCXZ0Z.jpg,fish sea_food black_sea_sprat,256,256,JPEG
C:/Users/conta/OneDrive/Desktop/Multiclass/data/train\fish sea_food black_sea_sprat\I7NKR21RIVA1.jpg,fish sea_food black_sea_sprat,256,256,JPEG
C:/Users/conta/OneDrive/Desktop/Multiclass/data/train\fish sea_food black_sea_sprat\I950NB1G7IF4.jpg,fish sea_food black_sea_sprat,256,256,JPEG
C:/Users/conta/OneDrive/Desktop/Multiclass/data/train\fish sea_food black_sea_sprat\IG6O225BB315.jpg,fish sea_food black_sea_sprat,256,256,JPEG
C:/Users/conta/OneDrive/Desktop/Multiclass/data/train\fish sea_food black_sea_sprat\IIG2TGJL0O36.jpg,fish sea_food black_sea_sprat,256,256,JPEG
C:/Users/conta/OneDrive/Desktop/Multiclass/data/train\fish sea_food black_sea_sprat\IKE3V6TVRL9O.jpg,fish sea_food black_sea_sprat,256,256,JPEG
C:/Users/conta/OneDrive/Desktop/Multiclass/data/train\fish sea_food black_sea_sprat\IKL29AWV64VV.jpg,fish sea_food black_sea_sprat,256,256,JPEG
C:/Users/conta/OneDrive/Desktop/Multiclass/data/train\fish sea_food black_sea_sprat\ILDWE6L74WBA.jpg,fish sea_food black_sea_sprat,256,256,JPEG
C:/Users/conta/OneDrive/Desktop/Multiclass/data/train\fish sea_food black_sea_sprat\ILLS9MHR2WTY.jpg,fish sea_food black_sea_sprat,256,256,JPEG
C:/Users/conta/OneDrive/Desktop/Multiclass/data/train\fish sea_food black_sea_sprat\IO3K2QIUXN0D.jpg,fish sea_food black_sea_sprat,256,256,JPEG
C:/Users/conta/OneDrive/Desktop/Multiclass/data/train\fish sea_food black_sea_sprat\IQ5H1JG2QQFP.jpg,fish sea_food black_sea_sprat,256,256,JPEG
C:/Users/conta/OneDrive/Desktop/Multiclass/data/train\fish sea_food black_sea_sprat\IVV1ILYFPNHI.jpg,fish sea_food black_sea_sprat,256,256,JPEG
C:/Users/conta/OneDrive/Desktop/Multiclass/data/train\fish sea_food black_sea_sprat\IYLAXWK1CBMT.jpg,fish sea_food black_sea_sprat,256,256,JPEG
C:/Users/conta/OneDrive/Desktop/Multiclass/data/train\fish sea_food black_sea_sprat\J77LDGLGXBOX.jpg,fish sea_food black_sea_sprat,256,256,JPEG
C:/Users/conta/OneDrive/Desktop/Multiclass/data/train\fish sea_food black_sea_sprat\J7QMC0REV89V.jpg,fish sea_food black_sea_sprat,256,256,JPEG
C:/Users/conta/OneDrive/Desktop/Multiclass/data/train\fish sea_food black_sea_sprat\JBU7007H9L2V.jpg,fish sea_food black_sea_sprat,256,256,JPEG
C:/Users/conta/OneDrive/Desktop/Multiclass/data/train\fish sea_food black_sea_sprat\JESSS9DJNF98.jpg,fish sea_food black_sea_sprat,256,256,JPEG
C:/Users/conta/OneDrive/Desktop/Multiclass/data/train\fish sea_food black_sea_sprat\JG3MN5B8PPGC.jpg,fish sea_food black_sea_sprat,256,256,JPEG
C:/Users/conta/OneDrive/Desktop/Multiclass/data/train\fish sea_food black_sea_sprat\JJX90T5638ED.jpg,fish sea_food black_sea_sprat,256,256,JPEG
C:/Users/conta/OneDrive/Desktop/Multiclass/data/train\fish sea_food black_sea_sprat\JPQG5053L0L4.jpg,fish sea_food black_sea_sprat,256,256,JPEG
C:/Users/conta/OneDrive/Desktop/Multiclass/data/train\fish sea_food black_sea_sprat\JQUBXTN81UY8.jpg,fish sea_food black_sea_sprat,256,256,JPEG
C:/Users/conta/OneDrive/Desktop/Multiclass/data/train\fish sea_food black_sea_sprat\JRJ6M2HQTCB4.jpg,fish sea_food black_sea_sprat,256,256,JPEG
C:/Users/conta/OneDrive/Desktop/Multiclass/data/train\fish sea_food black_sea_sprat\JRW49D9BF7O1.jpg,fish sea_food black_sea_sprat,256,256,JPEG
C:/Users/conta/OneDrive/Desktop/Multiclass/data/train\fish sea_food black_sea_sprat\JSV72AOCWW5P.jpg,fish sea_food black_sea_sprat,256,256,JPEG
C:/Users/conta/OneDrive/Desktop/Multiclass/data/train\fish sea_food black_sea_sprat\JTUHQ9YK6U48.jpg,fish sea_food black_sea_sprat,256,256,JPEG
C:/Users/conta/OneDrive/Desktop/Multiclass/data/train\fish sea_food black_sea_sprat\JV0JP34AEXCK.jpg,fish sea_food black_sea_sprat,256,256,JPEG
C:/Users/conta/OneDrive/Desktop/Multiclass/data/train\fish sea_food black_sea_sprat\JV44Q1BQ2HJY.jpg,fish sea_food black_sea_sprat,256,256,JPEG
C:/Users/conta/OneDrive/Desktop/Multiclass/data/train\fish sea_food black_sea_sprat\K4CCAFMC2F8B.jpg,fish sea_food black_sea_sprat,256,256,JPEG
C:/Users/conta/OneDrive/Desktop/Multiclass/data/train\fish sea_food black_sea_sprat\K6OERZ4JE3IH.jpg,fish sea_food black_sea_sprat,256,256,JPEG
C:/Users/conta/OneDrive/Desktop/Multiclass/data/train\fish sea_food black_sea_sprat\K85B3O5DE968.jpg,fish sea_food black_sea_sprat,256,256,JPEG
C:/Users/conta/OneDrive/Desktop/Multiclass/data/train\fish sea_food black_sea_sprat\KADS7P3BKJQX.jpg,fish sea_food black_sea_sprat,256,256,JPEG
C:/Users/conta/OneDrive/Desktop/Multiclass/data/train\fish sea_food black_sea_sprat\KGQZ62GZJB7V.jpg,fish sea_food black_sea_sprat,256,256,JPEG
C:/Users/conta/OneDrive/Desktop/Multiclass/data/train\fish sea_food black_sea_sprat\KGYZZRY6DF9J.jpg,fish sea_food black_sea_sprat,256,256,JPEG
C:/Users/conta/OneDrive/Desktop/Multiclass/data/train\fish sea_food black_sea_sprat\KMC9ORHW4HOS.jpg,fish sea_food black_sea_sprat,256,256,JPEG
C:/Users/conta/OneDrive/Desktop/Multiclass/data/train\fish sea_food black_sea_sprat\KMPCSDK17K0E.jpg,fish sea_food black_sea_sprat,256,256,JPEG
C:/Users/conta/OneDrive/Desktop/Multiclass/data/train\fish sea_food black_sea_sprat\KOQV6J16HXHV.jpg,fish sea_food black_sea_sprat,256,256,JPEG
C:/Users/conta/OneDrive/Desktop/Multiclass/data/train\fish sea_food black_sea_sprat\KTEEGX97RE1L.jpg,fish sea_food black_sea_sprat,256,256,JPEG
C:/Users/conta/OneDrive/Desktop/Multiclass/data/train\fish sea_food black_sea_sprat\KZ8VV7TOZ6RR.jpg,fish sea_food black_sea_sprat,256,256,JPEG
C:/Users/conta/OneDrive/Desktop/Multiclass/data/train\fish sea_food black_sea_sprat\L4J1K83QYWIL.jpg,fish sea_food black_sea_sprat,256,256,JPEG
C:/Users/conta/OneDrive/Desktop/Multiclass/data/train\fish sea_food black_sea_sprat\L53X383UQ63F.jpg,fish sea_food black_sea_sprat,256,256,JPEG
C:/Users/conta/OneDrive/Desktop/Multiclass/data/train\fish sea_food black_sea_sprat\L5USEW8O2HKO.jpg,fish sea_food black_sea_sprat,256,256,JPEG
C:/Users/conta/OneDrive/Desktop/Multiclass/data/train\fish sea_food black_sea_sprat\L64K9P25IO51.jpg,fish sea_food black_sea_sprat,256,256,JPEG
C:/Users/conta/OneDrive/Desktop/Multiclass/data/train\fish sea_food black_sea_sprat\L7HEREPM5KYO.jpg,fish sea_food black_sea_sprat,256,256,JPEG
C:/Users/conta/OneDrive/Desktop/Multiclass/data/train\fish sea_food black_sea_sprat\LIY2QZIZZZJG.jpg,fish sea_food black_sea_sprat,256,256,JPEG
C:/Users/conta/OneDrive/Desktop/Multiclass/data/train\fish sea_food black_sea_sprat\LMCGU5K22X1C.jpg,fish sea_food black_sea_sprat,256,256,JPEG
C:/Users/conta/OneDrive/Desktop/Multiclass/data/train\fish sea_food black_sea_sprat\LOAJX4KEJPZ9.jpg,fish sea_food black_sea_sprat,256,256,JPEG
C:/Users/conta/OneDrive/Desktop/Multiclass/data/train\fish sea_food black_sea_sprat\LP8PMZGHS9XJ.jpg,fish sea_food black_sea_sprat,256,256,JPEG
C:/Users/conta/OneDrive/Desktop/Multiclass/data/train\fish sea_food black_sea_sprat\LTBFKRXAIY1M.jpg,fish sea_food black_sea_sprat,256,256,JPEG
C:/Users/conta/OneDrive/Desktop/Multiclass/data/train\fish sea_food black_sea_sprat\LW3WOA6ZPTJ2.jpg,fish sea_food black_sea_sprat,256,256,JPEG
C:/Users/conta/OneDrive/Desktop/Multiclass/data/train\fish sea_food black_sea_sprat\LZUECXS018XL.jpg,fish sea_food black_sea_sprat,256,256,JPEG
C:/Users/conta/OneDrive/Desktop/Multiclass/data/train\fish sea_food black_sea_sprat\M061AP2QR9V1.jpg,fish sea_food black_sea_sprat,256,256,JPEG
C:/Users/conta/OneDrive/Desktop/Multiclass/data/train\fish sea_food black_sea_sprat\M1N3AW8YOROL.jpg,fish sea_food black_sea_sprat,256,256,JPEG
C:/Users/conta/OneDrive/Desktop/Multiclass/data/train\fish sea_food black_sea_sprat\M3UZ1ZMPUFMS.jpg,fish sea_food black_sea_sprat,256,256,JPEG
C:/Users/conta/OneDrive/Desktop/Multiclass/data/train\fish sea_food black_sea_sprat\M4GSVDI45Y3G.jpg,fish sea_food black_sea_sprat,256,256,JPEG
C:/Users/conta/OneDrive/Desktop/Multiclass/data/train\fish sea_food black_sea_sprat\M5DRE5Z4Q3IP.jpg,fish sea_food black_sea_sprat,256,256,JPEG
C:/Users/conta/OneDrive/Desktop/Multiclass/data/train\fish sea_food black_sea_sprat\M6DCDX81CB30.jpg,fish sea_food black_sea_sprat,256,256,JPEG
C:/Users/conta/OneDrive/Desktop/Multiclass/data/train\fish sea_food black_sea_sprat\M71SXB4HMYU2.jpg,fish sea_food black_sea_sprat,256,256,JPEG
C:/Users/conta/OneDrive/Desktop/Multiclass/data/train\fish sea_food black_sea_sprat\M8J92B52SMID.jpg,fish sea_food black_sea_sprat,256,256,JPEG
C:/Users/conta/OneDrive/Desktop/Multiclass/data/train\fish sea_food black_sea_sprat\M9FOM2OMSDH8.jpg,fish sea_food black_sea_sprat,256,256,JPEG
C:/Users/conta/OneDrive/Desktop/Multiclass/data/train\fish sea_food black_sea_sprat\M9GL3YA4GD7V.jpg,fish sea_food black_sea_sprat,256,256,JPEG
C:/Users/conta/OneDrive/Desktop/Multiclass/data/train\fish sea_food black_sea_sprat\MA7SR79478P5.jpg,fish sea_food black_sea_sprat,256,256,JPEG
C:/Users/conta/OneDrive/Desktop/Multiclass/data/train\fish sea_food black_sea_sprat\MACBYZP2LMON.jpg,fish sea_food black_sea_sprat,256,256,JPEG
C:/Users/conta/OneDrive/Desktop/Multiclass/data/train\fish sea_food black_sea_sprat\MBSVLNQB5JLX.jpg,fish sea_food black_sea_sprat,256,256,JPEG
C:/Users/conta/OneDrive/Desktop/Multiclass/data/train\fish sea_food black_sea_sprat\MDOKZT4E8BCY.jpg,fish sea_food black_sea_sprat,256,256,JPEG
C:/Users/conta/OneDrive/Desktop/Multiclass/data/train\fish sea_food black_sea_sprat\MDX6YLR7YFZ1.jpg,fish sea_food black_sea_sprat,256,256,JPEG
C:/Users/conta/OneDrive/Desktop/Multiclass/data/train\fish sea_food black_sea_sprat\MEYVICYQ9IR5.jpg,fish sea_food black_sea_sprat,256,256,JPEG
C:/Users/conta/OneDrive/Desktop/Multiclass/data/train\fish sea_food black_sea_sprat\MFMM2B7Z5UIF.jpg,fish sea_food black_sea_sprat,256,256,JPEG
C:/Users/conta/OneDrive/Desktop/Multiclass/data/train\fish sea_food black_sea_sprat\MG4B6ZS048N3.jpg,fish sea_food black_sea_sprat,256,256,JPEG
C:/Users/conta/OneDrive/Desktop/Multiclass/data/train\fish sea_food black_sea_sprat\MH4QRYKJOAY4.jpg,fish sea_food black_sea_sprat,256,256,JPEG
C:/Users/conta/OneDrive/Desktop/Multiclass/data/train\fish sea_food black_sea_sprat\MJYA9ZUQJRCO.jpg,fish sea_food black_sea_sprat,256,256,JPEG
C:/Users/conta/OneDrive/Desktop/Multiclass/data/train\fish sea_food black_sea_sprat\MNQUPIZCSQ1S.jpg,fish sea_food black_sea_sprat,256,256,JPEG
C:/Users/conta/OneDrive/Desktop/Multiclass/data/train\fish sea_food black_sea_sprat\MP6F84TOOHC0.jpg,fish sea_food black_sea_sprat,256,256,JPEG
C:/Users/conta/OneDrive/Desktop/Multiclass/data/train\fish sea_food black_sea_sprat\MPPMWHYOPYU1.jpg,fish sea_food black_sea_sprat,256,256,JPEG
C:/Users/conta/OneDrive/Desktop/Multiclass/data/train\fish sea_food black_sea_sprat\MR91GT9TWTR8.jpg,fish sea_food black_sea_sprat,256,256,JPEG
C:/Users/conta/OneDrive/Desktop/Multiclass/data/train\fish sea_food black_sea_sprat\MRZ7C4BZSDQS.jpg,fish sea_food black_sea_sprat,256,256,JPEG
C:/Users/conta/OneDrive/Desktop/Multiclass/data/train\fish sea_food black_sea_sprat\MSISI96M8P7E.jpg,fish sea_food black_sea_sprat,256,256,JPEG
C:/Users/conta/OneDrive/Desktop/Multiclass/data/train\fish sea_food black_sea_sprat\MTHPLW44N6V4.jpg,fish sea_food black_sea_sprat,256,256,JPEG
C:/Users/conta/OneDrive/Desktop/Multiclass/data/train\fish sea_food black_sea_sprat\MU85PZJ2ZN5V.jpg,fish sea_food black_sea_sprat,256,256,JPEG
C:/Users/conta/OneDrive/Desktop/Multiclass/data/train\fish sea_food black_sea_sprat\MUB82WIUIHBF.jpg,fish sea_food black_sea_sprat,256,256,JPEG
C:/Users/conta/OneDrive/Desktop/Multiclass/data/train\fish sea_food black_sea_sprat\MUKLSVL5BL63.jpg,fish sea_food black_sea_sprat,256,256,JPEG
C:/Users/conta/OneDrive/Desktop/Multiclass/data/train\fish sea_food black_sea_sprat\MUPS59ID4UM8.jpg,fish sea_food black_sea_sprat,256,256,JPEG
C:/Users/conta/OneDrive/Desktop/Multiclass/data/train\fish sea_food black_sea_sprat\MV3S1JQYI9FW.jpg,fish sea_food black_sea_sprat,256,256,JPEG
C:/Users/conta/OneDrive/Desktop/Multiclass/data/train\fish sea_food black_sea_sprat\MXJBVFE1HCWD.jpg,fish sea_food black_sea_sprat,256,256,JPEG
C:/Users/conta/OneDrive/Desktop/Multiclass/data/train\fish sea_food black_sea_sprat\MXY1HTI8MYMU.jpg,fish sea_food black_sea_sprat,256,256,JPEG
C:/Users/conta/OneDrive/Desktop/Multiclass/data/train\fish sea_food black_sea_sprat\N0PNNV4OSB6F.jpg,fish sea_food black_sea_sprat,256,256,JPEG
C:/Users/conta/OneDrive/Desktop/Multiclass/data/train\fish sea_food black_sea_sprat\N3A6BD5LFJBI.jpg,fish sea_food black_sea_sprat,256,256,JPEG
C:/Users/conta/OneDrive/Desktop/Multiclass/data/train\fish sea_food black_sea_sprat\N7MGQBZ86K5I.jpg,fish sea_food black_sea_sprat,256,256,JPEG
C:/Users/conta/OneDrive/Desktop/Multiclass/data/train\fish sea_food black_sea_sprat\NAMB8JF5IZB0.jpg,fish sea_food black_sea_sprat,256,256,JPEG
C:/Users/conta/OneDrive/Desktop/Multiclass/data/train\fish sea_food black_sea_sprat\NAT71JNTG5WR.jpg,fish sea_food black_sea_sprat,256,256,JPEG
C:/Users/conta/OneDrive/Desktop/Multiclass/data/train\fish sea_food black_sea_sprat\NH3M07R5TCZ0.jpg,fish sea_food black_sea_sprat,256,256,JPEG
C:/Users/conta/OneDrive/Desktop/Multiclass/data/train\fish sea_food black_sea_sprat\NHBDA4Z6NS8R.jpg,fish sea_food black_sea_sprat,256,256,JPEG
C:/Users/conta/OneDrive/Desktop/Multiclass/data/train\fish sea_food black_sea_sprat\NKOAC2H1VANQ.jpg,fish sea_food black_sea_sprat,256,256,JPEG
C:/Users/conta/OneDrive/Desktop/Multiclass/data/train\fish sea_food black_sea_sprat\NM5IWMCU09S0.jpg,fish sea_food black_sea_sprat,256,256,JPEG
C:/Users/conta/OneDrive/Desktop/Multiclass/data/train\fish sea_food black_sea_sprat\NMRHA8621DLF.jpg,fish sea_food black_sea_sprat,256,256,JPEG
C:/Users/conta/OneDrive/Desktop/Multiclass/data/train\fish sea_food black_sea_sprat\NN6D4S79B24A.jpg,fish sea_food black_sea_sprat,256,256,JPEG
C:/Users/conta/OneDrive/Desktop/Multiclass/data/train\fish sea_food black_sea_sprat\NTDJ40TICM8D.jpg,fish sea_food black_sea_sprat,256,256,JPEG
C:/Users/conta/OneDrive/Desktop/Multiclass/data/train\fish sea_food black_sea_sprat\O0R856EM9FM5.jpg,fish sea_food black_sea_sprat,256,256,JPEG
C:/Users/conta/OneDrive/Desktop/Multiclass/data/train\fish sea_food black_sea_sprat\O3GGF0HCCRR5.jpg,fish sea_food black_sea_sprat,256,256,JPEG
C:/Users/conta/OneDrive/Desktop/Multiclass/data/train\fish sea_food black_sea_sprat\O44FHLC690O7.jpg,fish sea_food black_sea_sprat,256,256,JPEG
C:/Users/conta/OneDrive/Desktop/Multiclass/data/train\fish sea_food black_sea_sprat\O45QZXRLTZBN.jpg,fish sea_food black_sea_sprat,256,256,JPEG
C:/Users/conta/OneDrive/Desktop/Multiclass/data/train\fish sea_food black_sea_sprat\O5OI76SKNVCQ.jpg,fish sea_food black_sea_sprat,256,256,JPEG
C:/Users/conta/OneDrive/Desktop/Multiclass/data/train\fish sea_food black_sea_sprat\O6GLMHPQPPIU.jpg,fish sea_food black_sea_sprat,256,256,JPEG
C:/Users/conta/OneDrive/Desktop/Multiclass/data/train\fish sea_food black_sea_sprat\O8LEX0HJHSUB.jpg,fish sea_food black_sea_sprat,256,256,JPEG
C:/Users/conta/OneDrive/Desktop/Multiclass/data/train\fish sea_food black_sea_sprat\O9D0GNRGI6CR.jpg,fish sea_food black_sea_sprat,256,256,JPEG
C:/Users/conta/OneDrive/Desktop/Multiclass/data/train\fish sea_food black_sea_sprat\OM3JW9A29W9N.jpg,fish sea_food black_sea_sprat,256,256,JPEG
C:/Users/conta/OneDrive/Desktop/Multiclass/data/train\fish sea_food black_sea_sprat\OQI2YJ3S57NU.jpg,fish sea_food black_sea_sprat,256,256,JPEG
C:/Users/conta/OneDrive/Desktop/Multiclass/data/train\fish sea_food black_sea_sprat\OTG44FFOME8D.jpg,fish sea_food black_sea_sprat,256,256,JPEG
C:/Users/conta/OneDrive/Desktop/Multiclass/data/train\fish sea_food black_sea_sprat\OVAMYKG0L1BZ.jpg,fish sea_food black_sea_sprat,256,256,JPEG
C:/Users/conta/OneDrive/Desktop/Multiclass/data/train\fish sea_food black_sea_sprat\OZ09UC0LCAJZ.jpg,fish sea_food black_sea_sprat,256,256,JPEG
C:/Users/conta/OneDrive/Desktop/Multiclass/data/train\fish sea_food black_sea_sprat\P04UBFIN8LJU.jpg,fish sea_food black_sea_sprat,256,256,JPEG
C:/Users/conta/OneDrive/Desktop/Multiclass/data/train\fish sea_food black_sea_sprat\P4Y0O99IQ5Z4.jpg,fish sea_food black_sea_sprat,256,256,JPEG
C:/Users/conta/OneDrive/Desktop/Multiclass/data/train\fish sea_food black_sea_sprat\P6ROHIOZDD52.jpg,fish sea_food black_sea_sprat,256,256,JPEG
C:/Users/conta/OneDrive/Desktop/Multiclass/data/train\fish sea_food black_sea_sprat\P9JJ1JMG6OQD.jpg,fish sea_food black_sea_sprat,256,256,JPEG
C:/Users/conta/OneDrive/Desktop/Multiclass/data/train\fish sea_food black_sea_sprat\PAPV9JW2P1IX.jpg,fish sea_food black_sea_sprat,256,256,JPEG
C:/Users/conta/OneDrive/Desktop/Multiclass/data/train\fish sea_food black_sea_sprat\PDO0723HTPV5.jpg,fish sea_food black_sea_sprat,256,256,JPEG
C:/Users/conta/OneDrive/Desktop/Multiclass/data/train\fish sea_food black_sea_sprat\PEY0MIZZIJ0X.jpg,fish sea_food black_sea_sprat,256,256,JPEG
C:/Users/conta/OneDrive/Desktop/Multiclass/data/train\fish sea_food black_sea_sprat\PG1UGREIVROO.jpg,fish sea_food black_sea_sprat,256,256,JPEG
C:/Users/conta/OneDrive/Desktop/Multiclass/data/train\fish sea_food black_sea_sprat\PGTKRXHYXZR6.jpg,fish sea_food black_sea_sprat,256,256,JPEG
C:/Users/conta/OneDrive/Desktop/Multiclass/data/train\fish sea_food black_sea_sprat\PH5WH7EESOQ9.jpg,fish sea_food black_sea_sprat,256,256,JPEG
C:/Users/conta/OneDrive/Desktop/Multiclass/data/train\fish sea_food black_sea_sprat\POLBSLC83SBG.jpg,fish sea_food black_sea_sprat,256,256,JPEG
C:/Users/conta/OneDrive/Desktop/Multiclass/data/train\fish sea_food black_sea_sprat\PQPYTE23UVM6.jpg,fish sea_food black_sea_sprat,256,256,JPEG
C:/Users/conta/OneDrive/Desktop/Multiclass/data/train\fish sea_food black_sea_sprat\PR45D7AAZ2TK.jpg,fish sea_food black_sea_sprat,256,256,JPEG
C:/Users/conta/OneDrive/Desktop/Multiclass/data/train\fish sea_food black_sea_sprat\PR72TPEI1OOZ.jpg,fish sea_food black_sea_sprat,256,256,JPEG
C:/Users/conta/OneDrive/Desktop/Multiclass/data/train\fish sea_food black_sea_sprat\PRIKBVTV9KW5.jpg,fish sea_food black_sea_sprat,256,256,JPEG
C:/Users/conta/OneDrive/Desktop/Multiclass/data/train\fish sea_food black_sea_sprat\PRRFLSBIGY5A.jpg,fish sea_food black_sea_sprat,256,256,JPEG
C:/Users/conta/OneDrive/Desktop/Multiclass/data/train\fish sea_food black_sea_sprat\PRU5ILSIGGTX.jpg,fish sea_food black_sea_sprat,256,256,JPEG
C:/Users/conta/OneDrive/Desktop/Multiclass/data/train\fish sea_food black_sea_sprat\PSQSFKR1OKH0.jpg,fish sea_food black_sea_sprat,256,256,JPEG
C:/Users/conta/OneDrive/Desktop/Multiclass/data/train\fish sea_food black_sea_sprat\PV7BI4NDGX6L.jpg,fish sea_food black_sea_sprat,256,256,JPEG
C:/Users/conta/OneDrive/Desktop/Multiclass/data/train\fish sea_food black_sea_sprat\PWL8UQHQFHR1.jpg,fish sea_food black_sea_sprat,256,256,JPEG
C:/Users/conta/OneDrive/Desktop/Multiclass/data/train\fish sea_food black_sea_sprat\PWY82JU6PP8N.jpg,fish sea_food black_sea_sprat,256,256,JPEG
C:/Users/conta/OneDrive/Desktop/Multiclass/data/train\fish sea_food black_sea_sprat\PYYC21HWL1ZU.jpg,fish sea_food black_sea_sprat,256,256,JPEG
C:/Users/conta/OneDrive/Desktop/Multiclass/data/train\fish sea_food black_sea_sprat\Q1CMCIVC591R.jpg,fish sea_food black_sea_sprat,256,256,JPEG
C:/Users/conta/OneDrive/Desktop/Multiclass/data/train\fish sea_food black_sea_sprat\Q3AYFGCKT5MG.jpg,fish sea_food black_sea_sprat,256,256,JPEG
C:/Users/conta/OneDrive/Desktop/Multiclass/data/train\fish sea_food black_sea_sprat\Q48WPL789UWE.jpg,fish sea_food black_sea_sprat,256,256,JPEG
C:/Users/conta/OneDrive/Desktop/Multiclass/data/train\fish sea_food black_sea_sprat\Q5IX5JI6NDQU.jpg,fish sea_food black_sea_sprat,256,256,JPEG
C:/Users/conta/OneDrive/Desktop/Multiclass/data/train\fish sea_food black_sea_sprat\Q9BCTBDSEGXW.jpg,fish sea_food black_sea_sprat,256,256,JPEG
C:/Users/conta/OneDrive/Desktop/Multiclass/data/train\fish sea_food black_sea_sprat\QF2IYS3GQ7KG.jpg,fish sea_food black_sea_sprat,256,256,JPEG
C:/Users/conta/OneDrive/Desktop/Multiclass/data/train\fish sea_food black_sea_sprat\QHBC4OOYLNP7.jpg,fish sea_food black_sea_sprat,256,256,JPEG
C:/Users/conta/OneDrive/Desktop/Multiclass/data/train\fish sea_food black_sea_sprat\QIMQGQB3S14N.jpg,fish sea_food black_sea_sprat,256,256,JPEG
C:/Users/conta/OneDrive/Desktop/Multiclass/data/train\fish sea_food black_sea_sprat\QJGH3PV517XD.jpg,fish sea_food black_sea_sprat,256,256,JPEG
C:/Users/conta/OneDrive/Desktop/Multiclass/data/train\fish sea_food black_sea_sprat\QK0I9ALHFK9I.jpg,fish sea_food black_sea_sprat,256,256,JPEG
C:/Users/conta/OneDrive/Desktop/Multiclass/data/train\fish sea_food black_sea_sprat\QLH4D61L7I7G.jpg,fish sea_food black_sea_sprat,256,256,JPEG
C:/Users/conta/OneDrive/Desktop/Multiclass/data/train\fish sea_food black_sea_sprat\QQ9F8NL0VOYZ.jpg,fish sea_food black_sea_sprat,256,256,JPEG
C:/Users/conta/OneDrive/Desktop/Multiclass/data/train\fish sea_food black_sea_sprat\QSHGGA86RZSQ.jpg,fish sea_food black_sea_sprat,256,256,JPEG
C:/Users/conta/OneDrive/Desktop/Multiclass/data/train\fish sea_food black_sea_sprat\QSPGOI2OXEHI.jpg,fish sea_food black_sea_sprat,256,256,JPEG
C:/Users/conta/OneDrive/Desktop/Multiclass/data/train\fish sea_food black_sea_sprat\QUC0ZPEFZ0WY.jpg,fish sea_food black_sea_sprat,256,256,JPEG
C:/Users/conta/OneDrive/Desktop/Multiclass/data/train\fish sea_food black_sea_sprat\QVAB3HEAV1WM.jpg,fish sea_food black_sea_sprat,256,256,JPEG
C:/Users/conta/OneDrive/Desktop/Multiclass/data/train\fish sea_food black_sea_sprat\QVXVEFL1EIN8.jpg,fish sea_food black_sea_sprat,256,256,JPEG
C:/Users/conta/OneDrive/Desktop/Multiclass/data/train\fish sea_food black_sea_sprat\QX2JN6GQODRQ.jpg,fish sea_food black_sea_sprat,256,256,JPEG
C:/Users/conta/OneDrive/Desktop/Multiclass/data/train\fish sea_food black_sea_sprat\QYRMUULMHZWX.jpg,fish sea_food black_sea_sprat,256,256,JPEG
C:/Users/conta/OneDrive/Desktop/Multiclass/data/train\fish sea_food black_sea_sprat\QZVEDIWI03DA.jpg,fish sea_food black_sea_sprat,256,256,JPEG
C:/Users/conta/OneDrive/Desktop/Multiclass/data/train\fish sea_food black_sea_sprat\R5OB8VI69HW8.jpg,fish sea_food black_sea_sprat,256,256,JPEG
C:/Users/conta/OneDrive/Desktop/Multiclass/data/train\fish sea_food black_sea_sprat\R6XPBAFC1BUK.jpg,fish sea_food black_sea_sprat,256,256,JPEG
C:/Users/conta/OneDrive/Desktop/Multiclass/data/train\fish sea_food black_sea_sprat\R7VEFAIYEBJ3.jpg,fish sea_food black_sea_sprat,256,256,JPEG
C:/Users/conta/OneDrive/Desktop/Multiclass/data/train\fish sea_food black_sea_sprat\R8UDHJLQJGWV.jpg,fish sea_food black_sea_sprat,256,256,JPEG
C:/Users/conta/OneDrive/Desktop/Multiclass/data/train\fish sea_food black_sea_sprat\RB5DE2L1ZQ6Y.jpg,fish sea_food black_sea_sprat,256,256,JPEG
C:/Users/conta/OneDrive/Desktop/Multiclass/data/train\fish sea_food black_sea_sprat\RFII1LLP7CRM.jpg,fish sea_food black_sea_sprat,256,256,JPEG
C:/Users/conta/OneDrive/Desktop/Multiclass/data/train\fish sea_food black_sea_sprat\RKMV9JC7RXGZ.jpg,fish sea_food black_sea_sprat,256,256,JPEG
C:/Users/conta/OneDrive/Desktop/Multiclass/data/train\fish sea_food black_sea_sprat\RNZ0SRR7PZRZ.jpg,fish sea_food black_sea_sprat,256,256,JPEG
C:/Users/conta/OneDrive/Desktop/Multiclass/data/train\fish sea_food black_sea_sprat\RPA3KJKWDRIC.jpg,fish sea_food black_sea_sprat,256,256,JPEG
C:/Users/conta/OneDrive/Desktop/Multiclass/data/train\fish sea_food black_sea_sprat\RTQWIETE2MJM.jpg,fish sea_food black_sea_sprat,256,256,JPEG
C:/Users/conta/OneDrive/Desktop/Multiclass/data/train\fish sea_food black_sea_sprat\RWQWAN2KOFUO.jpg,fish sea_food black_sea_sprat,256,256,JPEG
C:/Users/conta/OneDrive/Desktop/Multiclass/data/train\fish sea_food black_sea_sprat\RY3P876MWU25.jpg,fish sea_food black_sea_sprat,256,256,JPEG
C:/Users/conta/OneDrive/Desktop/Multiclass/data/train\fish sea_food black_sea_sprat\S0MUZCAIG45F.jpg,fish sea_food black_sea_sprat,256,256,JPEG
C:/Users/conta/OneDrive/Desktop/Multiclass/data/train\fish sea_food black_sea_sprat\S58YHWTW1R5H.jpg,fish sea_food black_sea_sprat,256,256,JPEG
C:/Users/conta/OneDrive/Desktop/Multiclass/data/train\fish sea_food black_sea_sprat\SFPU2WA0XQV5.jpg,fish sea_food black_sea_sprat,256,256,JPEG
C:/Users/conta/OneDrive/Desktop/Multiclass/data/train\fish sea_food black_sea_sprat\SH9TBAU0K1GK.jpg,fish sea_food black_sea_sprat,256,256,JPEG
C:/Users/conta/OneDrive/Desktop/Multiclass/data/train\fish sea_food black_sea_sprat\SJL848F3G1OP.jpg,fish sea_food black_sea_sprat,256,256,JPEG
C:/Users/conta/OneDrive/Desktop/Multiclass/data/train\fish sea_food black_sea_sprat\SKXL3ERUDJZ8.jpg,fish sea_food black_sea_sprat,256,256,JPEG
C:/Users/conta/OneDrive/Desktop/Multiclass/data/train\fish sea_food black_sea_sprat\SOVVCA0P3O62.jpg,fish sea_food black_sea_sprat,256,256,JPEG
C:/Users/conta/OneDrive/Desktop/Multiclass/data/train\fish sea_food black_sea_sprat\SQ2B83MDTLOB.jpg,fish sea_food black_sea_sprat,256,256,JPEG
C:/Users/conta/OneDrive/Desktop/Multiclass/data/train\fish sea_food black_sea_sprat\STGE1AHPUUMO.jpg,fish sea_food black_sea_sprat,256,256,JPEG
C:/Users/conta/OneDrive/Desktop/Multiclass/data/train\fish sea_food black_sea_sprat\SV44MNIGXKJ4.jpg,fish sea_food black_sea_sprat,256,256,JPEG
C:/Users/conta/OneDrive/Desktop/Multiclass/data/train\fish sea_food black_sea_sprat\SVJQFQB14NI9.jpg,fish sea_food black_sea_sprat,256,256,JPEG
C:/Users/conta/OneDrive/Desktop/Multiclass/data/train\fish sea_food black_sea_sprat\T1JBDLRRE0QZ.jpg,fish sea_food black_sea_sprat,256,256,JPEG
C:/Users/conta/OneDrive/Desktop/Multiclass/data/train\fish sea_food black_sea_sprat\T5AQTI4YXUBB.jpg,fish sea_food black_sea_sprat,256,256,JPEG
C:/Users/conta/OneDrive/Desktop/Multiclass/data/train\fish sea_food black_sea_sprat\T6EK44MS149V.jpg,fish sea_food black_sea_sprat,256,256,JPEG
C:/Users/conta/OneDrive/Desktop/Multiclass/data/train\fish sea_food black_sea_sprat\T8U37X9WW5TZ.jpg,fish sea_food black_sea_sprat,256,256,JPEG
C:/Users/conta/OneDrive/Desktop/Multiclass/data/train\fish sea_food black_sea_sprat\TAN47VEA2B1R.jpg,fish sea_food black_sea_sprat,256,256,JPEG
C:/Users/conta/OneDrive/Desktop/Multiclass/data/train\fish sea_food black_sea_sprat\TARHS9BR02M1.jpg,fish sea_food black_sea_sprat,256,256,JPEG
C:/Users/conta/OneDrive/Desktop/Multiclass/data/train\fish sea_food black_sea_sprat\TB2IO7AN8MTU.jpg,fish sea_food black_sea_sprat,256,256,JPEG
C:/Users/conta/OneDrive/Desktop/Multiclass/data/train\fish sea_food black_sea_sprat\TDSXEIGXBRL8.jpg,fish sea_food black_sea_sprat,256,256,JPEG
C:/Users/conta/OneDrive/Desktop/Multiclass/data/train\fish sea_food black_sea_sprat\TDYU42T0BB7X.jpg,fish sea_food black_sea_sprat,256,256,JPEG
C:/Users/conta/OneDrive/Desktop/Multiclass/data/train\fish sea_food black_sea_sprat\TF0RUGNLMSO2.jpg,fish sea_food black_sea_sprat,256,256,JPEG
C:/Users/conta/OneDrive/Desktop/Multiclass/data/train\fish sea_food black_sea_sprat\TOYDODBIMMFZ.jpg,fish sea_food black_sea_sprat,256,256,JPEG
C:/Users/conta/OneDrive/Desktop/Multiclass/data/train\fish sea_food black_sea_sprat\TSH8GJNW11K8.jpg,fish sea_food black_sea_sprat,256,256,JPEG
C:/Users/conta/OneDrive/Desktop/Multiclass/data/train\fish sea_food black_sea_sprat\TU3N54BHA9AW.jpg,fish sea_food black_sea_sprat,256,256,JPEG
C:/Users/conta/OneDrive/Desktop/Multiclass/data/train\fish sea_food black_sea_sprat\U1HCZLN2ZUA4.jpg,fish sea_food black_sea_sprat,256,256,JPEG
C:/Users/conta/OneDrive/Desktop/Multiclass/data/train\fish sea_food black_sea_sprat\U4ZBXNSR289Q.jpg,fish sea_food black_sea_sprat,256,256,JPEG
C:/Users/conta/OneDrive/Desktop/Multiclass/data/train\fish sea_food black_sea_sprat\U6N626V0YEF5.jpg,fish sea_food black_sea_sprat,256,256,JPEG
C:/Users/conta/OneDrive/Desktop/Multiclass/data/train\fish sea_food black_sea_sprat\U9B9S5KG460M.jpg,fish sea_food black_sea_sprat,256,256,JPEG
C:/Users/conta/OneDrive/Desktop/Multiclass/data/train\fish sea_food black_sea_sprat\U9LI6SVCJNUA.jpg,fish sea_food black_sea_sprat,256,256,JPEG
C:/Users/conta/OneDrive/Desktop/Multiclass/data/train\fish sea_food black_sea_sprat\UC5QP7V7PAJV.jpg,fish sea_food black_sea_sprat,256,256,JPEG
C:/Users/conta/OneDrive/Desktop/Multiclass/data/train\fish sea_food black_sea_sprat\UCBJSPD6H5R2.jpg,fish sea_food black_sea_sprat,256,256,JPEG
C:/Users/conta/OneDrive/Desktop/Multiclass/data/train\fish sea_food black_sea_sprat\UE83KAIZS0MY.jpg,fish sea_food black_sea_sprat,256,256,JPEG
C:/Users/conta/OneDrive/Desktop/Multiclass/data/train\fish sea_food black_sea_sprat\UEMLS7NHLI8F.jpg,fish sea_food black_sea_sprat,256,256,JPEG
C:/Users/conta/OneDrive/Desktop/Multiclass/data/train\fish sea_food black_sea_sprat\UL7JSW9DHD1J.jpg,fish sea_food black_sea_sprat,256,256,JPEG
C:/Users/conta/OneDrive/Desktop/Multiclass/data/train\fish sea_food black_sea_sprat\ULBFI23ISZ66.jpg,fish sea_food black_sea_sprat,256,256,JPEG
C:/Users/conta/OneDrive/Desktop/Multiclass/data/train\fish sea_food black_sea_sprat\UQQGVB0WYC46.jpg,fish sea_food black_sea_sprat,256,256,JPEG
C:/Users/conta/OneDrive/Desktop/Multiclass/data/train\fish sea_food black_sea_sprat\UQTKRH08NLO8.jpg,fish sea_food black_sea_sprat,256,256,JPEG
C:/Users/conta/OneDrive/Desktop/Multiclass/data/train\fish sea_food black_sea_sprat\URNJS5RJB467.jpg,fish sea_food black_sea_sprat,256,256,JPEG
C:/Users/conta/OneDrive/Desktop/Multiclass/data/train\fish sea_food black_sea_sprat\UV8GKHRSOFM9.jpg,fish sea_food black_sea_sprat,256,256,JPEG
C:/Users/conta/OneDrive/Desktop/Multiclass/data/train\fish sea_food black_sea_sprat\UZGEONM33NOY.jpg,fish sea_food black_sea_sprat,256,256,JPEG
C:/Users/conta/OneDrive/Desktop/Multiclass/data/train\fish sea_food black_sea_sprat\V1KB7JR0IXA1.jpg,fish sea_food black_sea_sprat,256,256,JPEG
C:/Users/conta/OneDrive/Desktop/Multiclass/data/train\fish sea_food black_sea_sprat\V2T7LHMRCRO5.jpg,fish sea_food black_sea_sprat,256,256,JPEG
C:/Users/conta/OneDrive/Desktop/Multiclass/data/train\fish sea_food black_sea_sprat\V6OWCLYZQUWM.jpg,fish sea_food black_sea_sprat,256,256,JPEG
C:/Users/conta/OneDrive/Desktop/Multiclass/data/train\fish sea_food black_sea_sprat\VBT0X4FG3VSU.jpg,fish sea_food black_sea_sprat,256,256,JPEG
C:/Users/conta/OneDrive/Desktop/Multiclass/data/train\fish sea_food black_sea_sprat\VD0D49DW9ACQ.jpg,fish sea_food black_sea_sprat,256,256,JPEG
C:/Users/conta/OneDrive/Desktop/Multiclass/data/train\fish sea_food black_sea_sprat\VFZCMAFYHNEZ.jpg,fish sea_food black_sea_sprat,256,256,JPEG
C:/Users/conta/OneDrive/Desktop/Multiclass/data/train\fish sea_food black_sea_sprat\VHXS2WBUDU7E.jpg,fish sea_food black_sea_sprat,256,256,JPEG
C:/Users/conta/OneDrive/Desktop/Multiclass/data/train\fish sea_food black_sea_sprat\VKKJ0OY3CUNU.jpg,fish sea_food black_sea_sprat,256,256,JPEG
C:/Users/conta/OneDrive/Desktop/Multiclass/data/train\fish sea_food black_sea_sprat\VLZI50ZMW548.jpg,fish sea_food black_sea_sprat,256,256,JPEG
C:/Users/conta/OneDrive/Desktop/Multiclass/data/train\fish sea_food black_sea_sprat\VM49VGBBBIL0.jpg,fish sea_food black_sea_sprat,256,256,JPEG
C:/Users/conta/OneDrive/Desktop/Multiclass/data/train\fish sea_food black_sea_sprat\VNQWZGQ4YMST.jpg,fish sea_food black_sea_sprat,256,256,JPEG
C:/Users/conta/OneDrive/Desktop/Multiclass/data/train\fish sea_food black_sea_sprat\VNQYOAPOTAUI.jpg,fish sea_food black_sea_sprat,256,256,JPEG
C:/Users/conta/OneDrive/Desktop/Multiclass/data/train\fish sea_food black_sea_sprat\VNZFAJ748UDN.jpg,fish sea_food black_sea_sprat,256,256,JPEG
C:/Users/conta/OneDrive/Desktop/Multiclass/data/train\fish sea_food black_sea_sprat\VRDH1HAW8KM6.jpg,fish sea_food black_sea_sprat,256,256,JPEG
C:/Users/conta/OneDrive/Desktop/Multiclass/data/train\fish sea_food black_sea_sprat\VT5R6QKLQE1R.jpg,fish sea_food black_sea_sprat,256,256,JPEG
C:/Users/conta/OneDrive/Desktop/Multiclass/data/train\fish sea_food black_sea_sprat\W05N8NRAYGW7.jpg,fish sea_food black_sea_sprat,256,256,JPEG
C:/Users/conta/OneDrive/Desktop/Multiclass/data/train\fish sea_food black_sea_sprat\W0V6NYLXNCKR.jpg,fish sea_food black_sea_sprat,256,256,JPEG
C:/Users/conta/OneDrive/Desktop/Multiclass/data/train\fish sea_food black_sea_sprat\W2WCPB26PAWE.jpg,fish sea_food black_sea_sprat,256,256,JPEG
C:/Users/conta/OneDrive/Desktop/Multiclass/data/train\fish sea_food black_sea_sprat\W33N8GCSRUDO.jpg,fish sea_food black_sea_sprat,256,256,JPEG
C:/Users/conta/OneDrive/Desktop/Multiclass/data/train\fish sea_food black_sea_sprat\W5BORI76JY04.jpg,fish sea_food black_sea_sprat,256,256,JPEG
C:/Users/conta/OneDrive/Desktop/Multiclass/data/train\fish sea_food black_sea_sprat\W8LPBB6FQ7VG.jpg,fish sea_food black_sea_sprat,256,256,JPEG
C:/Users/conta/OneDrive/Desktop/Multiclass/data/train\fish sea_food black_sea_sprat\W8XD1Y2TR00G.jpg,fish sea_food black_sea_sprat,256,256,JPEG
C:/Users/conta/OneDrive/Desktop/Multiclass/data/train\fish sea_food black_sea_sprat\W93W4ILIVWTH.jpg,fish sea_food black_sea_sprat,256,256,JPEG
C:/Users/conta/OneDrive/Desktop/Multiclass/data/train\fish sea_food black_sea_sprat\WA1DJ6O3Y6QC.jpg,fish sea_food black_sea_sprat,256,256,JPEG
C:/Users/conta/OneDrive/Desktop/Multiclass/data/train\fish sea_food black_sea_sprat\WAAMNWLRKRWC.jpg,fish sea_food black_sea_sprat,256,256,JPEG
C:/Users/conta/OneDrive/Desktop/Multiclass/data/train\fish sea_food black_sea_sprat\WCCK4J895QT5.jpg,fish sea_food black_sea_sprat,256,256,JPEG
C:/Users/conta/OneDrive/Desktop/Multiclass/data/train\fish sea_food black_sea_sprat\WDA2AW08EKOB.jpg,fish sea_food black_sea_sprat,256,256,JPEG
C:/Users/conta/OneDrive/Desktop/Multiclass/data/train\fish sea_food black_sea_sprat\WDLIWP9O2COR.jpg,fish sea_food black_sea_sprat,256,256,JPEG
C:/Users/conta/OneDrive/Desktop/Multiclass/data/train\fish sea_food black_sea_sprat\WGVZI4L2LYY6.jpg,fish sea_food black_sea_sprat,256,256,JPEG
C:/Users/conta/OneDrive/Desktop/Multiclass/data/train\fish sea_food black_sea_sprat\WICP99V8O06P.jpg,fish sea_food black_sea_sprat,256,256,JPEG
C:/Users/conta/OneDrive/Desktop/Multiclass/data/train\fish sea_food black_sea_sprat\WJUXMH69EO5B.jpg,fish sea_food black_sea_sprat,256,256,JPEG
C:/Users/conta/OneDrive/Desktop/Multiclass/data/train\fish sea_food black_sea_sprat\WNAXIE09UUA5.jpg,fish sea_food black_sea_sprat,256,256,JPEG
C:/Users/conta/OneDrive/Desktop/Multiclass/data/train\fish sea_food black_sea_sprat\WOILBJKT2CN9.jpg,fish sea_food black_sea_sprat,256,256,JPEG
C:/Users/conta/OneDrive/Desktop/Multiclass/data/train\fish sea_food black_sea_sprat\WOZWP3ORQIY0.jpg,fish sea_food black_sea_sprat,256,256,JPEG
C:/Users/conta/OneDrive/Desktop/Multiclass/data/train\fish sea_food black_sea_sprat\WQ241DQA3ME5.jpg,fish sea_food black_sea_sprat,256,256,JPEG
C:/Users/conta/OneDrive/Desktop/Multiclass/data/train\fish sea_food black_sea_sprat\WVTSSAV6EJ0F.jpg,fish sea_food black_sea_sprat,256,256,JPEG
C:/Users/conta/OneDrive/Desktop/Multiclass/data/train\fish sea_food black_sea_sprat\X16WRRBW11V7.jpg,fish sea_food black_sea_sprat,256,256,JPEG
C:/Users/conta/OneDrive/Desktop/Multiclass/data/train\fish sea_food black_sea_sprat\X5I2NGWW3NJR.jpg,fish sea_food black_sea_sprat,256,256,JPEG
C:/Users/conta/OneDrive/Desktop/Multiclass/data/train\fish sea_food black_sea_sprat\X5MKYUAG41H4.jpg,fish sea_food black_sea_sprat,256,256,JPEG
C:/Users/conta/OneDrive/Desktop/Multiclass/data/train\fish sea_food black_sea_sprat\X81YE8KGHUA0.jpg,fish sea_food black_sea_sprat,256,256,JPEG
C:/Users/conta/OneDrive/Desktop/Multiclass/data/train\fish sea_food black_sea_sprat\X9C04L4AJJJT.jpg,fish sea_food black_sea_sprat,256,256,JPEG
C:/Users/conta/OneDrive/Desktop/Multiclass/data/train\fish sea_food black_sea_sprat\XBCKDY8FNE89.jpg,fish sea_food black_sea_sprat,256,256,JPEG
C:/Users/conta/OneDrive/Desktop/Multiclass/data/train\fish sea_food black_sea_sprat\XCZ5LOXUID1H.jpg,fish sea_food black_sea_sprat,256,256,JPEG
C:/Users/conta/OneDrive/Desktop/Multiclass/data/train\fish sea_food black_sea_sprat\XHJ9S1HGB8WD.jpg,fish sea_food black_sea_sprat,256,256,JPEG
C:/Users/conta/OneDrive/Desktop/Multiclass/data/train\fish sea_food black_sea_sprat\XPAAKG4H7430.jpg,fish sea_food black_sea_sprat,256,256,JPEG
C:/Users/conta/OneDrive/Desktop/Multiclass/data/train\fish sea_food black_sea_sprat\XR1HG2SOWH3X.jpg,fish sea_food black_sea_sprat,256,256,JPEG
C:/Users/conta/OneDrive/Desktop/Multiclass/data/train\fish sea_food black_sea_sprat\XR22MZA5V72Y.jpg,fish sea_food black_sea_sprat,256,256,JPEG
C:/Users/conta/OneDrive/Desktop/Multiclass/data/train\fish sea_food black_sea_sprat\XTYOOT39CN30.jpg,fish sea_food black_sea_sprat,256,256,JPEG
C:/Users/conta/OneDrive/Desktop/Multiclass/data/train\fish sea_food black_sea_sprat\XUEMRMK3C14W.jpg,fish sea_food black_sea_sprat,256,256,JPEG
C:/Users/conta/OneDrive/Desktop/Multiclass/data/train\fish sea_food black_sea_sprat\XXBS3FJP0CPY.jpg,fish sea_food black_sea_sprat,256,256,JPEG
C:/Users/conta/OneDrive/Desktop/Multiclass/data/train\fish sea_food black_sea_sprat\Y0YOJBIOQ8EE.jpg,fish sea_food black_sea_sprat,256,256,JPEG
C:/Users/conta/OneDrive/Desktop/Multiclass/data/train\fish sea_food black_sea_sprat\Y2S6WK73C2XQ.jpg,fish sea_food black_sea_sprat,256,256,JPEG
C:/Users/conta/OneDrive/Desktop/Multiclass/data/train\fish sea_food black_sea_sprat\Y33BVS2VRU7M.jpg,fish sea_food black_sea_sprat,256,256,JPEG
C:/Users/conta/OneDrive/Desktop/Multiclass/data/train\fish sea_food black_sea_sprat\Y3ZCS0U9IXWJ.jpg,fish sea_food black_sea_sprat,256,256,JPEG
C:/Users/conta/OneDrive/Desktop/Multiclass/data/train\fish sea_food black_sea_sprat\Y5L8SFXILBA2.jpg,fish sea_food black_sea_sprat,256,256,JPEG
C:/Users/conta/OneDrive/Desktop/Multiclass/data/train\fish sea_food black_sea_sprat\Y8J6K346UGY6.jpg,fish sea_food black_sea_sprat,256,256,JPEG
C:/Users/conta/OneDrive/Desktop/Multiclass/data/train\fish sea_food black_sea_sprat\YADGNU0QMB4C.jpg,fish sea_food black_sea_sprat,256,256,JPEG
C:/Users/conta/OneDrive/Desktop/Multiclass/data/train\fish sea_food black_sea_sprat\YCQX5KBTILWA.jpg,fish sea_food black_sea_sprat,256,256,JPEG
C:/Users/conta/OneDrive/Desktop/Multiclass/data/train\fish sea_food black_sea_sprat\YF8EX7NJ7NZP.jpg,fish sea_food black_sea_sprat,256,256,JPEG
C:/Users/conta/OneDrive/Desktop/Multiclass/data/train\fish sea_food black_sea_sprat\YFHC5UMDCBJQ.jpg,fish sea_food black_sea_sprat,256,256,JPEG
C:/Users/conta/OneDrive/Desktop/Multiclass/data/train\fish sea_food black_sea_sprat\YFNPKOE6ZFUZ.jpg,fish sea_food black_sea_sprat,256,256,JPEG
C:/Users/conta/OneDrive/Desktop/Multiclass/data/train\fish sea_food black_sea_sprat\YHND9O1DR2J2.jpg,fish sea_food black_sea_sprat,256,256,JPEG
C:/Users/conta/OneDrive/Desktop/Multiclass/data/train\fish sea_food black_sea_sprat\YIVP6D8WDU2Q.jpg,fish sea_food black_sea_sprat,256,256,JPEG
C:/Users/conta/OneDrive/Desktop/Multiclass/data/train\fish sea_food black_sea_sprat\YMBW47RAG1BB.jpg,fish sea_food black_sea_sprat,256,256,JPEG
C:/Users/conta/OneDrive/Desktop/Multiclass/data/train\fish sea_food black_sea_sprat\YOJ17V0G9YWV.jpg,fish sea_food black_sea_sprat,256,256,JPEG
C:/Users/conta/OneDrive/Desktop/Multiclass/data/train\fish sea_food black_sea_sprat\YPQTEK2D1PW0.jpg,fish sea_food black_sea_sprat,256,256,JPEG
C:/Users/conta/OneDrive/Desktop/Multiclass/data/train\fish sea_food black_sea_sprat\YTHYDJHZZGLV.jpg,fish sea_food black_sea_sprat,256,256,JPEG
C:/Users/conta/OneDrive/Desktop/Multiclass/data/train\fish sea_food black_sea_sprat\YZWB0CXAVDKZ.jpg,fish sea_food black_sea_sprat,256,256,JPEG
C:/Users/conta/OneDrive/Desktop/Multiclass/data/train\fish sea_food black_sea_sprat\Z1E6039GGSDU.jpg,fish sea_food black_sea_sprat,256,256,JPEG
C:/Users/conta/OneDrive/Desktop/Multiclass/data/train\fish sea_food black_sea_sprat\Z5FXD7P3XKIM.jpg,fish sea_food black_sea_sprat,256,256,JPEG
C:/Users/conta/OneDrive/Desktop/Multiclass/data/train\fish sea_food black_sea_sprat\Z6FSPAE0CEOV.jpg,fish sea_food black_sea_sprat,256,256,JPEG
C:/Users/conta/OneDrive/Desktop/Multiclass/data/train\fish sea_food black_sea_sprat\Z861DUQYZUAT.jpg,fish sea_food black_sea_sprat,256,256,JPEG
C:/Users/conta/OneDrive/Desktop/Multiclass/data/train\fish sea_food black_sea_sprat\ZD4UHWY6O0V4.jpg,fish sea_food black_sea_sprat,256,256,JPEG
C:/Users/conta/OneDrive/Desktop/Multiclass/data/train\fish sea_food black_sea_sprat\ZGF4XPEXHBO0.jpg,fish sea_food black_sea_sprat,256,256,JPEG
C:/Users/conta/OneDrive/Desktop/Multiclass/data/train\fish sea_food black_sea_sprat\ZNI4TL0EI7T2.jpg,fish sea_food black_sea_sprat,256,256,JPEG
C:/Users/conta/OneDrive/Desktop/Multiclass/data/train\fish sea_food black_sea_sprat\ZOL6EG0UVDOF.jpg,fish sea_food black_sea_sprat,256,256,JPEG
C:/Users/conta/OneDrive/Desktop/Multiclass/data/train\fish sea_food black_sea_sprat\ZOTKSUQJTQCP.jpg,fish sea_food black_sea_sprat,256,256,JPEG
C:/Users/conta/OneDrive/Desktop/Multiclass/data/train\fish sea_food black_sea_sprat\ZR2MMUZMHMEE.jpg,fish sea_food black_sea_sprat,256,256,JPEG
C:/Users/conta/OneDrive/Desktop/Multiclass/data/train\fish sea_food black_sea_sprat\ZUWSP0Q000I0.jpg,fish sea_food black_sea_sprat,256,256,JPEG
C:/Users/conta/OneDrive/Desktop/Multiclass/data/train\fish sea_food black_sea_sprat\ZVFSKUYU9N7V.jpg,fish sea_food black_sea_sprat,256,256,JPEG
C:/Users/conta/OneDrive/Desktop/Multiclass/data/train\fish sea_food gilt_head_bream\03MGCHKQ88P9.jpg,fish sea_food gilt_head_bream,256,256,JPEG
C:/Users/conta/OneDrive/Desktop/Multiclass/data/train\fish sea_food gilt_head_bream\04FD83DF0OWP.jpg,fish sea_food gilt_head_bream,256,256,JPEG
C:/Users/conta/OneDrive/Desktop/Multiclass/data/train\fish sea_food gilt_head_bream\0BY4G3200XQL.jpg,fish sea_food gilt_head_bream,256,256,JPEG
C:/Users/conta/OneDrive/Desktop/Multiclass/data/train\fish sea_food gilt_head_bream\0DWTSSS5DCX0.jpg,fish sea_food gilt_head_bream,256,256,JPEG
C:/Users/conta/OneDrive/Desktop/Multiclass/data/train\fish sea_food gilt_head_bream\0FEQOCQ51H3O.jpg,fish sea_food gilt_head_bream,256,256,JPEG
C:/Users/conta/OneDrive/Desktop/Multiclass/data/train\fish sea_food gilt_head_bream\0GOJTRGQO9NM.jpg,fish sea_food gilt_head_bream,256,256,JPEG
C:/Users/conta/OneDrive/Desktop/Multiclass/data/train\fish sea_food gilt_head_bream\0I1LGJ6D9DSG.jpg,fish sea_food gilt_head_bream,256,256,JPEG
C:/Users/conta/OneDrive/Desktop/Multiclass/data/train\fish sea_food gilt_head_bream\0LA7ZBZFY9AU.jpg,fish sea_food gilt_head_bream,256,256,JPEG
C:/Users/conta/OneDrive/Desktop/Multiclass/data/train\fish sea_food gilt_head_bream\0P30SI4F896V.jpg,fish sea_food gilt_head_bream,256,256,JPEG
C:/Users/conta/OneDrive/Desktop/Multiclass/data/train\fish sea_food gilt_head_bream\0R3YDELKRY1P.jpg,fish sea_food gilt_head_bream,256,256,JPEG
C:/Users/conta/OneDrive/Desktop/Multiclass/data/train\fish sea_food gilt_head_bream\0SDUX2XG21PG.jpg,fish sea_food gilt_head_bream,256,256,JPEG
C:/Users/conta/OneDrive/Desktop/Multiclass/data/train\fish sea_food gilt_head_bream\0T1V93PFT5ZT.jpg,fish sea_food gilt_head_bream,256,256,JPEG
C:/Users/conta/OneDrive/Desktop/Multiclass/data/train\fish sea_food gilt_head_bream\0T8PVH68D2FI.jpg,fish sea_food gilt_head_bream,256,256,JPEG
C:/Users/conta/OneDrive/Desktop/Multiclass/data/train\fish sea_food gilt_head_bream\0Y6324O7KR14.jpg,fish sea_food gilt_head_bream,256,256,JPEG
C:/Users/conta/OneDrive/Desktop/Multiclass/data/train\fish sea_food gilt_head_bream\0ZTZ4CO3BSCF.jpg,fish sea_food gilt_head_bream,256,256,JPEG
C:/Users/conta/OneDrive/Desktop/Multiclass/data/train\fish sea_food gilt_head_bream\10UKV9DHYSQ4.jpg,fish sea_food gilt_head_bream,256,256,JPEG
C:/Users/conta/OneDrive/Desktop/Multiclass/data/train\fish sea_food gilt_head_bream\117AY9TDL1Z2.jpg,fish sea_food gilt_head_bream,256,256,JPEG
C:/Users/conta/OneDrive/Desktop/Multiclass/data/train\fish sea_food gilt_head_bream\130JSCLWPDFF.jpg,fish sea_food gilt_head_bream,256,256,JPEG
C:/Users/conta/OneDrive/Desktop/Multiclass/data/train\fish sea_food gilt_head_bream\13ZU17NIFDZ0.jpg,fish sea_food gilt_head_bream,256,256,JPEG
C:/Users/conta/OneDrive/Desktop/Multiclass/data/train\fish sea_food gilt_head_bream\17KG944YHLNL.jpg,fish sea_food gilt_head_bream,256,256,JPEG
C:/Users/conta/OneDrive/Desktop/Multiclass/data/train\fish sea_food gilt_head_bream\17LY5VA0LEUH.jpg,fish sea_food gilt_head_bream,256,256,JPEG
C:/Users/conta/OneDrive/Desktop/Multiclass/data/train\fish sea_food gilt_head_bream\17NEVXU9KAGO.jpg,fish sea_food gilt_head_bream,256,256,JPEG
C:/Users/conta/OneDrive/Desktop/Multiclass/data/train\fish sea_food gilt_head_bream\1BFB0PL6G5PU.jpg,fish sea_food gilt_head_bream,256,256,JPEG
C:/Users/conta/OneDrive/Desktop/Multiclass/data/train\fish sea_food gilt_head_bream\1JCCFFWRPZ4H.jpg,fish sea_food gilt_head_bream,256,256,JPEG
C:/Users/conta/OneDrive/Desktop/Multiclass/data/train\fish sea_food gilt_head_bream\1M9RW0RBH3TV.jpg,fish sea_food gilt_head_bream,256,256,JPEG
C:/Users/conta/OneDrive/Desktop/Multiclass/data/train\fish sea_food gilt_head_bream\1PCCFDJ0AOZB.jpg,fish sea_food gilt_head_bream,256,256,JPEG
C:/Users/conta/OneDrive/Desktop/Multiclass/data/train\fish sea_food gilt_head_bream\1PX03VVVPKIN.jpg,fish sea_food gilt_head_bream,256,256,JPEG
C:/Users/conta/OneDrive/Desktop/Multiclass/data/train\fish sea_food gilt_head_bream\1QQPF6PVW4EU.jpg,fish sea_food gilt_head_bream,256,256,JPEG
C:/Users/conta/OneDrive/Desktop/Multiclass/data/train\fish sea_food gilt_head_bream\1S8XKDI64BJ1.jpg,fish sea_food gilt_head_bream,256,256,JPEG
C:/Users/conta/OneDrive/Desktop/Multiclass/data/train\fish sea_food gilt_head_bream\1T09THJOLM8S.jpg,fish sea_food gilt_head_bream,256,256,JPEG
C:/Users/conta/OneDrive/Desktop/Multiclass/data/train\fish sea_food gilt_head_bream\1V2WM5S8T1UE.jpg,fish sea_food gilt_head_bream,256,256,JPEG
C:/Users/conta/OneDrive/Desktop/Multiclass/data/train\fish sea_food gilt_head_bream\1VQG0WP5TQLS.jpg,fish sea_food gilt_head_bream,256,256,JPEG
C:/Users/conta/OneDrive/Desktop/Multiclass/data/train\fish sea_food gilt_head_bream\1WE5HGT385GX.jpg,fish sea_food gilt_head_bream,256,256,JPEG
C:/Users/conta/OneDrive/Desktop/Multiclass/data/train\fish sea_food gilt_head_bream\1WHKPA3B3P0J.jpg,fish sea_food gilt_head_bream,256,256,JPEG
C:/Users/conta/OneDrive/Desktop/Multiclass/data/train\fish sea_food gilt_head_bream\1XITVQF364SW.jpg,fish sea_food gilt_head_bream,256,256,JPEG
C:/Users/conta/OneDrive/Desktop/Multiclass/data/train\fish sea_food gilt_head_bream\1Z8OYFADHJOG.jpg,fish sea_food gilt_head_bream,256,256,JPEG
C:/Users/conta/OneDrive/Desktop/Multiclass/data/train\fish sea_food gilt_head_bream\20QUILDUTKQT.jpg,fish sea_food gilt_head_bream,256,256,JPEG
C:/Users/conta/OneDrive/Desktop/Multiclass/data/train\fish sea_food gilt_head_bream\2195TF25DKJC.jpg,fish sea_food gilt_head_bream,256,256,JPEG
C:/Users/conta/OneDrive/Desktop/Multiclass/data/train\fish sea_food gilt_head_bream\219A4CEZ6C2P.jpg,fish sea_food gilt_head_bream,256,256,JPEG
C:/Users/conta/OneDrive/Desktop/Multiclass/data/train\fish sea_food gilt_head_bream\22XMVV1HWM1U.jpg,fish sea_food gilt_head_bream,256,256,JPEG
C:/Users/conta/OneDrive/Desktop/Multiclass/data/train\fish sea_food gilt_head_bream\23GRYCT1JH9E.jpg,fish sea_food gilt_head_bream,256,256,JPEG
C:/Users/conta/OneDrive/Desktop/Multiclass/data/train\fish sea_food gilt_head_bream\25TBT6IJ95FV.jpg,fish sea_food gilt_head_bream,256,256,JPEG
C:/Users/conta/OneDrive/Desktop/Multiclass/data/train\fish sea_food gilt_head_bream\2AGFYFMVFBKL.jpg,fish sea_food gilt_head_bream,256,256,JPEG
C:/Users/conta/OneDrive/Desktop/Multiclass/data/train\fish sea_food gilt_head_bream\2AJ1ZQ7P7G0Y.jpg,fish sea_food gilt_head_bream,256,256,JPEG
C:/Users/conta/OneDrive/Desktop/Multiclass/data/train\fish sea_food gilt_head_bream\2AJXF9HX9PRD.jpg,fish sea_food gilt_head_bream,256,256,JPEG
C:/Users/conta/OneDrive/Desktop/Multiclass/data/train\fish sea_food gilt_head_bream\2CUHYU9QD8PH.jpg,fish sea_food gilt_head_bream,256,256,JPEG
C:/Users/conta/OneDrive/Desktop/Multiclass/data/train\fish sea_food gilt_head_bream\2FAJ9V1EG8KB.jpg,fish sea_food gilt_head_bream,256,256,JPEG
C:/Users/conta/OneDrive/Desktop/Multiclass/data/train\fish sea_food gilt_head_bream\2I1WWWKQAEH1.jpg,fish sea_food gilt_head_bream,256,256,JPEG
C:/Users/conta/OneDrive/Desktop/Multiclass/data/train\fish sea_food gilt_head_bream\2JC04SETXLHU.jpg,fish sea_food gilt_head_bream,256,256,JPEG
C:/Users/conta/OneDrive/Desktop/Multiclass/data/train\fish sea_food gilt_head_bream\2NH6GZOYQ1PG.jpg,fish sea_food gilt_head_bream,256,256,JPEG
C:/Users/conta/OneDrive/Desktop/Multiclass/data/train\fish sea_food gilt_head_bream\2O94OSNH09Q3.jpg,fish sea_food gilt_head_bream,256,256,JPEG
C:/Users/conta/OneDrive/Desktop/Multiclass/data/train\fish sea_food gilt_head_bream\2P7BY9ZCNVFW.jpg,fish sea_food gilt_head_bream,256,256,JPEG
C:/Users/conta/OneDrive/Desktop/Multiclass/data/train\fish sea_food gilt_head_bream\2XDRUDFCQCPD.jpg,fish sea_food gilt_head_bream,256,256,JPEG
C:/Users/conta/OneDrive/Desktop/Multiclass/data/train\fish sea_food gilt_head_bream\2YJU4PW6H2TX.jpg,fish sea_food gilt_head_bream,256,256,JPEG
C:/Users/conta/OneDrive/Desktop/Multiclass/data/train\fish sea_food gilt_head_bream\3011AF7T7T7C.jpg,fish sea_food gilt_head_bream,256,256,JPEG
C:/Users/conta/OneDrive/Desktop/Multiclass/data/train\fish sea_food gilt_head_bream\304OWZ4953LQ.jpg,fish sea_food gilt_head_bream,256,256,JPEG
C:/Users/conta/OneDrive/Desktop/Multiclass/data/train\fish sea_food gilt_head_bream\305QW0KUL7HU.jpg,fish sea_food gilt_head_bream,256,256,JPEG
C:/Users/conta/OneDrive/Desktop/Multiclass/data/train\fish sea_food gilt_head_bream\31HLMQS8E1MC.jpg,fish sea_food gilt_head_bream,256,256,JPEG
C:/Users/conta/OneDrive/Desktop/Multiclass/data/train\fish sea_food gilt_head_bream\328K9JMI7WF2.jpg,fish sea_food gilt_head_bream,256,256,JPEG
C:/Users/conta/OneDrive/Desktop/Multiclass/data/train\fish sea_food gilt_head_bream\3486ETE21XHR.jpg,fish sea_food gilt_head_bream,256,256,JPEG
C:/Users/conta/OneDrive/Desktop/Multiclass/data/train\fish sea_food gilt_head_bream\3BOMH08SK32F.jpg,fish sea_food gilt_head_bream,256,256,JPEG
C:/Users/conta/OneDrive/Desktop/Multiclass/data/train\fish sea_food gilt_head_bream\3DKL14NRDJGU.jpg,fish sea_food gilt_head_bream,256,256,JPEG
C:/Users/conta/OneDrive/Desktop/Multiclass/data/train\fish sea_food gilt_head_bream\3G27K5QIPJMU.jpg,fish sea_food gilt_head_bream,256,256,JPEG
C:/Users/conta/OneDrive/Desktop/Multiclass/data/train\fish sea_food gilt_head_bream\3JV63AHZZNLF.jpg,fish sea_food gilt_head_bream,256,256,JPEG
C:/Users/conta/OneDrive/Desktop/Multiclass/data/train\fish sea_food gilt_head_bream\3M7HJ4IMGYA2.jpg,fish sea_food gilt_head_bream,256,256,JPEG
C:/Users/conta/OneDrive/Desktop/Multiclass/data/train\fish sea_food gilt_head_bream\3PO8GMFIYDU5.jpg,fish sea_food gilt_head_bream,256,256,JPEG
C:/Users/conta/OneDrive/Desktop/Multiclass/data/train\fish sea_food gilt_head_bream\3U8P8VEYQJU5.jpg,fish sea_food gilt_head_bream,256,256,JPEG
C:/Users/conta/OneDrive/Desktop/Multiclass/data/train\fish sea_food gilt_head_bream\3Y88DCI2PJQR.jpg,fish sea_food gilt_head_bream,256,256,JPEG
C:/Users/conta/OneDrive/Desktop/Multiclass/data/train\fish sea_food gilt_head_bream\422FULI7MSS5.jpg,fish sea_food gilt_head_bream,256,256,JPEG
C:/Users/conta/OneDrive/Desktop/Multiclass/data/train\fish sea_food gilt_head_bream\47FKPDEMA7IO.jpg,fish sea_food gilt_head_bream,256,256,JPEG
C:/Users/conta/OneDrive/Desktop/Multiclass/data/train\fish sea_food gilt_head_bream\4AQJLOX5BU9Y.jpg,fish sea_food gilt_head_bream,256,256,JPEG
C:/Users/conta/OneDrive/Desktop/Multiclass/data/train\fish sea_food gilt_head_bream\4CQQWE7B1IU4.jpg,fish sea_food gilt_head_bream,256,256,JPEG
C:/Users/conta/OneDrive/Desktop/Multiclass/data/train\fish sea_food gilt_head_bream\4DQJS6W7PVXS.jpg,fish sea_food gilt_head_bream,256,256,JPEG
C:/Users/conta/OneDrive/Desktop/Multiclass/data/train\fish sea_food gilt_head_bream\4F30YORY3WE6.jpg,fish sea_food gilt_head_bream,256,256,JPEG
C:/Users/conta/OneDrive/Desktop/Multiclass/data/train\fish sea_food gilt_head_bream\4FK0UFF8K6SF.jpg,fish sea_food gilt_head_bream,256,256,JPEG
C:/Users/conta/OneDrive/Desktop/Multiclass/data/train\fish sea_food gilt_head_bream\4HYU0K0FSADF.jpg,fish sea_food gilt_head_bream,256,256,JPEG
C:/Users/conta/OneDrive/Desktop/Multiclass/data/train\fish sea_food gilt_head_bream\4L7SHGQ11049.jpg,fish sea_food gilt_head_bream,256,256,JPEG
C:/Users/conta/OneDrive/Desktop/Multiclass/data/train\fish sea_food gilt_head_bream\4OF6EL3F0ATD.jpg,fish sea_food gilt_head_bream,256,256,JPEG
C:/Users/conta/OneDrive/Desktop/Multiclass/data/train\fish sea_food gilt_head_bream\4OTFHWRFOPZ0.jpg,fish sea_food gilt_head_bream,256,256,JPEG
C:/Users/conta/OneDrive/Desktop/Multiclass/data/train\fish sea_food gilt_head_bream\4QS9OKHXC88L.jpg,fish sea_food gilt_head_bream,256,256,JPEG
C:/Users/conta/OneDrive/Desktop/Multiclass/data/train\fish sea_food gilt_head_bream\4VB5A6GUNTTH.jpg,fish sea_food gilt_head_bream,256,256,JPEG
C:/Users/conta/OneDrive/Desktop/Multiclass/data/train\fish sea_food gilt_head_bream\4WHHR45YG5K2.jpg,fish sea_food gilt_head_bream,256,256,JPEG
C:/Users/conta/OneDrive/Desktop/Multiclass/data/train\fish sea_food gilt_head_bream\4WJNVRH1D8M1.jpg,fish sea_food gilt_head_bream,256,256,JPEG
C:/Users/conta/OneDrive/Desktop/Multiclass/data/train\fish sea_food gilt_head_bream\4XY0FE6SSWD6.jpg,fish sea_food gilt_head_bream,256,256,JPEG
C:/Users/conta/OneDrive/Desktop/Multiclass/data/train\fish sea_food gilt_head_bream\4ZDYNMAVZW77.jpg,fish sea_food gilt_head_bream,256,256,JPEG
C:/Users/conta/OneDrive/Desktop/Multiclass/data/train\fish sea_food gilt_head_bream\50KWKL0W9X50.jpg,fish sea_food gilt_head_bream,256,256,JPEG
C:/Users/conta/OneDrive/Desktop/Multiclass/data/train\fish sea_food gilt_head_bream\51I84SRKBBZC.jpg,fish sea_food gilt_head_bream,256,256,JPEG
C:/Users/conta/OneDrive/Desktop/Multiclass/data/train\fish sea_food gilt_head_bream\55097GQ25XF0.jpg,fish sea_food gilt_head_bream,256,256,JPEG
C:/Users/conta/OneDrive/Desktop/Multiclass/data/train\fish sea_food gilt_head_bream\5C9IRKE047C5.jpg,fish sea_food gilt_head_bream,256,256,JPEG
C:/Users/conta/OneDrive/Desktop/Multiclass/data/train\fish sea_food gilt_head_bream\5FYZUX4F9KXC.jpg,fish sea_food gilt_head_bream,256,256,JPEG
C:/Users/conta/OneDrive/Desktop/Multiclass/data/train\fish sea_food gilt_head_bream\5IQXRNHLQWLD.jpg,fish sea_food gilt_head_bream,256,256,JPEG
C:/Users/conta/OneDrive/Desktop/Multiclass/data/train\fish sea_food gilt_head_bream\5JHKE0T49V41.jpg,fish sea_food gilt_head_bream,256,256,JPEG
C:/Users/conta/OneDrive/Desktop/Multiclass/data/train\fish sea_food gilt_head_bream\5LN3OTX00E37.jpg,fish sea_food gilt_head_bream,256,256,JPEG
C:/Users/conta/OneDrive/Desktop/Multiclass/data/train\fish sea_food gilt_head_bream\5ODOO05809K4.jpg,fish sea_food gilt_head_bream,256,256,JPEG
C:/Users/conta/OneDrive/Desktop/Multiclass/data/train\fish sea_food gilt_head_bream\5PVEC6RG1ADW.jpg,fish sea_food gilt_head_bream,256,256,JPEG
C:/Users/conta/OneDrive/Desktop/Multiclass/data/train\fish sea_food gilt_head_bream\5QC7P53QGHII.jpg,fish sea_food gilt_head_bream,256,256,JPEG
C:/Users/conta/OneDrive/Desktop/Multiclass/data/train\fish sea_food gilt_head_bream\5SY5PVHNZWNX.jpg,fish sea_food gilt_head_bream,256,256,JPEG
C:/Users/conta/OneDrive/Desktop/Multiclass/data/train\fish sea_food gilt_head_bream\5VK0RONKZBFU.jpg,fish sea_food gilt_head_bream,256,256,JPEG
C:/Users/conta/OneDrive/Desktop/Multiclass/data/train\fish sea_food gilt_head_bream\5WP53UTB7GPW.jpg,fish sea_food gilt_head_bream,256,256,JPEG
C:/Users/conta/OneDrive/Desktop/Multiclass/data/train\fish sea_food gilt_head_bream\5X01UEL4EJH3.jpg,fish sea_food gilt_head_bream,256,256,JPEG
C:/Users/conta/OneDrive/Desktop/Multiclass/data/train\fish sea_food gilt_head_bream\5X05RVSP41LZ.jpg,fish sea_food gilt_head_bream,256,256,JPEG
C:/Users/conta/OneDrive/Desktop/Multiclass/data/train\fish sea_food gilt_head_bream\64THI183F0GC.jpg,fish sea_food gilt_head_bream,256,256,JPEG
C:/Users/conta/OneDrive/Desktop/Multiclass/data/train\fish sea_food gilt_head_bream\65E91OCSZZFR.jpg,fish sea_food gilt_head_bream,256,256,JPEG
C:/Users/conta/OneDrive/Desktop/Multiclass/data/train\fish sea_food gilt_head_bream\686CAUU5CDXX.jpg,fish sea_food gilt_head_bream,256,256,JPEG
C:/Users/conta/OneDrive/Desktop/Multiclass/data/train\fish sea_food gilt_head_bream\692ISZFFIULW.jpg,fish sea_food gilt_head_bream,256,256,JPEG
C:/Users/conta/OneDrive/Desktop/Multiclass/data/train\fish sea_food gilt_head_bream\6A1OHNGM5MMA.jpg,fish sea_food gilt_head_bream,256,256,JPEG
C:/Users/conta/OneDrive/Desktop/Multiclass/data/train\fish sea_food gilt_head_bream\6AC0CGU1AD4B.jpg,fish sea_food gilt_head_bream,256,256,JPEG
C:/Users/conta/OneDrive/Desktop/Multiclass/data/train\fish sea_food gilt_head_bream\6B0F88LV5CY0.jpg,fish sea_food gilt_head_bream,256,256,JPEG
C:/Users/conta/OneDrive/Desktop/Multiclass/data/train\fish sea_food gilt_head_bream\6GNTTW5TBW5H.jpg,fish sea_food gilt_head_bream,256,256,JPEG
C:/Users/conta/OneDrive/Desktop/Multiclass/data/train\fish sea_food gilt_head_bream\6M3810GSJY4I.jpg,fish sea_food gilt_head_bream,256,256,JPEG
C:/Users/conta/OneDrive/Desktop/Multiclass/data/train\fish sea_food gilt_head_bream\6MDJN28B2GOH.jpg,fish sea_food gilt_head_bream,256,256,JPEG
C:/Users/conta/OneDrive/Desktop/Multiclass/data/train\fish sea_food gilt_head_bream\6MYCVXNIID33.jpg,fish sea_food gilt_head_bream,256,256,JPEG
C:/Users/conta/OneDrive/Desktop/Multiclass/data/train\fish sea_food gilt_head_bream\6PO6RYUSH34X.jpg,fish sea_food gilt_head_bream,256,256,JPEG
C:/Users/conta/OneDrive/Desktop/Multiclass/data/train\fish sea_food gilt_head_bream\6R1W5E6F064Z.jpg,fish sea_food gilt_head_bream,256,256,JPEG
C:/Users/conta/OneDrive/Desktop/Multiclass/data/train\fish sea_food gilt_head_bream\6RH5SJ47FDIF.jpg,fish sea_food gilt_head_bream,256,256,JPEG
C:/Users/conta/OneDrive/Desktop/Multiclass/data/train\fish sea_food gilt_head_bream\6TZ7T1O5I9HG.jpg,fish sea_food gilt_head_bream,256,256,JPEG
C:/Users/conta/OneDrive/Desktop/Multiclass/data/train\fish sea_food gilt_head_bream\6UTUOC864L3J.jpg,fish sea_food gilt_head_bream,256,256,JPEG
C:/Users/conta/OneDrive/Desktop/Multiclass/data/train\fish sea_food gilt_head_bream\6XL33E6BMI99.jpg,fish sea_food gilt_head_bream,256,256,JPEG
C:/Users/conta/OneDrive/Desktop/Multiclass/data/train\fish sea_food gilt_head_bream\6ZB5FKSNSVAQ.jpg,fish sea_food gilt_head_bream,256,256,JPEG
C:/Users/conta/OneDrive/Desktop/Multiclass/data/train\fish sea_food gilt_head_bream\6ZJFM0YTPGBN.jpg,fish sea_food gilt_head_bream,256,256,JPEG
C:/Users/conta/OneDrive/Desktop/Multiclass/data/train\fish sea_food gilt_head_bream\71ZZNPZYM1FS.jpg,fish sea_food gilt_head_bream,256,256,JPEG
C:/Users/conta/OneDrive/Desktop/Multiclass/data/train\fish sea_food gilt_head_bream\74LO10V2UZUF.jpg,fish sea_food gilt_head_bream,256,256,JPEG
C:/Users/conta/OneDrive/Desktop/Multiclass/data/train\fish sea_food gilt_head_bream\74PV5D66JRAD.jpg,fish sea_food gilt_head_bream,256,256,JPEG
C:/Users/conta/OneDrive/Desktop/Multiclass/data/train\fish sea_food gilt_head_bream\75UJOCPHJJX9.jpg,fish sea_food gilt_head_bream,256,256,JPEG
C:/Users/conta/OneDrive/Desktop/Multiclass/data/train\fish sea_food gilt_head_bream\7AAGP869NKMJ.jpg,fish sea_food gilt_head_bream,256,256,JPEG
C:/Users/conta/OneDrive/Desktop/Multiclass/data/train\fish sea_food gilt_head_bream\7AMN6D73YFLI.jpg,fish sea_food gilt_head_bream,256,256,JPEG
C:/Users/conta/OneDrive/Desktop/Multiclass/data/train\fish sea_food gilt_head_bream\7BAPZDIOQ5FU.jpg,fish sea_food gilt_head_bream,256,256,JPEG
C:/Users/conta/OneDrive/Desktop/Multiclass/data/train\fish sea_food gilt_head_bream\7BSLDPSMAUGV.jpg,fish sea_food gilt_head_bream,256,256,JPEG
C:/Users/conta/OneDrive/Desktop/Multiclass/data/train\fish sea_food gilt_head_bream\7C28RKFAZKH5.jpg,fish sea_food gilt_head_bream,256,256,JPEG
C:/Users/conta/OneDrive/Desktop/Multiclass/data/train\fish sea_food gilt_head_bream\7FAC6GK0A9C7.jpg,fish sea_food gilt_head_bream,256,256,JPEG
C:/Users/conta/OneDrive/Desktop/Multiclass/data/train\fish sea_food gilt_head_bream\7K0FQVXVB3II.jpg,fish sea_food gilt_head_bream,256,256,JPEG
C:/Users/conta/OneDrive/Desktop/Multiclass/data/train\fish sea_food gilt_head_bream\7LB2EMEWB1TG.jpg,fish sea_food gilt_head_bream,256,256,JPEG
C:/Users/conta/OneDrive/Desktop/Multiclass/data/train\fish sea_food gilt_head_bream\7P48JUD37GDT.jpg,fish sea_food gilt_head_bream,256,256,JPEG
C:/Users/conta/OneDrive/Desktop/Multiclass/data/train\fish sea_food gilt_head_bream\7TPPEYYKFIRZ.jpg,fish sea_food gilt_head_bream,256,256,JPEG
C:/Users/conta/OneDrive/Desktop/Multiclass/data/train\fish sea_food gilt_head_bream\7UQQICO4NVWK.jpg,fish sea_food gilt_head_bream,256,256,JPEG
C:/Users/conta/OneDrive/Desktop/Multiclass/data/train\fish sea_food gilt_head_bream\80ZOD6JKVA3K.jpg,fish sea_food gilt_head_bream,256,256,JPEG
C:/Users/conta/OneDrive/Desktop/Multiclass/data/train\fish sea_food gilt_head_bream\82NR54AIWC28.jpg,fish sea_food gilt_head_bream,256,256,JPEG
C:/Users/conta/OneDrive/Desktop/Multiclass/data/train\fish sea_food gilt_head_bream\82U02AV1XH1Y.jpg,fish sea_food gilt_head_bream,256,256,JPEG
C:/Users/conta/OneDrive/Desktop/Multiclass/data/train\fish sea_food gilt_head_bream\84Q4UTUTDF5Z.jpg,fish sea_food gilt_head_bream,256,256,JPEG
C:/Users/conta/OneDrive/Desktop/Multiclass/data/train\fish sea_food gilt_head_bream\85BG12K0CFLS.jpg,fish sea_food gilt_head_bream,256,256,JPEG
C:/Users/conta/OneDrive/Desktop/Multiclass/data/train\fish sea_food gilt_head_bream\86UL8SYGQMNH.jpg,fish sea_food gilt_head_bream,256,256,JPEG
C:/Users/conta/OneDrive/Desktop/Multiclass/data/train\fish sea_food gilt_head_bream\88Z634LDL5A2.jpg,fish sea_food gilt_head_bream,256,256,JPEG
C:/Users/conta/OneDrive/Desktop/Multiclass/data/train\fish sea_food gilt_head_bream\89QKCRJYYO1D.jpg,fish sea_food gilt_head_bream,256,256,JPEG
C:/Users/conta/OneDrive/Desktop/Multiclass/data/train\fish sea_food gilt_head_bream\8EIMDNI6U5A1.jpg,fish sea_food gilt_head_bream,256,256,JPEG
C:/Users/conta/OneDrive/Desktop/Multiclass/data/train\fish sea_food gilt_head_bream\8F8AFAPN7WDW.jpg,fish sea_food gilt_head_bream,256,256,JPEG
C:/Users/conta/OneDrive/Desktop/Multiclass/data/train\fish sea_food gilt_head_bream\8FX9XBHX5ED9.jpg,fish sea_food gilt_head_bream,256,256,JPEG
C:/Users/conta/OneDrive/Desktop/Multiclass/data/train\fish sea_food gilt_head_bream\8H45PX5QWHYV.jpg,fish sea_food gilt_head_bream,256,256,JPEG
C:/Users/conta/OneDrive/Desktop/Multiclass/data/train\fish sea_food gilt_head_bream\8HEN19LAPJGS.jpg,fish sea_food gilt_head_bream,256,256,JPEG
C:/Users/conta/OneDrive/Desktop/Multiclass/data/train\fish sea_food gilt_head_bream\8IKD140XQLAV.jpg,fish sea_food gilt_head_bream,256,256,JPEG
C:/Users/conta/OneDrive/Desktop/Multiclass/data/train\fish sea_food gilt_head_bream\8KSOXIWPH9NE.jpg,fish sea_food gilt_head_bream,256,256,JPEG
C:/Users/conta/OneDrive/Desktop/Multiclass/data/train\fish sea_food gilt_head_bream\8MPWH7BE26ZF.jpg,fish sea_food gilt_head_bream,256,256,JPEG
C:/Users/conta/OneDrive/Desktop/Multiclass/data/train\fish sea_food gilt_head_bream\8NAV9KNZNTO2.jpg,fish sea_food gilt_head_bream,256,256,JPEG
C:/Users/conta/OneDrive/Desktop/Multiclass/data/train\fish sea_food gilt_head_bream\8PSZV7YYHX1E.jpg,fish sea_food gilt_head_bream,256,256,JPEG
C:/Users/conta/OneDrive/Desktop/Multiclass/data/train\fish sea_food gilt_head_bream\8T0WMPWIHWUU.jpg,fish sea_food gilt_head_bream,256,256,JPEG
C:/Users/conta/OneDrive/Desktop/Multiclass/data/train\fish sea_food gilt_head_bream\8W2DZQ9U66UV.jpg,fish sea_food gilt_head_bream,256,256,JPEG
C:/Users/conta/OneDrive/Desktop/Multiclass/data/train\fish sea_food gilt_head_bream\8WJ4IV1NMKER.jpg,fish sea_food gilt_head_bream,256,256,JPEG
C:/Users/conta/OneDrive/Desktop/Multiclass/data/train\fish sea_food gilt_head_bream\93OIHU7RA81Y.jpg,fish sea_food gilt_head_bream,256,256,JPEG
C:/Users/conta/OneDrive/Desktop/Multiclass/data/train\fish sea_food gilt_head_bream\99ZEOK7SG0BI.jpg,fish sea_food gilt_head_bream,256,256,JPEG
C:/Users/conta/OneDrive/Desktop/Multiclass/data/train\fish sea_food gilt_head_bream\9BWRDU2FSWJT.jpg,fish sea_food gilt_head_bream,256,256,JPEG
C:/Users/conta/OneDrive/Desktop/Multiclass/data/train\fish sea_food gilt_head_bream\9DUM1FAQYE8I.jpg,fish sea_food gilt_head_bream,256,256,JPEG
C:/Users/conta/OneDrive/Desktop/Multiclass/data/train\fish sea_food gilt_head_bream\9DWTS57W5HHL.jpg,fish sea_food gilt_head_bream,256,256,JPEG
C:/Users/conta/OneDrive/Desktop/Multiclass/data/train\fish sea_food gilt_head_bream\9F7GYOJOPJX2.jpg,fish sea_food gilt_head_bream,256,256,JPEG
C:/Users/conta/OneDrive/Desktop/Multiclass/data/train\fish sea_food gilt_head_bream\9FZDG93KRON4.jpg,fish sea_food gilt_head_bream,256,256,JPEG
C:/Users/conta/OneDrive/Desktop/Multiclass/data/train\fish sea_food gilt_head_bream\9HPQ3FDLP7C5.jpg,fish sea_food gilt_head_bream,256,256,JPEG
C:/Users/conta/OneDrive/Desktop/Multiclass/data/train\fish sea_food gilt_head_bream\9JY58QDYA1IB.jpg,fish sea_food gilt_head_bream,256,256,JPEG
C:/Users/conta/OneDrive/Desktop/Multiclass/data/train\fish sea_food gilt_head_bream\9LA3YXAFSXB9.jpg,fish sea_food gilt_head_bream,256,256,JPEG
C:/Users/conta/OneDrive/Desktop/Multiclass/data/train\fish sea_food gilt_head_bream\9NQ9TXOLZE5R.jpg,fish sea_food gilt_head_bream,256,256,JPEG
C:/Users/conta/OneDrive/Desktop/Multiclass/data/train\fish sea_food gilt_head_bream\9PFP4W2VS4XE.jpg,fish sea_food gilt_head_bream,256,256,JPEG
C:/Users/conta/OneDrive/Desktop/Multiclass/data/train\fish sea_food gilt_head_bream\9SVRG6LQGSK4.jpg,fish sea_food gilt_head_bream,256,256,JPEG
C:/Users/conta/OneDrive/Desktop/Multiclass/data/train\fish sea_food gilt_head_bream\9U3LMKZ4FF6J.jpg,fish sea_food gilt_head_bream,256,256,JPEG
C:/Users/conta/OneDrive/Desktop/Multiclass/data/train\fish sea_food gilt_head_bream\A1M5GIEORF0M.jpg,fish sea_food gilt_head_bream,256,256,JPEG
C:/Users/conta/OneDrive/Desktop/Multiclass/data/train\fish sea_food gilt_head_bream\A1WF5XUYRNOT.jpg,fish sea_food gilt_head_bream,256,256,JPEG
C:/Users/conta/OneDrive/Desktop/Multiclass/data/train\fish sea_food gilt_head_bream\A2MLZDYK2J8L.jpg,fish sea_food gilt_head_bream,256,256,JPEG
C:/Users/conta/OneDrive/Desktop/Multiclass/data/train\fish sea_food gilt_head_bream\A6NZ4OQ22BJ3.jpg,fish sea_food gilt_head_bream,256,256,JPEG
C:/Users/conta/OneDrive/Desktop/Multiclass/data/train\fish sea_food gilt_head_bream\A7UUWI8LRITP.jpg,fish sea_food gilt_head_bream,256,256,JPEG
C:/Users/conta/OneDrive/Desktop/Multiclass/data/train\fish sea_food gilt_head_bream\A88VWTWZS7G4.jpg,fish sea_food gilt_head_bream,256,256,JPEG
C:/Users/conta/OneDrive/Desktop/Multiclass/data/train\fish sea_food gilt_head_bream\A9CN4X50YV2Q.jpg,fish sea_food gilt_head_bream,256,256,JPEG
C:/Users/conta/OneDrive/Desktop/Multiclass/data/train\fish sea_food gilt_head_bream\ABJ7WBZNAFR9.jpg,fish sea_food gilt_head_bream,256,256,JPEG
C:/Users/conta/OneDrive/Desktop/Multiclass/data/train\fish sea_food gilt_head_bream\ABX7A0JZWWPD.jpg,fish sea_food gilt_head_bream,256,256,JPEG
C:/Users/conta/OneDrive/Desktop/Multiclass/data/train\fish sea_food gilt_head_bream\ACY6BVKAO6XR.jpg,fish sea_food gilt_head_bream,256,256,JPEG
C:/Users/conta/OneDrive/Desktop/Multiclass/data/train\fish sea_food gilt_head_bream\AL1OZTR2K6QC.jpg,fish sea_food gilt_head_bream,256,256,JPEG
C:/Users/conta/OneDrive/Desktop/Multiclass/data/train\fish sea_food gilt_head_bream\AL9HUNC9N37L.jpg,fish sea_food gilt_head_bream,256,256,JPEG
C:/Users/conta/OneDrive/Desktop/Multiclass/data/train\fish sea_food gilt_head_bream\AMJOC76CKVXY.jpg,fish sea_food gilt_head_bream,256,256,JPEG
C:/Users/conta/OneDrive/Desktop/Multiclass/data/train\fish sea_food gilt_head_bream\AOEY1B34GK20.jpg,fish sea_food gilt_head_bream,256,256,JPEG
C:/Users/conta/OneDrive/Desktop/Multiclass/data/train\fish sea_food gilt_head_bream\APKHKXQR55HJ.jpg,fish sea_food gilt_head_bream,256,256,JPEG
C:/Users/conta/OneDrive/Desktop/Multiclass/data/train\fish sea_food gilt_head_bream\AQL4O5FP7D98.jpg,fish sea_food gilt_head_bream,256,256,JPEG
C:/Users/conta/OneDrive/Desktop/Multiclass/data/train\fish sea_food gilt_head_bream\AS8DDYPT13R4.jpg,fish sea_food gilt_head_bream,256,256,JPEG
C:/Users/conta/OneDrive/Desktop/Multiclass/data/train\fish sea_food gilt_head_bream\AVWDMNKPPUNA.jpg,fish sea_food gilt_head_bream,256,256,JPEG
C:/Users/conta/OneDrive/Desktop/Multiclass/data/train\fish sea_food gilt_head_bream\AWCA4LB1PVYX.jpg,fish sea_food gilt_head_bream,256,256,JPEG
C:/Users/conta/OneDrive/Desktop/Multiclass/data/train\fish sea_food gilt_head_bream\AY4BMMSKKB3B.jpg,fish sea_food gilt_head_bream,256,256,JPEG
C:/Users/conta/OneDrive/Desktop/Multiclass/data/train\fish sea_food gilt_head_bream\AYWC7PDNZNZN.jpg,fish sea_food gilt_head_bream,256,256,JPEG
C:/Users/conta/OneDrive/Desktop/Multiclass/data/train\fish sea_food gilt_head_bream\B067MJ34KDIY.jpg,fish sea_food gilt_head_bream,256,256,JPEG
C:/Users/conta/OneDrive/Desktop/Multiclass/data/train\fish sea_food gilt_head_bream\B17W734J7YCB.jpg,fish sea_food gilt_head_bream,256,256,JPEG
C:/Users/conta/OneDrive/Desktop/Multiclass/data/train\fish sea_food gilt_head_bream\B4UMSZT6RTNZ.jpg,fish sea_food gilt_head_bream,256,256,JPEG
C:/Users/conta/OneDrive/Desktop/Multiclass/data/train\fish sea_food gilt_head_bream\B5D4EV7I0Y0N.jpg,fish sea_food gilt_head_bream,256,256,JPEG
C:/Users/conta/OneDrive/Desktop/Multiclass/data/train\fish sea_food gilt_head_bream\BCJ9D3LMH4LF.jpg,fish sea_food gilt_head_bream,256,256,JPEG
C:/Users/conta/OneDrive/Desktop/Multiclass/data/train\fish sea_food gilt_head_bream\BHKKCUCXSDNR.jpg,fish sea_food gilt_head_bream,256,256,JPEG
C:/Users/conta/OneDrive/Desktop/Multiclass/data/train\fish sea_food gilt_head_bream\BLI1P0K7BVAZ.jpg,fish sea_food gilt_head_bream,256,256,JPEG
C:/Users/conta/OneDrive/Desktop/Multiclass/data/train\fish sea_food gilt_head_bream\BMSKXAPFI3VR.jpg,fish sea_food gilt_head_bream,256,256,JPEG
C:/Users/conta/OneDrive/Desktop/Multiclass/data/train\fish sea_food gilt_head_bream\BNRWKDW1TE5D.jpg,fish sea_food gilt_head_bream,256,256,JPEG
C:/Users/conta/OneDrive/Desktop/Multiclass/data/train\fish sea_food gilt_head_bream\BRDYIQOCHR1L.jpg,fish sea_food gilt_head_bream,256,256,JPEG
C:/Users/conta/OneDrive/Desktop/Multiclass/data/train\fish sea_food gilt_head_bream\BTAAQ4WXZ2ZY.jpg,fish sea_food gilt_head_bream,256,256,JPEG
C:/Users/conta/OneDrive/Desktop/Multiclass/data/train\fish sea_food gilt_head_bream\BURZIL79KA3P.jpg,fish sea_food gilt_head_bream,256,256,JPEG
C:/Users/conta/OneDrive/Desktop/Multiclass/data/train\fish sea_food gilt_head_bream\BXX7YO1M2Z0U.jpg,fish sea_food gilt_head_bream,256,256,JPEG
C:/Users/conta/OneDrive/Desktop/Multiclass/data/train\fish sea_food gilt_head_bream\C0JQSBXKMIF5.jpg,fish sea_food gilt_head_bream,256,256,JPEG
C:/Users/conta/OneDrive/Desktop/Multiclass/data/train\fish sea_food gilt_head_bream\C3FHMOS98M0B.jpg,fish sea_food gilt_head_bream,256,256,JPEG
C:/Users/conta/OneDrive/Desktop/Multiclass/data/train\fish sea_food gilt_head_bream\C5OL77CW8Y0P.jpg,fish sea_food gilt_head_bream,256,256,JPEG
C:/Users/conta/OneDrive/Desktop/Multiclass/data/train\fish sea_food gilt_head_bream\C5Z8VZBI707F.jpg,fish sea_food gilt_head_bream,256,256,JPEG
C:/Users/conta/OneDrive/Desktop/Multiclass/data/train\fish sea_food gilt_head_bream\CA838LXW9PGY.jpg,fish sea_food gilt_head_bream,256,256,JPEG
C:/Users/conta/OneDrive/Desktop/Multiclass/data/train\fish sea_food gilt_head_bream\CAIPB04KIUXN.jpg,fish sea_food gilt_head_bream,256,256,JPEG
C:/Users/conta/OneDrive/Desktop/Multiclass/data/train\fish sea_food gilt_head_bream\CCRK1P8B67CT.jpg,fish sea_food gilt_head_bream,256,256,JPEG
C:/Users/conta/OneDrive/Desktop/Multiclass/data/train\fish sea_food gilt_head_bream\CG68IW23DXMH.jpg,fish sea_food gilt_head_bream,256,256,JPEG
C:/Users/conta/OneDrive/Desktop/Multiclass/data/train\fish sea_food gilt_head_bream\CH06XYAOYT1S.jpg,fish sea_food gilt_head_bream,256,256,JPEG
C:/Users/conta/OneDrive/Desktop/Multiclass/data/train\fish sea_food gilt_head_bream\CK93RLHX9MOF.jpg,fish sea_food gilt_head_bream,256,256,JPEG
C:/Users/conta/OneDrive/Desktop/Multiclass/data/train\fish sea_food gilt_head_bream\CR0VPABGHDLY.jpg,fish sea_food gilt_head_bream,256,256,JPEG
C:/Users/conta/OneDrive/Desktop/Multiclass/data/train\fish sea_food gilt_head_bream\CRA02IDC37JM.jpg,fish sea_food gilt_head_bream,256,256,JPEG
C:/Users/conta/OneDrive/Desktop/Multiclass/data/train\fish sea_food gilt_head_bream\CUQV2I6E9ASX.jpg,fish sea_food gilt_head_bream,256,256,JPEG
C:/Users/conta/OneDrive/Desktop/Multiclass/data/train\fish sea_food gilt_head_bream\CZHTQ8B1UN01.jpg,fish sea_food gilt_head_bream,256,256,JPEG
C:/Users/conta/OneDrive/Desktop/Multiclass/data/train\fish sea_food gilt_head_bream\D6MUWZMOZBKU.jpg,fish sea_food gilt_head_bream,256,256,JPEG
C:/Users/conta/OneDrive/Desktop/Multiclass/data/train\fish sea_food gilt_head_bream\DEENAY4Y7OQ7.jpg,fish sea_food gilt_head_bream,256,256,JPEG
C:/Users/conta/OneDrive/Desktop/Multiclass/data/train\fish sea_food gilt_head_bream\DFCUAB26MF70.jpg,fish sea_food gilt_head_bream,256,256,JPEG
C:/Users/conta/OneDrive/Desktop/Multiclass/data/train\fish sea_food gilt_head_bream\DG61U77U0C2M.jpg,fish sea_food gilt_head_bream,256,256,JPEG
C:/Users/conta/OneDrive/Desktop/Multiclass/data/train\fish sea_food gilt_head_bream\DGKMGOQ5T74H.jpg,fish sea_food gilt_head_bream,256,256,JPEG
C:/Users/conta/OneDrive/Desktop/Multiclass/data/train\fish sea_food gilt_head_bream\DJXPWSCNQFLT.jpg,fish sea_food gilt_head_bream,256,256,JPEG
C:/Users/conta/OneDrive/Desktop/Multiclass/data/train\fish sea_food gilt_head_bream\DNZ5H5WH78PU.jpg,fish sea_food gilt_head_bream,256,256,JPEG
C:/Users/conta/OneDrive/Desktop/Multiclass/data/train\fish sea_food gilt_head_bream\DO4ARQ98IUSX.jpg,fish sea_food gilt_head_bream,256,256,JPEG
C:/Users/conta/OneDrive/Desktop/Multiclass/data/train\fish sea_food gilt_head_bream\DS4B50Y8UK8Z.jpg,fish sea_food gilt_head_bream,256,256,JPEG
C:/Users/conta/OneDrive/Desktop/Multiclass/data/train\fish sea_food gilt_head_bream\DSTJ0FNZ17NI.jpg,fish sea_food gilt_head_bream,256,256,JPEG
C:/Users/conta/OneDrive/Desktop/Multiclass/data/train\fish sea_food gilt_head_bream\DT6PRZVQUT5E.jpg,fish sea_food gilt_head_bream,256,256,JPEG
C:/Users/conta/OneDrive/Desktop/Multiclass/data/train\fish sea_food gilt_head_bream\DUENR3E0KN7D.jpg,fish sea_food gilt_head_bream,256,256,JPEG
C:/Users/conta/OneDrive/Desktop/Multiclass/data/train\fish sea_food gilt_head_bream\DV2HI3OK2GB9.jpg,fish sea_food gilt_head_bream,256,256,JPEG
C:/Users/conta/OneDrive/Desktop/Multiclass/data/train\fish sea_food gilt_head_bream\DWZD79G6U8DA.jpg,fish sea_food gilt_head_bream,256,256,JPEG
C:/Users/conta/OneDrive/Desktop/Multiclass/data/train\fish sea_food gilt_head_bream\DYGW3Y4Z7R9S.jpg,fish sea_food gilt_head_bream,256,256,JPEG
C:/Users/conta/OneDrive/Desktop/Multiclass/data/train\fish sea_food gilt_head_bream\E0SPD5C39VR7.jpg,fish sea_food gilt_head_bream,256,256,JPEG
C:/Users/conta/OneDrive/Desktop/Multiclass/data/train\fish sea_food gilt_head_bream\E2QM4B5TASY9.jpg,fish sea_food gilt_head_bream,256,256,JPEG
C:/Users/conta/OneDrive/Desktop/Multiclass/data/train\fish sea_food gilt_head_bream\E55YAEO5495J.jpg,fish sea_food gilt_head_bream,256,256,JPEG
C:/Users/conta/OneDrive/Desktop/Multiclass/data/train\fish sea_food gilt_head_bream\E62KRJXGZC68.jpg,fish sea_food gilt_head_bream,256,256,JPEG
C:/Users/conta/OneDrive/Desktop/Multiclass/data/train\fish sea_food gilt_head_bream\E8AZ8ZI4CD3F.jpg,fish sea_food gilt_head_bream,256,256,JPEG
C:/Users/conta/OneDrive/Desktop/Multiclass/data/train\fish sea_food gilt_head_bream\E8OXAD6Y1XQ8.jpg,fish sea_food gilt_head_bream,256,256,JPEG
C:/Users/conta/OneDrive/Desktop/Multiclass/data/train\fish sea_food gilt_head_bream\EBFJS88ZKEKG.jpg,fish sea_food gilt_head_bream,256,256,JPEG
C:/Users/conta/OneDrive/Desktop/Multiclass/data/train\fish sea_food gilt_head_bream\EG647M420KFU.jpg,fish sea_food gilt_head_bream,256,256,JPEG
C:/Users/conta/OneDrive/Desktop/Multiclass/data/train\fish sea_food gilt_head_bream\EG816ZIE8KM8.jpg,fish sea_food gilt_head_bream,256,256,JPEG
C:/Users/conta/OneDrive/Desktop/Multiclass/data/train\fish sea_food gilt_head_bream\EK4035RPSUP6.jpg,fish sea_food gilt_head_bream,256,256,JPEG
C:/Users/conta/OneDrive/Desktop/Multiclass/data/train\fish sea_food gilt_head_bream\EK5U671Z35K9.jpg,fish sea_food gilt_head_bream,256,256,JPEG
C:/Users/conta/OneDrive/Desktop/Multiclass/data/train\fish sea_food gilt_head_bream\EMTDH0X7U0Y5.jpg,fish sea_food gilt_head_bream,256,256,JPEG
C:/Users/conta/OneDrive/Desktop/Multiclass/data/train\fish sea_food gilt_head_bream\ENTYQ6VPQ0V4.jpg,fish sea_food gilt_head_bream,256,256,JPEG
C:/Users/conta/OneDrive/Desktop/Multiclass/data/train\fish sea_food gilt_head_bream\EPM52RHN0A76.jpg,fish sea_food gilt_head_bream,256,256,JPEG
C:/Users/conta/OneDrive/Desktop/Multiclass/data/train\fish sea_food gilt_head_bream\EWGJ5XOPCFMH.jpg,fish sea_food gilt_head_bream,256,256,JPEG
C:/Users/conta/OneDrive/Desktop/Multiclass/data/train\fish sea_food gilt_head_bream\EWUDD8TOOVX3.jpg,fish sea_food gilt_head_bream,256,256,JPEG
C:/Users/conta/OneDrive/Desktop/Multiclass/data/train\fish sea_food gilt_head_bream\EY2XLX59I6GP.jpg,fish sea_food gilt_head_bream,256,256,JPEG
C:/Users/conta/OneDrive/Desktop/Multiclass/data/train\fish sea_food gilt_head_bream\EZRMCIJZXT47.jpg,fish sea_food gilt_head_bream,256,256,JPEG
C:/Users/conta/OneDrive/Desktop/Multiclass/data/train\fish sea_food gilt_head_bream\F13PR3YVG7VH.jpg,fish sea_food gilt_head_bream,256,256,JPEG
C:/Users/conta/OneDrive/Desktop/Multiclass/data/train\fish sea_food gilt_head_bream\F3BBORUDRK3H.jpg,fish sea_food gilt_head_bream,256,256,JPEG
C:/Users/conta/OneDrive/Desktop/Multiclass/data/train\fish sea_food gilt_head_bream\F9ZR1TR0YJI3.jpg,fish sea_food gilt_head_bream,256,256,JPEG
C:/Users/conta/OneDrive/Desktop/Multiclass/data/train\fish sea_food gilt_head_bream\FBEKFLLYOH4Y.jpg,fish sea_food gilt_head_bream,256,256,JPEG
C:/Users/conta/OneDrive/Desktop/Multiclass/data/train\fish sea_food gilt_head_bream\FDK72MDU5J1V.jpg,fish sea_food gilt_head_bream,256,256,JPEG
C:/Users/conta/OneDrive/Desktop/Multiclass/data/train\fish sea_food gilt_head_bream\FFUUCY1ELY4K.jpg,fish sea_food gilt_head_bream,256,256,JPEG
C:/Users/conta/OneDrive/Desktop/Multiclass/data/train\fish sea_food gilt_head_bream\FG2FXNYJNCKT.jpg,fish sea_food gilt_head_bream,256,256,JPEG
C:/Users/conta/OneDrive/Desktop/Multiclass/data/train\fish sea_food gilt_head_bream\FH7T90EX6Z33.jpg,fish sea_food gilt_head_bream,256,256,JPEG
C:/Users/conta/OneDrive/Desktop/Multiclass/data/train\fish sea_food gilt_head_bream\FHVMSKHKERYA.jpg,fish sea_food gilt_head_bream,256,256,JPEG
C:/Users/conta/OneDrive/Desktop/Multiclass/data/train\fish sea_food gilt_head_bream\FIKM5XEP3OHL.jpg,fish sea_food gilt_head_bream,256,256,JPEG
C:/Users/conta/OneDrive/Desktop/Multiclass/data/train\fish sea_food gilt_head_bream\FIU53BZ8EOWV.jpg,fish sea_food gilt_head_bream,256,256,JPEG
C:/Users/conta/OneDrive/Desktop/Multiclass/data/train\fish sea_food gilt_head_bream\FJ1N2V3AUG0Z.jpg,fish sea_food gilt_head_bream,256,256,JPEG
C:/Users/conta/OneDrive/Desktop/Multiclass/data/train\fish sea_food gilt_head_bream\FKQ2EBVL05DA.jpg,fish sea_food gilt_head_bream,256,256,JPEG
C:/Users/conta/OneDrive/Desktop/Multiclass/data/train\fish sea_food gilt_head_bream\FLXS9GTR0PGN.jpg,fish sea_food gilt_head_bream,256,256,JPEG
C:/Users/conta/OneDrive/Desktop/Multiclass/data/train\fish sea_food gilt_head_bream\FOXDVOJUGBU5.jpg,fish sea_food gilt_head_bream,256,256,JPEG
C:/Users/conta/OneDrive/Desktop/Multiclass/data/train\fish sea_food gilt_head_bream\FOXROR49QFV3.jpg,fish sea_food gilt_head_bream,256,256,JPEG
C:/Users/conta/OneDrive/Desktop/Multiclass/data/train\fish sea_food gilt_head_bream\FPVR45EA9KDX.jpg,fish sea_food gilt_head_bream,256,256,JPEG
C:/Users/conta/OneDrive/Desktop/Multiclass/data/train\fish sea_food gilt_head_bream\FQUY2G6JQ763.jpg,fish sea_food gilt_head_bream,256,256,JPEG
C:/Users/conta/OneDrive/Desktop/Multiclass/data/train\fish sea_food gilt_head_bream\FT822KVTCUB1.jpg,fish sea_food gilt_head_bream,256,256,JPEG
C:/Users/conta/OneDrive/Desktop/Multiclass/data/train\fish sea_food gilt_head_bream\FY0PH1H6QL4R.jpg,fish sea_food gilt_head_bream,256,256,JPEG
C:/Users/conta/OneDrive/Desktop/Multiclass/data/train\fish sea_food gilt_head_bream\G2ORRZBY008X.jpg,fish sea_food gilt_head_bream,256,256,JPEG
C:/Users/conta/OneDrive/Desktop/Multiclass/data/train\fish sea_food gilt_head_bream\G6WLMLELNCSZ.jpg,fish sea_food gilt_head_bream,256,256,JPEG
C:/Users/conta/OneDrive/Desktop/Multiclass/data/train\fish sea_food gilt_head_bream\G8UHDLPLOXXU.jpg,fish sea_food gilt_head_bream,256,256,JPEG
C:/Users/conta/OneDrive/Desktop/Multiclass/data/train\fish sea_food gilt_head_bream\G9PGWFB4WTDW.jpg,fish sea_food gilt_head_bream,256,256,JPEG
C:/Users/conta/OneDrive/Desktop/Multiclass/data/train\fish sea_food gilt_head_bream\GAPHB734SADM.jpg,fish sea_food gilt_head_bream,256,256,JPEG
C:/Users/conta/OneDrive/Desktop/Multiclass/data/train\fish sea_food gilt_head_bream\GAWW23AVJLWC.jpg,fish sea_food gilt_head_bream,256,256,JPEG
C:/Users/conta/OneDrive/Desktop/Multiclass/data/train\fish sea_food gilt_head_bream\GB4ILRDZ3J07.jpg,fish sea_food gilt_head_bream,256,256,JPEG
C:/Users/conta/OneDrive/Desktop/Multiclass/data/train\fish sea_food gilt_head_bream\GB4XSGKZJQYS.jpg,fish sea_food gilt_head_bream,256,256,JPEG
C:/Users/conta/OneDrive/Desktop/Multiclass/data/train\fish sea_food gilt_head_bream\GD1GYTLY0DHV.jpg,fish sea_food gilt_head_bream,256,256,JPEG
C:/Users/conta/OneDrive/Desktop/Multiclass/data/train\fish sea_food gilt_head_bream\GGBKN1OHTGZ2.jpg,fish sea_food gilt_head_bream,256,256,JPEG
C:/Users/conta/OneDrive/Desktop/Multiclass/data/train\fish sea_food gilt_head_bream\GI18S08XCV3V.jpg,fish sea_food gilt_head_bream,256,256,JPEG
C:/Users/conta/OneDrive/Desktop/Multiclass/data/train\fish sea_food gilt_head_bream\GLY7XQKSJ8SH.jpg,fish sea_food gilt_head_bream,256,256,JPEG
C:/Users/conta/OneDrive/Desktop/Multiclass/data/train\fish sea_food gilt_head_bream\GNDUWGW12P7W.jpg,fish sea_food gilt_head_bream,256,256,JPEG
C:/Users/conta/OneDrive/Desktop/Multiclass/data/train\fish sea_food gilt_head_bream\GQ5ZVD3TBL5X.jpg,fish sea_food gilt_head_bream,256,256,JPEG
C:/Users/conta/OneDrive/Desktop/Multiclass/data/train\fish sea_food gilt_head_bream\GR8572UTVOP4.jpg,fish sea_food gilt_head_bream,256,256,JPEG
C:/Users/conta/OneDrive/Desktop/Multiclass/data/train\fish sea_food gilt_head_bream\GRH5HZQVXSJR.jpg,fish sea_food gilt_head_bream,256,256,JPEG
C:/Users/conta/OneDrive/Desktop/Multiclass/data/train\fish sea_food gilt_head_bream\GSBHH9JX904T.jpg,fish sea_food gilt_head_bream,256,256,JPEG
C:/Users/conta/OneDrive/Desktop/Multiclass/data/train\fish sea_food gilt_head_bream\GUA5XG88A6RP.jpg,fish sea_food gilt_head_bream,256,256,JPEG
C:/Users/conta/OneDrive/Desktop/Multiclass/data/train\fish sea_food gilt_head_bream\GUQGI3URYCQ1.jpg,fish sea_food gilt_head_bream,256,256,JPEG
C:/Users/conta/OneDrive/Desktop/Multiclass/data/train\fish sea_food gilt_head_bream\GXHQ2BMOJTDF.jpg,fish sea_food gilt_head_bream,256,256,JPEG
C:/Users/conta/OneDrive/Desktop/Multiclass/data/train\fish sea_food gilt_head_bream\GYZYMK3COKRL.jpg,fish sea_food gilt_head_bream,256,256,JPEG
C:/Users/conta/OneDrive/Desktop/Multiclass/data/train\fish sea_food gilt_head_bream\H3GASZX3QKWT.jpg,fish sea_food gilt_head_bream,256,256,JPEG
C:/Users/conta/OneDrive/Desktop/Multiclass/data/train\fish sea_food gilt_head_bream\H7A41YLCQ2Y4.jpg,fish sea_food gilt_head_bream,256,256,JPEG
C:/Users/conta/OneDrive/Desktop/Multiclass/data/train\fish sea_food gilt_head_bream\H8MDZK2BJQY7.jpg,fish sea_food gilt_head_bream,256,256,JPEG
C:/Users/conta/OneDrive/Desktop/Multiclass/data/train\fish sea_food gilt_head_bream\HAJUWFAM0CT7.jpg,fish sea_food gilt_head_bream,256,256,JPEG
C:/Users/conta/OneDrive/Desktop/Multiclass/data/train\fish sea_food gilt_head_bream\HCFNINIWLFWO.jpg,fish sea_food gilt_head_bream,256,256,JPEG
C:/Users/conta/OneDrive/Desktop/Multiclass/data/train\fish sea_food gilt_head_bream\HFT3WUVRYGYD.jpg,fish sea_food gilt_head_bream,256,256,JPEG
C:/Users/conta/OneDrive/Desktop/Multiclass/data/train\fish sea_food gilt_head_bream\HH7DW6IWQRUF.jpg,fish sea_food gilt_head_bream,256,256,JPEG
C:/Users/conta/OneDrive/Desktop/Multiclass/data/train\fish sea_food gilt_head_bream\HKFRPB8SLE7F.jpg,fish sea_food gilt_head_bream,256,256,JPEG
C:/Users/conta/OneDrive/Desktop/Multiclass/data/train\fish sea_food gilt_head_bream\HKG47W684BVI.jpg,fish sea_food gilt_head_bream,256,256,JPEG
C:/Users/conta/OneDrive/Desktop/Multiclass/data/train\fish sea_food gilt_head_bream\HUHZ90A1FVPW.jpg,fish sea_food gilt_head_bream,256,256,JPEG
C:/Users/conta/OneDrive/Desktop/Multiclass/data/train\fish sea_food gilt_head_bream\HUWLFT402FI3.jpg,fish sea_food gilt_head_bream,256,256,JPEG
C:/Users/conta/OneDrive/Desktop/Multiclass/data/train\fish sea_food gilt_head_bream\HVK2WR07RE48.jpg,fish sea_food gilt_head_bream,256,256,JPEG
C:/Users/conta/OneDrive/Desktop/Multiclass/data/train\fish sea_food gilt_head_bream\HYOTWDZ7B6NC.jpg,fish sea_food gilt_head_bream,256,256,JPEG
C:/Users/conta/OneDrive/Desktop/Multiclass/data/train\fish sea_food gilt_head_bream\I1UA5YYRSXB4.jpg,fish sea_food gilt_head_bream,256,256,JPEG
C:/Users/conta/OneDrive/Desktop/Multiclass/data/train\fish sea_food gilt_head_bream\I3WTO4G25C8E.jpg,fish sea_food gilt_head_bream,256,256,JPEG
C:/Users/conta/OneDrive/Desktop/Multiclass/data/train\fish sea_food gilt_head_bream\I48NVIF1IR0N.jpg,fish sea_food gilt_head_bream,256,256,JPEG
C:/Users/conta/OneDrive/Desktop/Multiclass/data/train\fish sea_food gilt_head_bream\I8ZV1BUKL5XS.jpg,fish sea_food gilt_head_bream,256,256,JPEG
C:/Users/conta/OneDrive/Desktop/Multiclass/data/train\fish sea_food gilt_head_bream\IA0EQUHB7VFC.jpg,fish sea_food gilt_head_bream,256,256,JPEG
C:/Users/conta/OneDrive/Desktop/Multiclass/data/train\fish sea_food gilt_head_bream\IAPU1433G7GA.jpg,fish sea_food gilt_head_bream,256,256,JPEG
C:/Users/conta/OneDrive/Desktop/Multiclass/data/train\fish sea_food gilt_head_bream\IBDEBY54E7HD.jpg,fish sea_food gilt_head_bream,256,256,JPEG
C:/Users/conta/OneDrive/Desktop/Multiclass/data/train\fish sea_food gilt_head_bream\IMV3WX9GPOQE.jpg,fish sea_food gilt_head_bream,256,256,JPEG
C:/Users/conta/OneDrive/Desktop/Multiclass/data/train\fish sea_food gilt_head_bream\INJU5TGLT8ZP.jpg,fish sea_food gilt_head_bream,256,256,JPEG
C:/Users/conta/OneDrive/Desktop/Multiclass/data/train\fish sea_food gilt_head_bream\IUC8H0GSE5W6.jpg,fish sea_food gilt_head_bream,256,256,JPEG
C:/Users/conta/OneDrive/Desktop/Multiclass/data/train\fish sea_food gilt_head_bream\IV9MJ1QMBCPF.jpg,fish sea_food gilt_head_bream,256,256,JPEG
C:/Users/conta/OneDrive/Desktop/Multiclass/data/train\fish sea_food gilt_head_bream\IW61YJ3XTG3C.jpg,fish sea_food gilt_head_bream,256,256,JPEG
C:/Users/conta/OneDrive/Desktop/Multiclass/data/train\fish sea_food gilt_head_bream\IYEWW35WCFNV.jpg,fish sea_food gilt_head_bream,256,256,JPEG
C:/Users/conta/OneDrive/Desktop/Multiclass/data/train\fish sea_food gilt_head_bream\IZWDY5MFAZDH.jpg,fish sea_food gilt_head_bream,256,256,JPEG
C:/Users/conta/OneDrive/Desktop/Multiclass/data/train\fish sea_food gilt_head_bream\J1IL2W2Z4QQE.jpg,fish sea_food gilt_head_bream,256,256,JPEG
C:/Users/conta/OneDrive/Desktop/Multiclass/data/train\fish sea_food gilt_head_bream\J75GZZME9G3F.jpg,fish sea_food gilt_head_bream,256,256,JPEG
C:/Users/conta/OneDrive/Desktop/Multiclass/data/train\fish sea_food gilt_head_bream\J7BDOV9TV1DT.jpg,fish sea_food gilt_head_bream,256,256,JPEG
C:/Users/conta/OneDrive/Desktop/Multiclass/data/train\fish sea_food gilt_head_bream\J826XWUMV69N.jpg,fish sea_food gilt_head_bream,256,256,JPEG
C:/Users/conta/OneDrive/Desktop/Multiclass/data/train\fish sea_food gilt_head_bream\J8GEJLNR6R2L.jpg,fish sea_food gilt_head_bream,256,256,JPEG
C:/Users/conta/OneDrive/Desktop/Multiclass/data/train\fish sea_food gilt_head_bream\JDM9VXSITO6X.jpg,fish sea_food gilt_head_bream,256,256,JPEG
C:/Users/conta/OneDrive/Desktop/Multiclass/data/train\fish sea_food gilt_head_bream\JG3GJ3512LQQ.jpg,fish sea_food gilt_head_bream,256,256,JPEG
C:/Users/conta/OneDrive/Desktop/Multiclass/data/train\fish sea_food gilt_head_bream\JJ39G43WMD53.jpg,fish sea_food gilt_head_bream,256,256,JPEG
C:/Users/conta/OneDrive/Desktop/Multiclass/data/train\fish sea_food gilt_head_bream\JLZ12XQQA1MM.jpg,fish sea_food gilt_head_bream,256,256,JPEG
C:/Users/conta/OneDrive/Desktop/Multiclass/data/train\fish sea_food gilt_head_bream\JVWUJRIIPW79.jpg,fish sea_food gilt_head_bream,256,256,JPEG
C:/Users/conta/OneDrive/Desktop/Multiclass/data/train\fish sea_food gilt_head_bream\JXASHQ67DRRS.jpg,fish sea_food gilt_head_bream,256,256,JPEG
C:/Users/conta/OneDrive/Desktop/Multiclass/data/train\fish sea_food gilt_head_bream\K215K9SNRPHH.jpg,fish sea_food gilt_head_bream,256,256,JPEG
C:/Users/conta/OneDrive/Desktop/Multiclass/data/train\fish sea_food gilt_head_bream\K8SQMZF11TW0.jpg,fish sea_food gilt_head_bream,256,256,JPEG
C:/Users/conta/OneDrive/Desktop/Multiclass/data/train\fish sea_food gilt_head_bream\KF3D8XIXVZOD.jpg,fish sea_food gilt_head_bream,256,256,JPEG
C:/Users/conta/OneDrive/Desktop/Multiclass/data/train\fish sea_food gilt_head_bream\KKR7GA0LOUNC.jpg,fish sea_food gilt_head_bream,256,256,JPEG
C:/Users/conta/OneDrive/Desktop/Multiclass/data/train\fish sea_food gilt_head_bream\KOX7WXMUX0H6.jpg,fish sea_food gilt_head_bream,256,256,JPEG
C:/Users/conta/OneDrive/Desktop/Multiclass/data/train\fish sea_food gilt_head_bream\KS5ICZLGU3OU.jpg,fish sea_food gilt_head_bream,256,256,JPEG
C:/Users/conta/OneDrive/Desktop/Multiclass/data/train\fish sea_food gilt_head_bream\KUJ4RAH31SJR.jpg,fish sea_food gilt_head_bream,256,256,JPEG
C:/Users/conta/OneDrive/Desktop/Multiclass/data/train\fish sea_food gilt_head_bream\KUYPR6ZEJRZ8.jpg,fish sea_food gilt_head_bream,256,256,JPEG
C:/Users/conta/OneDrive/Desktop/Multiclass/data/train\fish sea_food gilt_head_bream\KWS8S1W9I9PG.jpg,fish sea_food gilt_head_bream,256,256,JPEG
C:/Users/conta/OneDrive/Desktop/Multiclass/data/train\fish sea_food gilt_head_bream\KZSNNAG8QUP8.jpg,fish sea_food gilt_head_bream,256,256,JPEG
C:/Users/conta/OneDrive/Desktop/Multiclass/data/train\fish sea_food gilt_head_bream\L0M91B8FPCUH.jpg,fish sea_food gilt_head_bream,256,256,JPEG
C:/Users/conta/OneDrive/Desktop/Multiclass/data/train\fish sea_food gilt_head_bream\L0W9T9ELN1EX.jpg,fish sea_food gilt_head_bream,256,256,JPEG
C:/Users/conta/OneDrive/Desktop/Multiclass/data/train\fish sea_food gilt_head_bream\L1G3CD65WKV5.jpg,fish sea_food gilt_head_bream,256,256,JPEG
C:/Users/conta/OneDrive/Desktop/Multiclass/data/train\fish sea_food gilt_head_bream\L3QVK0DV9X5D.jpg,fish sea_food gilt_head_bream,256,256,JPEG
C:/Users/conta/OneDrive/Desktop/Multiclass/data/train\fish sea_food gilt_head_bream\L64M1JPPFYKT.jpg,fish sea_food gilt_head_bream,256,256,JPEG
C:/Users/conta/OneDrive/Desktop/Multiclass/data/train\fish sea_food gilt_head_bream\L6ERAMXTRPGY.jpg,fish sea_food gilt_head_bream,256,256,JPEG
C:/Users/conta/OneDrive/Desktop/Multiclass/data/train\fish sea_food gilt_head_bream\L7GFKW4232DZ.jpg,fish sea_food gilt_head_bream,256,256,JPEG
C:/Users/conta/OneDrive/Desktop/Multiclass/data/train\fish sea_food gilt_head_bream\L7O5GAHVC7WT.jpg,fish sea_food gilt_head_bream,256,256,JPEG
C:/Users/conta/OneDrive/Desktop/Multiclass/data/train\fish sea_food gilt_head_bream\L826ZO0EM1WV.jpg,fish sea_food gilt_head_bream,256,256,JPEG
C:/Users/conta/OneDrive/Desktop/Multiclass/data/train\fish sea_food gilt_head_bream\L8G3JOKG1SGL.jpg,fish sea_food gilt_head_bream,256,256,JPEG
C:/Users/conta/OneDrive/Desktop/Multiclass/data/train\fish sea_food gilt_head_bream\L941H5OYBN7H.jpg,fish sea_food gilt_head_bream,256,256,JPEG
C:/Users/conta/OneDrive/Desktop/Multiclass/data/train\fish sea_food gilt_head_bream\L9WAO3C2ES78.jpg,fish sea_food gilt_head_bream,256,256,JPEG
C:/Users/conta/OneDrive/Desktop/Multiclass/data/train\fish sea_food gilt_head_bream\LA6K9A1Z300T.jpg,fish sea_food gilt_head_bream,256,256,JPEG
C:/Users/conta/OneDrive/Desktop/Multiclass/data/train\fish sea_food gilt_head_bream\LB9C89MX38E5.jpg,fish sea_food gilt_head_bream,256,256,JPEG
C:/Users/conta/OneDrive/Desktop/Multiclass/data/train\fish sea_food gilt_head_bream\LH4CYE0PQFC1.jpg,fish sea_food gilt_head_bream,256,256,JPEG
C:/Users/conta/OneDrive/Desktop/Multiclass/data/train\fish sea_food gilt_head_bream\LICC1XH8N9IT.jpg,fish sea_food gilt_head_bream,256,256,JPEG
C:/Users/conta/OneDrive/Desktop/Multiclass/data/train\fish sea_food gilt_head_bream\LLC3K5QWG582.jpg,fish sea_food gilt_head_bream,256,256,JPEG
C:/Users/conta/OneDrive/Desktop/Multiclass/data/train\fish sea_food gilt_head_bream\LLWCZ4UBMVOE.jpg,fish sea_food gilt_head_bream,256,256,JPEG
C:/Users/conta/OneDrive/Desktop/Multiclass/data/train\fish sea_food gilt_head_bream\LNO4M4XHXXG5.jpg,fish sea_food gilt_head_bream,256,256,JPEG
C:/Users/conta/OneDrive/Desktop/Multiclass/data/train\fish sea_food gilt_head_bream\LPBE89FVXHBZ.jpg,fish sea_food gilt_head_bream,256,256,JPEG
C:/Users/conta/OneDrive/Desktop/Multiclass/data/train\fish sea_food gilt_head_bream\LRPEM4RGWRY7.jpg,fish sea_food gilt_head_bream,256,256,JPEG
C:/Users/conta/OneDrive/Desktop/Multiclass/data/train\fish sea_food gilt_head_bream\LXHPNBGCN7YN.jpg,fish sea_food gilt_head_bream,256,256,JPEG
C:/Users/conta/OneDrive/Desktop/Multiclass/data/train\fish sea_food gilt_head_bream\LXW1OLHLA8J4.jpg,fish sea_food gilt_head_bream,256,256,JPEG
C:/Users/conta/OneDrive/Desktop/Multiclass/data/train\fish sea_food gilt_head_bream\M8EB0S7RESKV.jpg,fish sea_food gilt_head_bream,256,256,JPEG
C:/Users/conta/OneDrive/Desktop/Multiclass/data/train\fish sea_food gilt_head_bream\MA34TNYILA9X.jpg,fish sea_food gilt_head_bream,256,256,JPEG
C:/Users/conta/OneDrive/Desktop/Multiclass/data/train\fish sea_food gilt_head_bream\MAY0FUAGB6MO.jpg,fish sea_food gilt_head_bream,256,256,JPEG
C:/Users/conta/OneDrive/Desktop/Multiclass/data/train\fish sea_food gilt_head_bream\MBGK2VMB76MB.jpg,fish sea_food gilt_head_bream,256,256,JPEG
C:/Users/conta/OneDrive/Desktop/Multiclass/data/train\fish sea_food gilt_head_bream\MBPVZURJFRWC.jpg,fish sea_food gilt_head_bream,256,256,JPEG
C:/Users/conta/OneDrive/Desktop/Multiclass/data/train\fish sea_food gilt_head_bream\MELHPYXWEGYO.jpg,fish sea_food gilt_head_bream,256,256,JPEG
C:/Users/conta/OneDrive/Desktop/Multiclass/data/train\fish sea_food gilt_head_bream\MH11H2MSSWJB.jpg,fish sea_food gilt_head_bream,256,256,JPEG
C:/Users/conta/OneDrive/Desktop/Multiclass/data/train\fish sea_food gilt_head_bream\MNT8652LRHJH.jpg,fish sea_food gilt_head_bream,256,256,JPEG
C:/Users/conta/OneDrive/Desktop/Multiclass/data/train\fish sea_food gilt_head_bream\MNZG06V9SPYW.jpg,fish sea_food gilt_head_bream,256,256,JPEG
C:/Users/conta/OneDrive/Desktop/Multiclass/data/train\fish sea_food gilt_head_bream\MOP0N7SEXB6P.jpg,fish sea_food gilt_head_bream,256,256,JPEG
C:/Users/conta/OneDrive/Desktop/Multiclass/data/train\fish sea_food gilt_head_bream\MPIX1UJOXZJT.jpg,fish sea_food gilt_head_bream,256,256,JPEG
C:/Users/conta/OneDrive/Desktop/Multiclass/data/train\fish sea_food gilt_head_bream\MQNMMFM0H2LP.jpg,fish sea_food gilt_head_bream,256,256,JPEG
C:/Users/conta/OneDrive/Desktop/Multiclass/data/train\fish sea_food gilt_head_bream\MR3DW3H7JXJ5.jpg,fish sea_food gilt_head_bream,256,256,JPEG
C:/Users/conta/OneDrive/Desktop/Multiclass/data/train\fish sea_food gilt_head_bream\MR5V1YBRZFE4.jpg,fish sea_food gilt_head_bream,256,256,JPEG
C:/Users/conta/OneDrive/Desktop/Multiclass/data/train\fish sea_food gilt_head_bream\MS8BARXY74GI.jpg,fish sea_food gilt_head_bream,256,256,JPEG
C:/Users/conta/OneDrive/Desktop/Multiclass/data/train\fish sea_food gilt_head_bream\MSTWO1SH0PJO.jpg,fish sea_food gilt_head_bream,256,256,JPEG
C:/Users/conta/OneDrive/Desktop/Multiclass/data/train\fish sea_food gilt_head_bream\MT2J27CCIQO9.jpg,fish sea_food gilt_head_bream,256,256,JPEG
C:/Users/conta/OneDrive/Desktop/Multiclass/data/train\fish sea_food gilt_head_bream\MUPFOTKV8GJB.jpg,fish sea_food gilt_head_bream,256,256,JPEG
C:/Users/conta/OneDrive/Desktop/Multiclass/data/train\fish sea_food gilt_head_bream\MV0HIOIQ8SRG.jpg,fish sea_food gilt_head_bream,256,256,JPEG
C:/Users/conta/OneDrive/Desktop/Multiclass/data/train\fish sea_food gilt_head_bream\MZBJZJ2QZFJQ.jpg,fish sea_food gilt_head_bream,256,256,JPEG
C:/Users/conta/OneDrive/Desktop/Multiclass/data/train\fish sea_food gilt_head_bream\N11PXIBU7162.jpg,fish sea_food gilt_head_bream,256,256,JPEG
C:/Users/conta/OneDrive/Desktop/Multiclass/data/train\fish sea_food gilt_head_bream\N35H719PGD3N.jpg,fish sea_food gilt_head_bream,256,256,JPEG
C:/Users/conta/OneDrive/Desktop/Multiclass/data/train\fish sea_food gilt_head_bream\N45A83ULC7V1.jpg,fish sea_food gilt_head_bream,256,256,JPEG
C:/Users/conta/OneDrive/Desktop/Multiclass/data/train\fish sea_food gilt_head_bream\N54CPBLHXFSN.jpg,fish sea_food gilt_head_bream,256,256,JPEG
C:/Users/conta/OneDrive/Desktop/Multiclass/data/train\fish sea_food gilt_head_bream\N7S0HF3CY58O.jpg,fish sea_food gilt_head_bream,256,256,JPEG
C:/Users/conta/OneDrive/Desktop/Multiclass/data/train\fish sea_food gilt_head_bream\NB8E9TG3RBI5.jpg,fish sea_food gilt_head_bream,256,256,JPEG
C:/Users/conta/OneDrive/Desktop/Multiclass/data/train\fish sea_food gilt_head_bream\NC5PDYCV61PA.jpg,fish sea_food gilt_head_bream,256,256,JPEG
C:/Users/conta/OneDrive/Desktop/Multiclass/data/train\fish sea_food gilt_head_bream\NCWY1MDE1LL2.jpg,fish sea_food gilt_head_bream,256,256,JPEG
C:/Users/conta/OneDrive/Desktop/Multiclass/data/train\fish sea_food gilt_head_bream\ND6PY68JUSWM.jpg,fish sea_food gilt_head_bream,256,256,JPEG
C:/Users/conta/OneDrive/Desktop/Multiclass/data/train\fish sea_food gilt_head_bream\NF8D68FXG2ZU.jpg,fish sea_food gilt_head_bream,256,256,JPEG
C:/Users/conta/OneDrive/Desktop/Multiclass/data/train\fish sea_food gilt_head_bream\NFS7OUPT9B1Y.jpg,fish sea_food gilt_head_bream,256,256,JPEG
C:/Users/conta/OneDrive/Desktop/Multiclass/data/train\fish sea_food gilt_head_bream\NIMS6WFEFNFO.jpg,fish sea_food gilt_head_bream,256,256,JPEG
C:/Users/conta/OneDrive/Desktop/Multiclass/data/train\fish sea_food gilt_head_bream\NIO53XGMLK4E.jpg,fish sea_food gilt_head_bream,256,256,JPEG
C:/Users/conta/OneDrive/Desktop/Multiclass/data/train\fish sea_food gilt_head_bream\NNRKRGK9EJR5.jpg,fish sea_food gilt_head_bream,256,256,JPEG
C:/Users/conta/OneDrive/Desktop/Multiclass/data/train\fish sea_food gilt_head_bream\NR52Z6CZR8SM.jpg,fish sea_food gilt_head_bream,256,256,JPEG
C:/Users/conta/OneDrive/Desktop/Multiclass/data/train\fish sea_food gilt_head_bream\NSP513WNCEQC.jpg,fish sea_food gilt_head_bream,256,256,JPEG
C:/Users/conta/OneDrive/Desktop/Multiclass/data/train\fish sea_food gilt_head_bream\NUQLV2GVRSLD.jpg,fish sea_food gilt_head_bream,256,256,JPEG
C:/Users/conta/OneDrive/Desktop/Multiclass/data/train\fish sea_food gilt_head_bream\NVV4631PVWN2.jpg,fish sea_food gilt_head_bream,256,256,JPEG
C:/Users/conta/OneDrive/Desktop/Multiclass/data/train\fish sea_food gilt_head_bream\NY0UE8DENHP2.jpg,fish sea_food gilt_head_bream,256,256,JPEG
C:/Users/conta/OneDrive/Desktop/Multiclass/data/train\fish sea_food gilt_head_bream\O79Q75GBTNFS.jpg,fish sea_food gilt_head_bream,256,256,JPEG
C:/Users/conta/OneDrive/Desktop/Multiclass/data/train\fish sea_food gilt_head_bream\O9TSWB4COYKR.jpg,fish sea_food gilt_head_bream,256,256,JPEG
C:/Users/conta/OneDrive/Desktop/Multiclass/data/train\fish sea_food gilt_head_bream\OC33MGYBQSYM.jpg,fish sea_food gilt_head_bream,256,256,JPEG
C:/Users/conta/OneDrive/Desktop/Multiclass/data/train\fish sea_food gilt_head_bream\OG1QR4L84ZOH.jpg,fish sea_food gilt_head_bream,256,256,JPEG
C:/Users/conta/OneDrive/Desktop/Multiclass/data/train\fish sea_food gilt_head_bream\OH3VJWQLKSVQ.jpg,fish sea_food gilt_head_bream,256,256,JPEG
C:/Users/conta/OneDrive/Desktop/Multiclass/data/train\fish sea_food gilt_head_bream\OI920RQ6QIUM.jpg,fish sea_food gilt_head_bream,256,256,JPEG
C:/Users/conta/OneDrive/Desktop/Multiclass/data/train\fish sea_food gilt_head_bream\OJ4UTRZ0ZT19.jpg,fish sea_food gilt_head_bream,256,256,JPEG
C:/Users/conta/OneDrive/Desktop/Multiclass/data/train\fish sea_food gilt_head_bream\OKKCEF9K4K64.jpg,fish sea_food gilt_head_bream,256,256,JPEG
C:/Users/conta/OneDrive/Desktop/Multiclass/data/train\fish sea_food gilt_head_bream\OM8IJMCH5PVL.jpg,fish sea_food gilt_head_bream,256,256,JPEG
C:/Users/conta/OneDrive/Desktop/Multiclass/data/train\fish sea_food gilt_head_bream\ONUCQJXQYNDS.jpg,fish sea_food gilt_head_bream,256,256,JPEG
C:/Users/conta/OneDrive/Desktop/Multiclass/data/train\fish sea_food gilt_head_bream\OPXOMVV9XAVL.jpg,fish sea_food gilt_head_bream,256,256,JPEG
C:/Users/conta/OneDrive/Desktop/Multiclass/data/train\fish sea_food gilt_head_bream\OTT1MX531K39.jpg,fish sea_food gilt_head_bream,256,256,JPEG
C:/Users/conta/OneDrive/Desktop/Multiclass/data/train\fish sea_food gilt_head_bream\OV5DZHW6GTCS.jpg,fish sea_food gilt_head_bream,256,256,JPEG
C:/Users/conta/OneDrive/Desktop/Multiclass/data/train\fish sea_food gilt_head_bream\OYL2DY9CVE2E.jpg,fish sea_food gilt_head_bream,256,256,JPEG
C:/Users/conta/OneDrive/Desktop/Multiclass/data/train\fish sea_food gilt_head_bream\PDWZ68LU4O4B.jpg,fish sea_food gilt_head_bream,256,256,JPEG
C:/Users/conta/OneDrive/Desktop/Multiclass/data/train\fish sea_food gilt_head_bream\PHYA8BGXZVBI.jpg,fish sea_food gilt_head_bream,256,256,JPEG
C:/Users/conta/OneDrive/Desktop/Multiclass/data/train\fish sea_food gilt_head_bream\PM1AWBFJW9C5.jpg,fish sea_food gilt_head_bream,256,256,JPEG
C:/Users/conta/OneDrive/Desktop/Multiclass/data/train\fish sea_food gilt_head_bream\PNSLQDL8578S.jpg,fish sea_food gilt_head_bream,256,256,JPEG
C:/Users/conta/OneDrive/Desktop/Multiclass/data/train\fish sea_food gilt_head_bream\PPRNFT1I96FF.jpg,fish sea_food gilt_head_bream,256,256,JPEG
C:/Users/conta/OneDrive/Desktop/Multiclass/data/train\fish sea_food gilt_head_bream\PQ4C0M7R3DGQ.jpg,fish sea_food gilt_head_bream,256,256,JPEG
C:/Users/conta/OneDrive/Desktop/Multiclass/data/train\fish sea_food gilt_head_bream\PT4G11AT5OL5.jpg,fish sea_food gilt_head_bream,256,256,JPEG
C:/Users/conta/OneDrive/Desktop/Multiclass/data/train\fish sea_food gilt_head_bream\PTMU463Q81VQ.jpg,fish sea_food gilt_head_bream,256,256,JPEG
C:/Users/conta/OneDrive/Desktop/Multiclass/data/train\fish sea_food gilt_head_bream\PZRWDO17PGDP.jpg,fish sea_food gilt_head_bream,256,256,JPEG
C:/Users/conta/OneDrive/Desktop/Multiclass/data/train\fish sea_food gilt_head_bream\Q8ARVV6GY5U5.jpg,fish sea_food gilt_head_bream,256,256,JPEG
C:/Users/conta/OneDrive/Desktop/Multiclass/data/train\fish sea_food gilt_head_bream\Q8GDUN6CC5MF.jpg,fish sea_food gilt_head_bream,256,256,JPEG
C:/Users/conta/OneDrive/Desktop/Multiclass/data/train\fish sea_food gilt_head_bream\Q95WJC4JHIU4.jpg,fish sea_food gilt_head_bream,256,256,JPEG
C:/Users/conta/OneDrive/Desktop/Multiclass/data/train\fish sea_food gilt_head_bream\QAD4KTHMYI5D.jpg,fish sea_food gilt_head_bream,256,256,JPEG
C:/Users/conta/OneDrive/Desktop/Multiclass/data/train\fish sea_food gilt_head_bream\QAGQFESQOQD9.jpg,fish sea_food gilt_head_bream,256,256,JPEG
C:/Users/conta/OneDrive/Desktop/Multiclass/data/train\fish sea_food gilt_head_bream\QCKC4GXP6AU6.jpg,fish sea_food gilt_head_bream,256,256,JPEG
C:/Users/conta/OneDrive/Desktop/Multiclass/data/train\fish sea_food gilt_head_bream\QFHQ34E4GXOJ.jpg,fish sea_food gilt_head_bream,256,256,JPEG
C:/Users/conta/OneDrive/Desktop/Multiclass/data/train\fish sea_food gilt_head_bream\QHRV770VDSC9.jpg,fish sea_food gilt_head_bream,256,256,JPEG
C:/Users/conta/OneDrive/Desktop/Multiclass/data/train\fish sea_food gilt_head_bream\QL1NE5MY3I6A.jpg,fish sea_food gilt_head_bream,256,256,JPEG
C:/Users/conta/OneDrive/Desktop/Multiclass/data/train\fish sea_food gilt_head_bream\QNQ9GJMENJAB.jpg,fish sea_food gilt_head_bream,256,256,JPEG
C:/Users/conta/OneDrive/Desktop/Multiclass/data/train\fish sea_food gilt_head_bream\QQNXLWTXMOSZ.jpg,fish sea_food gilt_head_bream,256,256,JPEG
C:/Users/conta/OneDrive/Desktop/Multiclass/data/train\fish sea_food gilt_head_bream\QUQ64J1J0OFK.jpg,fish sea_food gilt_head_bream,256,256,JPEG
C:/Users/conta/OneDrive/Desktop/Multiclass/data/train\fish sea_food gilt_head_bream\QUQAH06AD1OB.jpg,fish sea_food gilt_head_bream,256,256,JPEG
C:/Users/conta/OneDrive/Desktop/Multiclass/data/train\fish sea_food gilt_head_bream\QVIET8RA16MM.jpg,fish sea_food gilt_head_bream,256,256,JPEG
C:/Users/conta/OneDrive/Desktop/Multiclass/data/train\fish sea_food gilt_head_bream\QW3487KLJ1US.jpg,fish sea_food gilt_head_bream,256,256,JPEG
C:/Users/conta/OneDrive/Desktop/Multiclass/data/train\fish sea_food gilt_head_bream\R0UX5DWXS4CP.jpg,fish sea_food gilt_head_bream,256,256,JPEG
C:/Users/conta/OneDrive/Desktop/Multiclass/data/train\fish sea_food gilt_head_bream\R0XM512EGIU3.jpg,fish sea_food gilt_head_bream,256,256,JPEG
C:/Users/conta/OneDrive/Desktop/Multiclass/data/train\fish sea_food gilt_head_bream\R1U2TF2Q9AR5.jpg,fish sea_food gilt_head_bream,256,256,JPEG
C:/Users/conta/OneDrive/Desktop/Multiclass/data/train\fish sea_food gilt_head_bream\R5JN2RDJVW4P.jpg,fish sea_food gilt_head_bream,256,256,JPEG
C:/Users/conta/OneDrive/Desktop/Multiclass/data/train\fish sea_food gilt_head_bream\R6JENPYIWHUQ.jpg,fish sea_food gilt_head_bream,256,256,JPEG
C:/Users/conta/OneDrive/Desktop/Multiclass/data/train\fish sea_food gilt_head_bream\R7SS49KVYVKR.jpg,fish sea_food gilt_head_bream,256,256,JPEG
C:/Users/conta/OneDrive/Desktop/Multiclass/data/train\fish sea_food gilt_head_bream\RAM2C17ES0QK.jpg,fish sea_food gilt_head_bream,256,256,JPEG
C:/Users/conta/OneDrive/Desktop/Multiclass/data/train\fish sea_food gilt_head_bream\RAW7SIJ56IRZ.jpg,fish sea_food gilt_head_bream,256,256,JPEG
C:/Users/conta/OneDrive/Desktop/Multiclass/data/train\fish sea_food gilt_head_bream\RFDQZ9217FEM.jpg,fish sea_food gilt_head_bream,256,256,JPEG
C:/Users/conta/OneDrive/Desktop/Multiclass/data/train\fish sea_food gilt_head_bream\RI2F84B7Z4GC.jpg,fish sea_food gilt_head_bream,256,256,JPEG
C:/Users/conta/OneDrive/Desktop/Multiclass/data/train\fish sea_food gilt_head_bream\RICKFQAKPU49.jpg,fish sea_food gilt_head_bream,256,256,JPEG
C:/Users/conta/OneDrive/Desktop/Multiclass/data/train\fish sea_food gilt_head_bream\RLOZVI4VY9E4.jpg,fish sea_food gilt_head_bream,256,256,JPEG
C:/Users/conta/OneDrive/Desktop/Multiclass/data/train\fish sea_food gilt_head_bream\RM57O8U7PZ1D.jpg,fish sea_food gilt_head_bream,256,256,JPEG
C:/Users/conta/OneDrive/Desktop/Multiclass/data/train\fish sea_food gilt_head_bream\RQNX3XKNT19B.jpg,fish sea_food gilt_head_bream,256,256,JPEG
C:/Users/conta/OneDrive/Desktop/Multiclass/data/train\fish sea_food gilt_head_bream\RWU7QJNONYW2.jpg,fish sea_food gilt_head_bream,256,256,JPEG
C:/Users/conta/OneDrive/Desktop/Multiclass/data/train\fish sea_food gilt_head_bream\RYJ1SCCMSLPF.jpg,fish sea_food gilt_head_bream,256,256,JPEG
C:/Users/conta/OneDrive/Desktop/Multiclass/data/train\fish sea_food gilt_head_bream\S3AW9C82T47S.jpg,fish sea_food gilt_head_bream,256,256,JPEG
C:/Users/conta/OneDrive/Desktop/Multiclass/data/train\fish sea_food gilt_head_bream\S5TTLSO1JRLQ.jpg,fish sea_food gilt_head_bream,256,256,JPEG
C:/Users/conta/OneDrive/Desktop/Multiclass/data/train\fish sea_food gilt_head_bream\S7GMVVURYS7N.jpg,fish sea_food gilt_head_bream,256,256,JPEG
C:/Users/conta/OneDrive/Desktop/Multiclass/data/train\fish sea_food gilt_head_bream\S82HV92Y98R7.jpg,fish sea_food gilt_head_bream,256,256,JPEG
C:/Users/conta/OneDrive/Desktop/Multiclass/data/train\fish sea_food gilt_head_bream\SGWL82LRCM6W.jpg,fish sea_food gilt_head_bream,256,256,JPEG
C:/Users/conta/OneDrive/Desktop/Multiclass/data/train\fish sea_food gilt_head_bream\SJEV02XVLR6A.jpg,fish sea_food gilt_head_bream,256,256,JPEG
C:/Users/conta/OneDrive/Desktop/Multiclass/data/train\fish sea_food gilt_head_bream\SKBS8BWCNHKC.jpg,fish sea_food gilt_head_bream,256,256,JPEG
C:/Users/conta/OneDrive/Desktop/Multiclass/data/train\fish sea_food gilt_head_bream\SKUWQWI11QWC.jpg,fish sea_food gilt_head_bream,256,256,JPEG
C:/Users/conta/OneDrive/Desktop/Multiclass/data/train\fish sea_food gilt_head_bream\SMQTYV5LFWCF.jpg,fish sea_food gilt_head_bream,256,256,JPEG
C:/Users/conta/OneDrive/Desktop/Multiclass/data/train\fish sea_food gilt_head_bream\SPAKHPM83XG5.jpg,fish sea_food gilt_head_bream,256,256,JPEG
C:/Users/conta/OneDrive/Desktop/Multiclass/data/train\fish sea_food gilt_head_bream\SPSM9YDBPOZ1.jpg,fish sea_food gilt_head_bream,256,256,JPEG
C:/Users/conta/OneDrive/Desktop/Multiclass/data/train\fish sea_food gilt_head_bream\SQJUFL0ISX57.jpg,fish sea_food gilt_head_bream,256,256,JPEG
C:/Users/conta/OneDrive/Desktop/Multiclass/data/train\fish sea_food gilt_head_bream\SQPHUXTX7WQC.jpg,fish sea_food gilt_head_bream,256,256,JPEG
C:/Users/conta/OneDrive/Desktop/Multiclass/data/train\fish sea_food gilt_head_bream\SR4VDYA2Q43S.jpg,fish sea_food gilt_head_bream,256,256,JPEG
C:/Users/conta/OneDrive/Desktop/Multiclass/data/train\fish sea_food gilt_head_bream\SV0VD6NPTHVX.jpg,fish sea_food gilt_head_bream,256,256,JPEG
C:/Users/conta/OneDrive/Desktop/Multiclass/data/train\fish sea_food gilt_head_bream\T7PTHERTZ6U3.jpg,fish sea_food gilt_head_bream,256,256,JPEG
C:/Users/conta/OneDrive/Desktop/Multiclass/data/train\fish sea_food gilt_head_bream\T848V9BI8TIO.jpg,fish sea_food gilt_head_bream,256,256,JPEG
C:/Users/conta/OneDrive/Desktop/Multiclass/data/train\fish sea_food gilt_head_bream\TAOT793LMMT1.jpg,fish sea_food gilt_head_bream,256,256,JPEG
C:/Users/conta/OneDrive/Desktop/Multiclass/data/train\fish sea_food gilt_head_bream\TGNJF2BL3LII.jpg,fish sea_food gilt_head_bream,256,256,JPEG
C:/Users/conta/OneDrive/Desktop/Multiclass/data/train\fish sea_food gilt_head_bream\TH40JFEGPE4K.jpg,fish sea_food gilt_head_bream,256,256,JPEG
C:/Users/conta/OneDrive/Desktop/Multiclass/data/train\fish sea_food gilt_head_bream\TJHB476CA2PJ.jpg,fish sea_food gilt_head_bream,256,256,JPEG
C:/Users/conta/OneDrive/Desktop/Multiclass/data/train\fish sea_food gilt_head_bream\TKH4UI6T0TKP.jpg,fish sea_food gilt_head_bream,256,256,JPEG
C:/Users/conta/OneDrive/Desktop/Multiclass/data/train\fish sea_food gilt_head_bream\TKSOSWIJ1IWX.jpg,fish sea_food gilt_head_bream,256,256,JPEG
C:/Users/conta/OneDrive/Desktop/Multiclass/data/train\fish sea_food gilt_head_bream\TMXEY6OW8FKF.jpg,fish sea_food gilt_head_bream,256,256,JPEG
C:/Users/conta/OneDrive/Desktop/Multiclass/data/train\fish sea_food gilt_head_bream\TPJE4JM753V3.jpg,fish sea_food gilt_head_bream,256,256,JPEG
C:/Users/conta/OneDrive/Desktop/Multiclass/data/train\fish sea_food gilt_head_bream\U14SNH1JTDYQ.jpg,fish sea_food gilt_head_bream,256,256,JPEG
C:/Users/conta/OneDrive/Desktop/Multiclass/data/train\fish sea_food gilt_head_bream\U4YFL2ZM0JMQ.jpg,fish sea_food gilt_head_bream,256,256,JPEG
C:/Users/conta/OneDrive/Desktop/Multiclass/data/train\fish sea_food gilt_head_bream\U5UMONM4S8WJ.jpg,fish sea_food gilt_head_bream,256,256,JPEG
C:/Users/conta/OneDrive/Desktop/Multiclass/data/train\fish sea_food gilt_head_bream\U6BU9872C3XG.jpg,fish sea_food gilt_head_bream,256,256,JPEG
C:/Users/conta/OneDrive/Desktop/Multiclass/data/train\fish sea_food gilt_head_bream\U9QHXMCGRSMO.jpg,fish sea_food gilt_head_bream,256,256,JPEG
C:/Users/conta/OneDrive/Desktop/Multiclass/data/train\fish sea_food gilt_head_bream\UFBLZLZ18XDW.jpg,fish sea_food gilt_head_bream,256,256,JPEG
C:/Users/conta/OneDrive/Desktop/Multiclass/data/train\fish sea_food gilt_head_bream\UILKKGSE4GLQ.jpg,fish sea_food gilt_head_bream,256,256,JPEG
C:/Users/conta/OneDrive/Desktop/Multiclass/data/train\fish sea_food gilt_head_bream\US5DIV807LT4.jpg,fish sea_food gilt_head_bream,256,256,JPEG
C:/Users/conta/OneDrive/Desktop/Multiclass/data/train\fish sea_food gilt_head_bream\UTI6YZTE2ASN.jpg,fish sea_food gilt_head_bream,256,256,JPEG
C:/Users/conta/OneDrive/Desktop/Multiclass/data/train\fish sea_food gilt_head_bream\UYUS444JF6X6.jpg,fish sea_food gilt_head_bream,256,256,JPEG
C:/Users/conta/OneDrive/Desktop/Multiclass/data/train\fish sea_food gilt_head_bream\V8YGC85SRGDW.jpg,fish sea_food gilt_head_bream,256,256,JPEG
C:/Users/conta/OneDrive/Desktop/Multiclass/data/train\fish sea_food gilt_head_bream\VA77U8EA2YYR.jpg,fish sea_food gilt_head_bream,256,256,JPEG
C:/Users/conta/OneDrive/Desktop/Multiclass/data/train\fish sea_food gilt_head_bream\VAF98VK0CT7N.jpg,fish sea_food gilt_head_bream,256,256,JPEG
C:/Users/conta/OneDrive/Desktop/Multiclass/data/train\fish sea_food gilt_head_bream\VBTLTG2MUEDV.jpg,fish sea_food gilt_head_bream,256,256,JPEG
C:/Users/conta/OneDrive/Desktop/Multiclass/data/train\fish sea_food gilt_head_bream\VBVEGC4C85GP.jpg,fish sea_food gilt_head_bream,256,256,JPEG
C:/Users/conta/OneDrive/Desktop/Multiclass/data/train\fish sea_food gilt_head_bream\VBVWLH1PFTDW.jpg,fish sea_food gilt_head_bream,256,256,JPEG
C:/Users/conta/OneDrive/Desktop/Multiclass/data/train\fish sea_food gilt_head_bream\VE335OWH86VI.jpg,fish sea_food gilt_head_bream,256,256,JPEG
C:/Users/conta/OneDrive/Desktop/Multiclass/data/train\fish sea_food gilt_head_bream\VFDKJNISM0JI.jpg,fish sea_food gilt_head_bream,256,256,JPEG
C:/Users/conta/OneDrive/Desktop/Multiclass/data/train\fish sea_food gilt_head_bream\VKDM9Z70ZAD7.jpg,fish sea_food gilt_head_bream,256,256,JPEG
C:/Users/conta/OneDrive/Desktop/Multiclass/data/train\fish sea_food gilt_head_bream\VLKQCEP3QLCF.jpg,fish sea_food gilt_head_bream,256,256,JPEG
C:/Users/conta/OneDrive/Desktop/Multiclass/data/train\fish sea_food gilt_head_bream\VN94J2ZSQ5FP.jpg,fish sea_food gilt_head_bream,256,256,JPEG
C:/Users/conta/OneDrive/Desktop/Multiclass/data/train\fish sea_food gilt_head_bream\VPL8YBVVBAKM.jpg,fish sea_food gilt_head_bream,256,256,JPEG
C:/Users/conta/OneDrive/Desktop/Multiclass/data/train\fish sea_food gilt_head_bream\VRQZ3DVE6PLL.jpg,fish sea_food gilt_head_bream,256,256,JPEG
C:/Users/conta/OneDrive/Desktop/Multiclass/data/train\fish sea_food gilt_head_bream\VV3EI2X4A1E5.jpg,fish sea_food gilt_head_bream,256,256,JPEG
C:/Users/conta/OneDrive/Desktop/Multiclass/data/train\fish sea_food gilt_head_bream\VXEFDJMFZUY1.jpg,fish sea_food gilt_head_bream,256,256,JPEG
C:/Users/conta/OneDrive/Desktop/Multiclass/data/train\fish sea_food gilt_head_bream\VY0VM6C8HE56.jpg,fish sea_food gilt_head_bream,256,256,JPEG
C:/Users/conta/OneDrive/Desktop/Multiclass/data/train\fish sea_food gilt_head_bream\VZ5XIDADW0NY.jpg,fish sea_food gilt_head_bream,256,256,JPEG
C:/Users/conta/OneDrive/Desktop/Multiclass/data/train\fish sea_food gilt_head_bream\W0IJRXXSB757.jpg,fish sea_food gilt_head_bream,256,256,JPEG
C:/Users/conta/OneDrive/Desktop/Multiclass/data/train\fish sea_food gilt_head_bream\W5XCPIC1CKIK.jpg,fish sea_food gilt_head_bream,256,256,JPEG
C:/Users/conta/OneDrive/Desktop/Multiclass/data/train\fish sea_food gilt_head_bream\W9R6VJW26IGK.jpg,fish sea_food gilt_head_bream,256,256,JPEG
C:/Users/conta/OneDrive/Desktop/Multiclass/data/train\fish sea_food gilt_head_bream\WAWNGYWNTPQK.jpg,fish sea_food gilt_head_bream,256,256,JPEG
C:/Users/conta/OneDrive/Desktop/Multiclass/data/train\fish sea_food gilt_head_bream\WMDVEIRU4F2A.jpg,fish sea_food gilt_head_bream,256,256,JPEG
C:/Users/conta/OneDrive/Desktop/Multiclass/data/train\fish sea_food gilt_head_bream\WRYOQMLNHAC2.jpg,fish sea_food gilt_head_bream,256,256,JPEG
C:/Users/conta/OneDrive/Desktop/Multiclass/data/train\fish sea_food gilt_head_bream\WSPWHMPZFVFH.jpg,fish sea_food gilt_head_bream,256,256,JPEG
C:/Users/conta/OneDrive/Desktop/Multiclass/data/train\fish sea_food gilt_head_bream\WTHPJH1Y3W3N.jpg,fish sea_food gilt_head_bream,256,256,JPEG
C:/Users/conta/OneDrive/Desktop/Multiclass/data/train\fish sea_food gilt_head_bream\WUPIW849DDVP.jpg,fish sea_food gilt_head_bream,256,256,JPEG
C:/Users/conta/OneDrive/Desktop/Multiclass/data/train\fish sea_food gilt_head_bream\WX5GIVVG1ND8.jpg,fish sea_food gilt_head_bream,256,256,JPEG
C:/Users/conta/OneDrive/Desktop/Multiclass/data/train\fish sea_food gilt_head_bream\WZ7ZT4OQHND1.jpg,fish sea_food gilt_head_bream,256,256,JPEG
C:/Users/conta/OneDrive/Desktop/Multiclass/data/train\fish sea_food gilt_head_bream\X0LCYBTEFR8B.jpg,fish sea_food gilt_head_bream,256,256,JPEG
C:/Users/conta/OneDrive/Desktop/Multiclass/data/train\fish sea_food gilt_head_bream\X521NLS3DIND.jpg,fish sea_food gilt_head_bream,256,256,JPEG
C:/Users/conta/OneDrive/Desktop/Multiclass/data/train\fish sea_food gilt_head_bream\X6IEJMYNM78I.jpg,fish sea_food gilt_head_bream,256,256,JPEG
C:/Users/conta/OneDrive/Desktop/Multiclass/data/train\fish sea_food gilt_head_bream\X7PLI7KBY82K.jpg,fish sea_food gilt_head_bream,256,256,JPEG
C:/Users/conta/OneDrive/Desktop/Multiclass/data/train\fish sea_food gilt_head_bream\XC5P3OMTTZZ7.jpg,fish sea_food gilt_head_bream,256,256,JPEG
C:/Users/conta/OneDrive/Desktop/Multiclass/data/train\fish sea_food gilt_head_bream\XEPNAJU4TE24.jpg,fish sea_food gilt_head_bream,256,256,JPEG
C:/Users/conta/OneDrive/Desktop/Multiclass/data/train\fish sea_food gilt_head_bream\XH3WYMUS5FPT.jpg,fish sea_food gilt_head_bream,256,256,JPEG
C:/Users/conta/OneDrive/Desktop/Multiclass/data/train\fish sea_food gilt_head_bream\XKQJXIJPFHMR.jpg,fish sea_food gilt_head_bream,256,256,JPEG
C:/Users/conta/OneDrive/Desktop/Multiclass/data/train\fish sea_food gilt_head_bream\XKRHAFGFYFYY.jpg,fish sea_food gilt_head_bream,256,256,JPEG
C:/Users/conta/OneDrive/Desktop/Multiclass/data/train\fish sea_food gilt_head_bream\XL20FHTLT1B3.jpg,fish sea_food gilt_head_bream,256,256,JPEG
C:/Users/conta/OneDrive/Desktop/Multiclass/data/train\fish sea_food gilt_head_bream\XM76889Y8ZPF.jpg,fish sea_food gilt_head_bream,256,256,JPEG
C:/Users/conta/OneDrive/Desktop/Multiclass/data/train\fish sea_food gilt_head_bream\XNS8ZOQLQI03.jpg,fish sea_food gilt_head_bream,256,256,JPEG
C:/Users/conta/OneDrive/Desktop/Multiclass/data/train\fish sea_food gilt_head_bream\XPV50VI6GXGJ.jpg,fish sea_food gilt_head_bream,256,256,JPEG
C:/Users/conta/OneDrive/Desktop/Multiclass/data/train\fish sea_food gilt_head_bream\XQ27XQEZA8BK.jpg,fish sea_food gilt_head_bream,256,256,JPEG
C:/Users/conta/OneDrive/Desktop/Multiclass/data/train\fish sea_food gilt_head_bream\XTPNTKVRABVN.jpg,fish sea_food gilt_head_bream,256,256,JPEG
C:/Users/conta/OneDrive/Desktop/Multiclass/data/train\fish sea_food gilt_head_bream\XXHISR4I4EI5.jpg,fish sea_food gilt_head_bream,256,256,JPEG
C:/Users/conta/OneDrive/Desktop/Multiclass/data/train\fish sea_food gilt_head_bream\XZ0ZIPL9XFGF.jpg,fish sea_food gilt_head_bream,256,256,JPEG
C:/Users/conta/OneDrive/Desktop/Multiclass/data/train\fish sea_food gilt_head_bream\XZBUZDRSYAFR.jpg,fish sea_food gilt_head_bream,256,256,JPEG
C:/Users/conta/OneDrive/Desktop/Multiclass/data/train\fish sea_food gilt_head_bream\Y0V8LNV4W1ZL.jpg,fish sea_food gilt_head_bream,256,256,JPEG
C:/Users/conta/OneDrive/Desktop/Multiclass/data/train\fish sea_food gilt_head_bream\Y2B3GQBG7S70.jpg,fish sea_food gilt_head_bream,256,256,JPEG
C:/Users/conta/OneDrive/Desktop/Multiclass/data/train\fish sea_food gilt_head_bream\Y3FEB12W7NT5.jpg,fish sea_food gilt_head_bream,256,256,JPEG
C:/Users/conta/OneDrive/Desktop/Multiclass/data/train\fish sea_food gilt_head_bream\Y472Q3GZHED2.jpg,fish sea_food gilt_head_bream,256,256,JPEG
C:/Users/conta/OneDrive/Desktop/Multiclass/data/train\fish sea_food gilt_head_bream\Y542EZ07QVUM.jpg,fish sea_food gilt_head_bream,256,256,JPEG
C:/Users/conta/OneDrive/Desktop/Multiclass/data/train\fish sea_food gilt_head_bream\Y7CMRPV1FFU8.jpg,fish sea_food gilt_head_bream,256,256,JPEG
C:/Users/conta/OneDrive/Desktop/Multiclass/data/train\fish sea_food gilt_head_bream\YCMJUPEPB9NV.jpg,fish sea_food gilt_head_bream,256,256,JPEG
C:/Users/conta/OneDrive/Desktop/Multiclass/data/train\fish sea_food gilt_head_bream\YI679M29K7IR.jpg,fish sea_food gilt_head_bream,256,256,JPEG
C:/Users/conta/OneDrive/Desktop/Multiclass/data/train\fish sea_food gilt_head_bream\YJLEE7C9L4F3.jpg,fish sea_food gilt_head_bream,256,256,JPEG
C:/Users/conta/OneDrive/Desktop/Multiclass/data/train\fish sea_food gilt_head_bream\YLPFUH88VB9G.jpg,fish sea_food gilt_head_bream,256,256,JPEG
C:/Users/conta/OneDrive/Desktop/Multiclass/data/train\fish sea_food gilt_head_bream\YO6JKV2E2S5K.jpg,fish sea_food gilt_head_bream,256,256,JPEG
C:/Users/conta/OneDrive/Desktop/Multiclass/data/train\fish sea_food gilt_head_bream\YT6RWLPCMJPW.jpg,fish sea_food gilt_head_bream,256,256,JPEG
C:/Users/conta/OneDrive/Desktop/Multiclass/data/train\fish sea_food gilt_head_bream\Z57G7NTI6N56.jpg,fish sea_food gilt_head_bream,256,256,JPEG
C:/Users/conta/OneDrive/Desktop/Multiclass/data/train\fish sea_food gilt_head_bream\Z9WIPFX1UUW4.jpg,fish sea_food gilt_head_bream,256,256,JPEG
C:/Users/conta/OneDrive/Desktop/Multiclass/data/train\fish sea_food gilt_head_bream\ZC50A9GZU0FB.jpg,fish sea_food gilt_head_bream,256,256,JPEG
C:/Users/conta/OneDrive/Desktop/Multiclass/data/train\fish sea_food gilt_head_bream\ZHYP7L0380A5.jpg,fish sea_food gilt_head_bream,256,256,JPEG
C:/Users/conta/OneDrive/Desktop/Multiclass/data/train\fish sea_food gilt_head_bream\ZJ6G6ZCVOK0B.jpg,fish sea_food gilt_head_bream,256,256,JPEG
C:/Users/conta/OneDrive/Desktop/Multiclass/data/train\fish sea_food gilt_head_bream\ZK3H6864UQUX.jpg,fish sea_food gilt_head_bream,256,256,JPEG
C:/Users/conta/OneDrive/Desktop/Multiclass/data/train\fish sea_food gilt_head_bream\ZKLCEE56BA5W.jpg,fish sea_food gilt_head_bream,256,256,JPEG
C:/Users/conta/OneDrive/Desktop/Multiclass/data/train\fish sea_food gilt_head_bream\ZLVEUJGDRBSB.jpg,fish sea_food gilt_head_bream,256,256,JPEG
C:/Users/conta/OneDrive/Desktop/Multiclass/data/train\fish sea_food gilt_head_bream\ZMD0DP0KFB2H.jpg,fish sea_food gilt_head_bream,256,256,JPEG
C:/Users/conta/OneDrive/Desktop/Multiclass/data/train\fish sea_food gilt_head_bream\ZMNLXHO99X4E.jpg,fish sea_food gilt_head_bream,256,256,JPEG
C:/Users/conta/OneDrive/Desktop/Multiclass/data/train\fish sea_food gilt_head_bream\ZNZBXU233KNM.jpg,fish sea_food gilt_head_bream,256,256,JPEG
C:/Users/conta/OneDrive/Desktop/Multiclass/data/train\fish sea_food gilt_head_bream\ZTRG0T2ZXA5E.jpg,fish sea_food gilt_head_bream,256,256,JPEG
C:/Users/conta/OneDrive/Desktop/Multiclass/data/train\fish sea_food gilt_head_bream\ZXCV83EY3PZH.jpg,fish sea_food gilt_head_bream,256,256,JPEG
C:/Users/conta/OneDrive/Desktop/Multiclass/data/train\fish sea_food gilt_head_bream\ZXOQTO4FBY3S.jpg,fish sea_food gilt_head_bream,256,256,JPEG
C:/Users/conta/OneDrive/Desktop/Multiclass/data/train\fish sea_food gilt_head_bream\ZXVIHHZ7DSOF.jpg,fish sea_food gilt_head_bream,256,256,JPEG
C:/Users/conta/OneDrive/Desktop/Multiclass/data/train\fish sea_food gilt_head_bream\ZYATMPHBI1ZZ.jpg,fish sea_food gilt_head_bream,256,256,JPEG
C:/Users/conta/OneDrive/Desktop/Multiclass/data/train\fish sea_food gilt_head_bream\ZYDO88XE0K60.jpg,fish sea_food gilt_head_bream,256,256,JPEG
C:/Users/conta/OneDrive/Desktop/Multiclass/data/train\fish sea_food hourse_mackerel\02TC26YGFIVU.jpg,fish sea_food hourse_mackerel,256,256,JPEG
C:/Users/conta/OneDrive/Desktop/Multiclass/data/train\fish sea_food hourse_mackerel\04AZCLG7OJK8.jpg,fish sea_food hourse_mackerel,256,256,JPEG
C:/Users/conta/OneDrive/Desktop/Multiclass/data/train\fish sea_food hourse_mackerel\04VC3N5DP6QQ.jpg,fish sea_food hourse_mackerel,256,256,JPEG
C:/Users/conta/OneDrive/Desktop/Multiclass/data/train\fish sea_food hourse_mackerel\05BL0DGSZZ7G.jpg,fish sea_food hourse_mackerel,256,256,JPEG
C:/Users/conta/OneDrive/Desktop/Multiclass/data/train\fish sea_food hourse_mackerel\0AIHW1DBUG93.jpg,fish sea_food hourse_mackerel,256,256,JPEG
C:/Users/conta/OneDrive/Desktop/Multiclass/data/train\fish sea_food hourse_mackerel\0AVA37WU80UZ.jpg,fish sea_food hourse_mackerel,256,256,JPEG
C:/Users/conta/OneDrive/Desktop/Multiclass/data/train\fish sea_food hourse_mackerel\0CAHXAABQKWB.jpg,fish sea_food hourse_mackerel,256,256,JPEG
C:/Users/conta/OneDrive/Desktop/Multiclass/data/train\fish sea_food hourse_mackerel\0CKGZ7EG4CEX.jpg,fish sea_food hourse_mackerel,256,256,JPEG
C:/Users/conta/OneDrive/Desktop/Multiclass/data/train\fish sea_food hourse_mackerel\0DQDW50XGWD4.jpg,fish sea_food hourse_mackerel,256,256,JPEG
C:/Users/conta/OneDrive/Desktop/Multiclass/data/train\fish sea_food hourse_mackerel\0DW9R4U4ND5J.jpg,fish sea_food hourse_mackerel,256,256,JPEG
C:/Users/conta/OneDrive/Desktop/Multiclass/data/train\fish sea_food hourse_mackerel\0GFSH71UO7ZU.jpg,fish sea_food hourse_mackerel,256,256,JPEG
C:/Users/conta/OneDrive/Desktop/Multiclass/data/train\fish sea_food hourse_mackerel\0HO4W33SL6TV.jpg,fish sea_food hourse_mackerel,256,256,JPEG
C:/Users/conta/OneDrive/Desktop/Multiclass/data/train\fish sea_food hourse_mackerel\0IQ5BRVAPQHF.jpg,fish sea_food hourse_mackerel,256,256,JPEG
C:/Users/conta/OneDrive/Desktop/Multiclass/data/train\fish sea_food hourse_mackerel\0MSHSS27BB5T.jpg,fish sea_food hourse_mackerel,256,256,JPEG
C:/Users/conta/OneDrive/Desktop/Multiclass/data/train\fish sea_food hourse_mackerel\0N22LGGCWQ2G.jpg,fish sea_food hourse_mackerel,256,256,JPEG
C:/Users/conta/OneDrive/Desktop/Multiclass/data/train\fish sea_food hourse_mackerel\0NF54J0JFIWB.jpg,fish sea_food hourse_mackerel,256,256,JPEG
C:/Users/conta/OneDrive/Desktop/Multiclass/data/train\fish sea_food hourse_mackerel\0P3J5UDGX9SN.jpg,fish sea_food hourse_mackerel,256,256,JPEG
C:/Users/conta/OneDrive/Desktop/Multiclass/data/train\fish sea_food hourse_mackerel\0R8VJ78HZ9X1.jpg,fish sea_food hourse_mackerel,256,256,JPEG
C:/Users/conta/OneDrive/Desktop/Multiclass/data/train\fish sea_food hourse_mackerel\0UFT6K7Y279U.jpg,fish sea_food hourse_mackerel,256,256,JPEG
C:/Users/conta/OneDrive/Desktop/Multiclass/data/train\fish sea_food hourse_mackerel\0VF5FZ17DT7J.jpg,fish sea_food hourse_mackerel,256,256,JPEG
C:/Users/conta/OneDrive/Desktop/Multiclass/data/train\fish sea_food hourse_mackerel\0VWPO6YAWOGX.jpg,fish sea_food hourse_mackerel,256,256,JPEG
C:/Users/conta/OneDrive/Desktop/Multiclass/data/train\fish sea_food hourse_mackerel\0X21414N5MAJ.jpg,fish sea_food hourse_mackerel,256,256,JPEG
C:/Users/conta/OneDrive/Desktop/Multiclass/data/train\fish sea_food hourse_mackerel\0XY5G1FKA5AM.jpg,fish sea_food hourse_mackerel,256,256,JPEG
C:/Users/conta/OneDrive/Desktop/Multiclass/data/train\fish sea_food hourse_mackerel\0YRE1EV9LKB3.jpg,fish sea_food hourse_mackerel,256,256,JPEG
C:/Users/conta/OneDrive/Desktop/Multiclass/data/train\fish sea_food hourse_mackerel\106X06X0EF8S.jpg,fish sea_food hourse_mackerel,256,256,JPEG
C:/Users/conta/OneDrive/Desktop/Multiclass/data/train\fish sea_food hourse_mackerel\13HOOE1854T0.jpg,fish sea_food hourse_mackerel,256,256,JPEG
C:/Users/conta/OneDrive/Desktop/Multiclass/data/train\fish sea_food hourse_mackerel\19LM7O5WNQP4.jpg,fish sea_food hourse_mackerel,256,256,JPEG
C:/Users/conta/OneDrive/Desktop/Multiclass/data/train\fish sea_food hourse_mackerel\19SLIBIFI0MV.jpg,fish sea_food hourse_mackerel,256,256,JPEG
C:/Users/conta/OneDrive/Desktop/Multiclass/data/train\fish sea_food hourse_mackerel\1FUNNPCIGT4N.jpg,fish sea_food hourse_mackerel,256,256,JPEG
C:/Users/conta/OneDrive/Desktop/Multiclass/data/train\fish sea_food hourse_mackerel\1INDKLSXIROA.jpg,fish sea_food hourse_mackerel,256,256,JPEG
C:/Users/conta/OneDrive/Desktop/Multiclass/data/train\fish sea_food hourse_mackerel\1J5V9AW1ZN15.jpg,fish sea_food hourse_mackerel,256,256,JPEG
C:/Users/conta/OneDrive/Desktop/Multiclass/data/train\fish sea_food hourse_mackerel\1MD09J9BU2C0.jpg,fish sea_food hourse_mackerel,256,256,JPEG
C:/Users/conta/OneDrive/Desktop/Multiclass/data/train\fish sea_food hourse_mackerel\1NEMJPJJ0QCJ.jpg,fish sea_food hourse_mackerel,256,256,JPEG
C:/Users/conta/OneDrive/Desktop/Multiclass/data/train\fish sea_food hourse_mackerel\1SC3XZIJJ3BM.jpg,fish sea_food hourse_mackerel,256,256,JPEG
C:/Users/conta/OneDrive/Desktop/Multiclass/data/train\fish sea_food hourse_mackerel\1YRICG3X242K.jpg,fish sea_food hourse_mackerel,256,256,JPEG
C:/Users/conta/OneDrive/Desktop/Multiclass/data/train\fish sea_food hourse_mackerel\218Z3R4UJNQM.jpg,fish sea_food hourse_mackerel,256,256,JPEG
C:/Users/conta/OneDrive/Desktop/Multiclass/data/train\fish sea_food hourse_mackerel\22HP6KQXAC5V.jpg,fish sea_food hourse_mackerel,256,256,JPEG
C:/Users/conta/OneDrive/Desktop/Multiclass/data/train\fish sea_food hourse_mackerel\23T35ZBY0FSM.jpg,fish sea_food hourse_mackerel,256,256,JPEG
C:/Users/conta/OneDrive/Desktop/Multiclass/data/train\fish sea_food hourse_mackerel\28OD2CSH089R.jpg,fish sea_food hourse_mackerel,256,256,JPEG
C:/Users/conta/OneDrive/Desktop/Multiclass/data/train\fish sea_food hourse_mackerel\294915WNG3TG.jpg,fish sea_food hourse_mackerel,256,256,JPEG
C:/Users/conta/OneDrive/Desktop/Multiclass/data/train\fish sea_food hourse_mackerel\29KR8HNUGSZ3.jpg,fish sea_food hourse_mackerel,256,256,JPEG
C:/Users/conta/OneDrive/Desktop/Multiclass/data/train\fish sea_food hourse_mackerel\2BCR4Y7YW6PI.jpg,fish sea_food hourse_mackerel,256,256,JPEG
C:/Users/conta/OneDrive/Desktop/Multiclass/data/train\fish sea_food hourse_mackerel\2D36EF42GOZT.jpg,fish sea_food hourse_mackerel,256,256,JPEG
C:/Users/conta/OneDrive/Desktop/Multiclass/data/train\fish sea_food hourse_mackerel\2DVL2LAGHM4B.jpg,fish sea_food hourse_mackerel,256,256,JPEG
C:/Users/conta/OneDrive/Desktop/Multiclass/data/train\fish sea_food hourse_mackerel\2EBL7UTNLOH1.jpg,fish sea_food hourse_mackerel,256,256,JPEG
C:/Users/conta/OneDrive/Desktop/Multiclass/data/train\fish sea_food hourse_mackerel\2IK3XQXLLDT8.jpg,fish sea_food hourse_mackerel,256,256,JPEG
C:/Users/conta/OneDrive/Desktop/Multiclass/data/train\fish sea_food hourse_mackerel\2IUQ8T1VQJKA.jpg,fish sea_food hourse_mackerel,256,256,JPEG
C:/Users/conta/OneDrive/Desktop/Multiclass/data/train\fish sea_food hourse_mackerel\2WI2IQEWJEHW.jpg,fish sea_food hourse_mackerel,256,256,JPEG
C:/Users/conta/OneDrive/Desktop/Multiclass/data/train\fish sea_food hourse_mackerel\2ZYXJLJOPZ5G.jpg,fish sea_food hourse_mackerel,256,256,JPEG
C:/Users/conta/OneDrive/Desktop/Multiclass/data/train\fish sea_food hourse_mackerel\380S3ECIUWP3.jpg,fish sea_food hourse_mackerel,256,256,JPEG
C:/Users/conta/OneDrive/Desktop/Multiclass/data/train\fish sea_food hourse_mackerel\39TRJ435NZMD.jpg,fish sea_food hourse_mackerel,256,256,JPEG
C:/Users/conta/OneDrive/Desktop/Multiclass/data/train\fish sea_food hourse_mackerel\3A2YAELYD5JM.jpg,fish sea_food hourse_mackerel,256,256,JPEG
C:/Users/conta/OneDrive/Desktop/Multiclass/data/train\fish sea_food hourse_mackerel\3AJ71XW0K0WX.jpg,fish sea_food hourse_mackerel,256,256,JPEG
C:/Users/conta/OneDrive/Desktop/Multiclass/data/train\fish sea_food hourse_mackerel\3B4IHXIICBY9.jpg,fish sea_food hourse_mackerel,256,256,JPEG
C:/Users/conta/OneDrive/Desktop/Multiclass/data/train\fish sea_food hourse_mackerel\3DJCWLMZJXAC.jpg,fish sea_food hourse_mackerel,256,256,JPEG
C:/Users/conta/OneDrive/Desktop/Multiclass/data/train\fish sea_food hourse_mackerel\3HC9B9MY8CB6.jpg,fish sea_food hourse_mackerel,256,256,JPEG
C:/Users/conta/OneDrive/Desktop/Multiclass/data/train\fish sea_food hourse_mackerel\3ITNVW9RKUZ5.jpg,fish sea_food hourse_mackerel,256,256,JPEG
C:/Users/conta/OneDrive/Desktop/Multiclass/data/train\fish sea_food hourse_mackerel\3J6GWCVI86G1.jpg,fish sea_food hourse_mackerel,256,256,JPEG
C:/Users/conta/OneDrive/Desktop/Multiclass/data/train\fish sea_food hourse_mackerel\3LY2VAZQOPFL.jpg,fish sea_food hourse_mackerel,256,256,JPEG
C:/Users/conta/OneDrive/Desktop/Multiclass/data/train\fish sea_food hourse_mackerel\3O8MCUPYTT97.jpg,fish sea_food hourse_mackerel,256,256,JPEG
C:/Users/conta/OneDrive/Desktop/Multiclass/data/train\fish sea_food hourse_mackerel\3R1QOUM8SKKW.jpg,fish sea_food hourse_mackerel,256,256,JPEG
C:/Users/conta/OneDrive/Desktop/Multiclass/data/train\fish sea_food hourse_mackerel\3TKFRW3U1C6V.jpg,fish sea_food hourse_mackerel,256,256,JPEG
C:/Users/conta/OneDrive/Desktop/Multiclass/data/train\fish sea_food hourse_mackerel\3XE1DTA19EJV.jpg,fish sea_food hourse_mackerel,256,256,JPEG
C:/Users/conta/OneDrive/Desktop/Multiclass/data/train\fish sea_food hourse_mackerel\3XXB8V1FF769.jpg,fish sea_food hourse_mackerel,256,256,JPEG
C:/Users/conta/OneDrive/Desktop/Multiclass/data/train\fish sea_food hourse_mackerel\3Y7F3EU2YA31.jpg,fish sea_food hourse_mackerel,256,256,JPEG
C:/Users/conta/OneDrive/Desktop/Multiclass/data/train\fish sea_food hourse_mackerel\4AHHF5V3J9JX.jpg,fish sea_food hourse_mackerel,256,256,JPEG
C:/Users/conta/OneDrive/Desktop/Multiclass/data/train\fish sea_food hourse_mackerel\4CSUF2PYO7XR.jpg,fish sea_food hourse_mackerel,256,256,JPEG
C:/Users/conta/OneDrive/Desktop/Multiclass/data/train\fish sea_food hourse_mackerel\4DXMP5ZQSCPN.jpg,fish sea_food hourse_mackerel,256,256,JPEG
C:/Users/conta/OneDrive/Desktop/Multiclass/data/train\fish sea_food hourse_mackerel\4FB1NU8363LU.jpg,fish sea_food hourse_mackerel,256,256,JPEG
C:/Users/conta/OneDrive/Desktop/Multiclass/data/train\fish sea_food hourse_mackerel\4HZISRLD9QBK.jpg,fish sea_food hourse_mackerel,256,256,JPEG
C:/Users/conta/OneDrive/Desktop/Multiclass/data/train\fish sea_food hourse_mackerel\4K2GBA43UG8K.jpg,fish sea_food hourse_mackerel,256,256,JPEG
C:/Users/conta/OneDrive/Desktop/Multiclass/data/train\fish sea_food hourse_mackerel\4K2LUQD4ZOCQ.jpg,fish sea_food hourse_mackerel,256,256,JPEG
C:/Users/conta/OneDrive/Desktop/Multiclass/data/train\fish sea_food hourse_mackerel\4QMVI5IPRFKS.jpg,fish sea_food hourse_mackerel,256,256,JPEG
C:/Users/conta/OneDrive/Desktop/Multiclass/data/train\fish sea_food hourse_mackerel\4RWFILZERJ1L.jpg,fish sea_food hourse_mackerel,256,256,JPEG
C:/Users/conta/OneDrive/Desktop/Multiclass/data/train\fish sea_food hourse_mackerel\4RY9KSH2GUIB.jpg,fish sea_food hourse_mackerel,256,256,JPEG
C:/Users/conta/OneDrive/Desktop/Multiclass/data/train\fish sea_food hourse_mackerel\4U2ALBHF3X0D.jpg,fish sea_food hourse_mackerel,256,256,JPEG
C:/Users/conta/OneDrive/Desktop/Multiclass/data/train\fish sea_food hourse_mackerel\4XP8KK30MPQF.jpg,fish sea_food hourse_mackerel,256,256,JPEG
C:/Users/conta/OneDrive/Desktop/Multiclass/data/train\fish sea_food hourse_mackerel\51J474I3UMP2.jpg,fish sea_food hourse_mackerel,256,256,JPEG
C:/Users/conta/OneDrive/Desktop/Multiclass/data/train\fish sea_food hourse_mackerel\53SRQVN74LQN.jpg,fish sea_food hourse_mackerel,256,256,JPEG
C:/Users/conta/OneDrive/Desktop/Multiclass/data/train\fish sea_food hourse_mackerel\54D58MORIAYJ.jpg,fish sea_food hourse_mackerel,256,256,JPEG
C:/Users/conta/OneDrive/Desktop/Multiclass/data/train\fish sea_food hourse_mackerel\54PX4ZA4PQFG.jpg,fish sea_food hourse_mackerel,256,256,JPEG
C:/Users/conta/OneDrive/Desktop/Multiclass/data/train\fish sea_food hourse_mackerel\5599S09I2G0U.jpg,fish sea_food hourse_mackerel,256,256,JPEG
C:/Users/conta/OneDrive/Desktop/Multiclass/data/train\fish sea_food hourse_mackerel\5AJKDEGPK4EC.jpg,fish sea_food hourse_mackerel,256,256,JPEG
C:/Users/conta/OneDrive/Desktop/Multiclass/data/train\fish sea_food hourse_mackerel\5EZN5O1SHAZT.jpg,fish sea_food hourse_mackerel,256,256,JPEG
C:/Users/conta/OneDrive/Desktop/Multiclass/data/train\fish sea_food hourse_mackerel\5G0ZCK01M49A.jpg,fish sea_food hourse_mackerel,256,256,JPEG
C:/Users/conta/OneDrive/Desktop/Multiclass/data/train\fish sea_food hourse_mackerel\5I34H47Q8GAB.jpg,fish sea_food hourse_mackerel,256,256,JPEG
C:/Users/conta/OneDrive/Desktop/Multiclass/data/train\fish sea_food hourse_mackerel\5JHCYIS1H6Y8.jpg,fish sea_food hourse_mackerel,256,256,JPEG
C:/Users/conta/OneDrive/Desktop/Multiclass/data/train\fish sea_food hourse_mackerel\5KIHYXJT8RJ4.jpg,fish sea_food hourse_mackerel,256,256,JPEG
C:/Users/conta/OneDrive/Desktop/Multiclass/data/train\fish sea_food hourse_mackerel\5S7P0S7FS01Y.jpg,fish sea_food hourse_mackerel,256,256,JPEG
C:/Users/conta/OneDrive/Desktop/Multiclass/data/train\fish sea_food hourse_mackerel\5VFSU4OMW5D6.jpg,fish sea_food hourse_mackerel,256,256,JPEG
C:/Users/conta/OneDrive/Desktop/Multiclass/data/train\fish sea_food hourse_mackerel\62JUNR3QESEI.jpg,fish sea_food hourse_mackerel,256,256,JPEG
C:/Users/conta/OneDrive/Desktop/Multiclass/data/train\fish sea_food hourse_mackerel\6BXZUPPSLXR4.jpg,fish sea_food hourse_mackerel,256,256,JPEG
C:/Users/conta/OneDrive/Desktop/Multiclass/data/train\fish sea_food hourse_mackerel\6CWCDS9JMIB1.jpg,fish sea_food hourse_mackerel,256,256,JPEG
C:/Users/conta/OneDrive/Desktop/Multiclass/data/train\fish sea_food hourse_mackerel\6K112VKNFRH3.jpg,fish sea_food hourse_mackerel,256,256,JPEG
C:/Users/conta/OneDrive/Desktop/Multiclass/data/train\fish sea_food hourse_mackerel\6MMI866N8JT5.jpg,fish sea_food hourse_mackerel,256,256,JPEG
C:/Users/conta/OneDrive/Desktop/Multiclass/data/train\fish sea_food hourse_mackerel\6NRNN2ZV2SMM.jpg,fish sea_food hourse_mackerel,256,256,JPEG
C:/Users/conta/OneDrive/Desktop/Multiclass/data/train\fish sea_food hourse_mackerel\6O9VYYF003RW.jpg,fish sea_food hourse_mackerel,256,256,JPEG
C:/Users/conta/OneDrive/Desktop/Multiclass/data/train\fish sea_food hourse_mackerel\6OW0L6TWXYPF.jpg,fish sea_food hourse_mackerel,256,256,JPEG
C:/Users/conta/OneDrive/Desktop/Multiclass/data/train\fish sea_food hourse_mackerel\6PYDWON984PQ.jpg,fish sea_food hourse_mackerel,256,256,JPEG
C:/Users/conta/OneDrive/Desktop/Multiclass/data/train\fish sea_food hourse_mackerel\6SUI61WAL0R8.jpg,fish sea_food hourse_mackerel,256,256,JPEG
C:/Users/conta/OneDrive/Desktop/Multiclass/data/train\fish sea_food hourse_mackerel\6T11H5ZMF1GB.jpg,fish sea_food hourse_mackerel,256,256,JPEG
C:/Users/conta/OneDrive/Desktop/Multiclass/data/train\fish sea_food hourse_mackerel\6TY8ZC5VUZLV.jpg,fish sea_food hourse_mackerel,256,256,JPEG
C:/Users/conta/OneDrive/Desktop/Multiclass/data/train\fish sea_food hourse_mackerel\6WM3DO0LRQHQ.jpg,fish sea_food hourse_mackerel,256,256,JPEG
C:/Users/conta/OneDrive/Desktop/Multiclass/data/train\fish sea_food hourse_mackerel\6XL1T3FBNK7M.jpg,fish sea_food hourse_mackerel,256,256,JPEG
C:/Users/conta/OneDrive/Desktop/Multiclass/data/train\fish sea_food hourse_mackerel\79EOLNR9A309.jpg,fish sea_food hourse_mackerel,256,256,JPEG
C:/Users/conta/OneDrive/Desktop/Multiclass/data/train\fish sea_food hourse_mackerel\7APHZPUQMDDX.jpg,fish sea_food hourse_mackerel,256,256,JPEG
C:/Users/conta/OneDrive/Desktop/Multiclass/data/train\fish sea_food hourse_mackerel\7B686YO43U5M.jpg,fish sea_food hourse_mackerel,256,256,JPEG
C:/Users/conta/OneDrive/Desktop/Multiclass/data/train\fish sea_food hourse_mackerel\7DX09FA8WXP5.jpg,fish sea_food hourse_mackerel,256,256,JPEG
C:/Users/conta/OneDrive/Desktop/Multiclass/data/train\fish sea_food hourse_mackerel\7H9QRU23VL21.jpg,fish sea_food hourse_mackerel,256,256,JPEG
C:/Users/conta/OneDrive/Desktop/Multiclass/data/train\fish sea_food hourse_mackerel\7I43AFS383P4.jpg,fish sea_food hourse_mackerel,256,256,JPEG
C:/Users/conta/OneDrive/Desktop/Multiclass/data/train\fish sea_food hourse_mackerel\7ITYIR40TV9I.jpg,fish sea_food hourse_mackerel,256,256,JPEG
C:/Users/conta/OneDrive/Desktop/Multiclass/data/train\fish sea_food hourse_mackerel\7KUGM4CBN0SF.jpg,fish sea_food hourse_mackerel,256,256,JPEG
C:/Users/conta/OneDrive/Desktop/Multiclass/data/train\fish sea_food hourse_mackerel\7LGLU5TQX5TX.jpg,fish sea_food hourse_mackerel,256,256,JPEG
C:/Users/conta/OneDrive/Desktop/Multiclass/data/train\fish sea_food hourse_mackerel\7T04NABKHKCN.jpg,fish sea_food hourse_mackerel,256,256,JPEG
C:/Users/conta/OneDrive/Desktop/Multiclass/data/train\fish sea_food hourse_mackerel\7VUF4XNQ0B12.jpg,fish sea_food hourse_mackerel,256,256,JPEG
C:/Users/conta/OneDrive/Desktop/Multiclass/data/train\fish sea_food hourse_mackerel\7Z1K1LK2JCXO.jpg,fish sea_food hourse_mackerel,256,256,JPEG
C:/Users/conta/OneDrive/Desktop/Multiclass/data/train\fish sea_food hourse_mackerel\7ZKX9XI11C9M.jpg,fish sea_food hourse_mackerel,256,256,JPEG
C:/Users/conta/OneDrive/Desktop/Multiclass/data/train\fish sea_food hourse_mackerel\81JP5TUV5VU0.jpg,fish sea_food hourse_mackerel,256,256,JPEG
C:/Users/conta/OneDrive/Desktop/Multiclass/data/train\fish sea_food hourse_mackerel\83SAACE89LYX.jpg,fish sea_food hourse_mackerel,256,256,JPEG
C:/Users/conta/OneDrive/Desktop/Multiclass/data/train\fish sea_food hourse_mackerel\86MS1PSALA5C.jpg,fish sea_food hourse_mackerel,256,256,JPEG
C:/Users/conta/OneDrive/Desktop/Multiclass/data/train\fish sea_food hourse_mackerel\8A4CA7RN6BT1.jpg,fish sea_food hourse_mackerel,256,256,JPEG
C:/Users/conta/OneDrive/Desktop/Multiclass/data/train\fish sea_food hourse_mackerel\8EYTSEM30FW5.jpg,fish sea_food hourse_mackerel,256,256,JPEG
C:/Users/conta/OneDrive/Desktop/Multiclass/data/train\fish sea_food hourse_mackerel\8ID8RIKYVHIP.jpg,fish sea_food hourse_mackerel,256,256,JPEG
C:/Users/conta/OneDrive/Desktop/Multiclass/data/train\fish sea_food hourse_mackerel\8JRZCE4OW1E3.jpg,fish sea_food hourse_mackerel,256,256,JPEG
C:/Users/conta/OneDrive/Desktop/Multiclass/data/train\fish sea_food hourse_mackerel\8KEZC8EESEKB.jpg,fish sea_food hourse_mackerel,256,256,JPEG
C:/Users/conta/OneDrive/Desktop/Multiclass/data/train\fish sea_food hourse_mackerel\8KWATWYS4PRV.jpg,fish sea_food hourse_mackerel,256,256,JPEG
C:/Users/conta/OneDrive/Desktop/Multiclass/data/train\fish sea_food hourse_mackerel\8KY2X0QPB4O7.jpg,fish sea_food hourse_mackerel,256,256,JPEG
C:/Users/conta/OneDrive/Desktop/Multiclass/data/train\fish sea_food hourse_mackerel\8L8J5B7P20GW.jpg,fish sea_food hourse_mackerel,256,256,JPEG
C:/Users/conta/OneDrive/Desktop/Multiclass/data/train\fish sea_food hourse_mackerel\8M8SRFYD2LSC.jpg,fish sea_food hourse_mackerel,256,256,JPEG
C:/Users/conta/OneDrive/Desktop/Multiclass/data/train\fish sea_food hourse_mackerel\8NQZBDI7IY6I.jpg,fish sea_food hourse_mackerel,256,256,JPEG
C:/Users/conta/OneDrive/Desktop/Multiclass/data/train\fish sea_food hourse_mackerel\8NWE8EEG9QTK.jpg,fish sea_food hourse_mackerel,256,256,JPEG
C:/Users/conta/OneDrive/Desktop/Multiclass/data/train\fish sea_food hourse_mackerel\8UB10XN22L15.jpg,fish sea_food hourse_mackerel,256,256,JPEG
C:/Users/conta/OneDrive/Desktop/Multiclass/data/train\fish sea_food hourse_mackerel\8UIDUA6GS5LH.jpg,fish sea_food hourse_mackerel,256,256,JPEG
C:/Users/conta/OneDrive/Desktop/Multiclass/data/train\fish sea_food hourse_mackerel\8V0MEYNF403F.jpg,fish sea_food hourse_mackerel,256,256,JPEG
C:/Users/conta/OneDrive/Desktop/Multiclass/data/train\fish sea_food hourse_mackerel\8XHH8GHHZTSA.jpg,fish sea_food hourse_mackerel,256,256,JPEG
C:/Users/conta/OneDrive/Desktop/Multiclass/data/train\fish sea_food hourse_mackerel\91PDA202NG5Y.jpg,fish sea_food hourse_mackerel,256,256,JPEG
C:/Users/conta/OneDrive/Desktop/Multiclass/data/train\fish sea_food hourse_mackerel\93GZ90U87N6P.jpg,fish sea_food hourse_mackerel,256,256,JPEG
C:/Users/conta/OneDrive/Desktop/Multiclass/data/train\fish sea_food hourse_mackerel\97GE3HQ0NBRJ.jpg,fish sea_food hourse_mackerel,256,256,JPEG
C:/Users/conta/OneDrive/Desktop/Multiclass/data/train\fish sea_food hourse_mackerel\97K6HXA9784V.jpg,fish sea_food hourse_mackerel,256,256,JPEG
C:/Users/conta/OneDrive/Desktop/Multiclass/data/train\fish sea_food hourse_mackerel\9BJE8SJDD867.jpg,fish sea_food hourse_mackerel,256,256,JPEG
C:/Users/conta/OneDrive/Desktop/Multiclass/data/train\fish sea_food hourse_mackerel\9BVZNNL8Z6WS.jpg,fish sea_food hourse_mackerel,256,256,JPEG
C:/Users/conta/OneDrive/Desktop/Multiclass/data/train\fish sea_food hourse_mackerel\9CQ3F4APOGIX.jpg,fish sea_food hourse_mackerel,256,256,JPEG
C:/Users/conta/OneDrive/Desktop/Multiclass/data/train\fish sea_food hourse_mackerel\9CUB607DB8XS.jpg,fish sea_food hourse_mackerel,256,256,JPEG
C:/Users/conta/OneDrive/Desktop/Multiclass/data/train\fish sea_food hourse_mackerel\9DCHPZLBEM6W.jpg,fish sea_food hourse_mackerel,256,256,JPEG
C:/Users/conta/OneDrive/Desktop/Multiclass/data/train\fish sea_food hourse_mackerel\9MZ517HTQGWM.jpg,fish sea_food hourse_mackerel,256,256,JPEG
C:/Users/conta/OneDrive/Desktop/Multiclass/data/train\fish sea_food hourse_mackerel\9NBSHHULJPQR.jpg,fish sea_food hourse_mackerel,256,256,JPEG
C:/Users/conta/OneDrive/Desktop/Multiclass/data/train\fish sea_food hourse_mackerel\9NI2DAF3H2M6.jpg,fish sea_food hourse_mackerel,256,256,JPEG
C:/Users/conta/OneDrive/Desktop/Multiclass/data/train\fish sea_food hourse_mackerel\9Q3D0GY2LFVL.jpg,fish sea_food hourse_mackerel,256,256,JPEG
C:/Users/conta/OneDrive/Desktop/Multiclass/data/train\fish sea_food hourse_mackerel\9RQJF7IGRH0J.jpg,fish sea_food hourse_mackerel,256,256,JPEG
C:/Users/conta/OneDrive/Desktop/Multiclass/data/train\fish sea_food hourse_mackerel\9VVI1VYNKVI5.jpg,fish sea_food hourse_mackerel,256,256,JPEG
C:/Users/conta/OneDrive/Desktop/Multiclass/data/train\fish sea_food hourse_mackerel\9XIO6OKA9KD6.jpg,fish sea_food hourse_mackerel,256,256,JPEG
C:/Users/conta/OneDrive/Desktop/Multiclass/data/train\fish sea_food hourse_mackerel\9XVMLVSRJ8SD.jpg,fish sea_food hourse_mackerel,256,256,JPEG
C:/Users/conta/OneDrive/Desktop/Multiclass/data/train\fish sea_food hourse_mackerel\9ZO0XKOD21IW.jpg,fish sea_food hourse_mackerel,256,256,JPEG
C:/Users/conta/OneDrive/Desktop/Multiclass/data/train\fish sea_food hourse_mackerel\A1Y21QT49RBA.jpg,fish sea_food hourse_mackerel,256,256,JPEG
C:/Users/conta/OneDrive/Desktop/Multiclass/data/train\fish sea_food hourse_mackerel\A3H29EH7KL9N.jpg,fish sea_food hourse_mackerel,256,256,JPEG
C:/Users/conta/OneDrive/Desktop/Multiclass/data/train\fish sea_food hourse_mackerel\AH08NDOBRLRQ.jpg,fish sea_food hourse_mackerel,256,256,JPEG
C:/Users/conta/OneDrive/Desktop/Multiclass/data/train\fish sea_food hourse_mackerel\AI7I7V2DQE7T.jpg,fish sea_food hourse_mackerel,256,256,JPEG
C:/Users/conta/OneDrive/Desktop/Multiclass/data/train\fish sea_food hourse_mackerel\AKT3LR3TQ5DE.jpg,fish sea_food hourse_mackerel,256,256,JPEG
C:/Users/conta/OneDrive/Desktop/Multiclass/data/train\fish sea_food hourse_mackerel\AM1ISIPNKVG0.jpg,fish sea_food hourse_mackerel,256,256,JPEG
C:/Users/conta/OneDrive/Desktop/Multiclass/data/train\fish sea_food hourse_mackerel\APAEG2H83435.jpg,fish sea_food hourse_mackerel,256,256,JPEG
C:/Users/conta/OneDrive/Desktop/Multiclass/data/train\fish sea_food hourse_mackerel\AVCGWNGWFYHA.jpg,fish sea_food hourse_mackerel,256,256,JPEG
C:/Users/conta/OneDrive/Desktop/Multiclass/data/train\fish sea_food hourse_mackerel\AWEZLITF5ERN.jpg,fish sea_food hourse_mackerel,256,256,JPEG
C:/Users/conta/OneDrive/Desktop/Multiclass/data/train\fish sea_food hourse_mackerel\AWISNYDC3QRT.jpg,fish sea_food hourse_mackerel,256,256,JPEG
C:/Users/conta/OneDrive/Desktop/Multiclass/data/train\fish sea_food hourse_mackerel\AYTN8W6ULXT0.jpg,fish sea_food hourse_mackerel,256,256,JPEG
C:/Users/conta/OneDrive/Desktop/Multiclass/data/train\fish sea_food hourse_mackerel\AZ0KSFSJDJA9.jpg,fish sea_food hourse_mackerel,256,256,JPEG
C:/Users/conta/OneDrive/Desktop/Multiclass/data/train\fish sea_food hourse_mackerel\B5EQD89DQIV9.jpg,fish sea_food hourse_mackerel,256,256,JPEG
C:/Users/conta/OneDrive/Desktop/Multiclass/data/train\fish sea_food hourse_mackerel\B5YZ3OUKCY75.jpg,fish sea_food hourse_mackerel,256,256,JPEG
C:/Users/conta/OneDrive/Desktop/Multiclass/data/train\fish sea_food hourse_mackerel\B856KT3AY52Z.jpg,fish sea_food hourse_mackerel,256,256,JPEG
C:/Users/conta/OneDrive/Desktop/Multiclass/data/train\fish sea_food hourse_mackerel\BBVGU2PLLSEZ.jpg,fish sea_food hourse_mackerel,256,256,JPEG
C:/Users/conta/OneDrive/Desktop/Multiclass/data/train\fish sea_food hourse_mackerel\BCA90KCEFWXC.jpg,fish sea_food hourse_mackerel,256,256,JPEG
C:/Users/conta/OneDrive/Desktop/Multiclass/data/train\fish sea_food hourse_mackerel\BCEX9Y43SX4J.jpg,fish sea_food hourse_mackerel,256,256,JPEG
C:/Users/conta/OneDrive/Desktop/Multiclass/data/train\fish sea_food hourse_mackerel\BD5CBB2PY3PI.jpg,fish sea_food hourse_mackerel,256,256,JPEG
C:/Users/conta/OneDrive/Desktop/Multiclass/data/train\fish sea_food hourse_mackerel\BPVPSKO1PDF9.jpg,fish sea_food hourse_mackerel,256,256,JPEG
C:/Users/conta/OneDrive/Desktop/Multiclass/data/train\fish sea_food hourse_mackerel\BQQUXXNYI4ET.jpg,fish sea_food hourse_mackerel,256,256,JPEG
C:/Users/conta/OneDrive/Desktop/Multiclass/data/train\fish sea_food hourse_mackerel\BS84ZLGROPND.jpg,fish sea_food hourse_mackerel,256,256,JPEG
C:/Users/conta/OneDrive/Desktop/Multiclass/data/train\fish sea_food hourse_mackerel\BUYXWQN4NNAE.jpg,fish sea_food hourse_mackerel,256,256,JPEG
C:/Users/conta/OneDrive/Desktop/Multiclass/data/train\fish sea_food hourse_mackerel\BWDWYNHOVVQT.jpg,fish sea_food hourse_mackerel,256,256,JPEG
C:/Users/conta/OneDrive/Desktop/Multiclass/data/train\fish sea_food hourse_mackerel\C0F8OXRQHUVM.jpg,fish sea_food hourse_mackerel,256,256,JPEG
C:/Users/conta/OneDrive/Desktop/Multiclass/data/train\fish sea_food hourse_mackerel\C1S93IUUSBXV.jpg,fish sea_food hourse_mackerel,256,256,JPEG
C:/Users/conta/OneDrive/Desktop/Multiclass/data/train\fish sea_food hourse_mackerel\C2SH1BBHZL00.jpg,fish sea_food hourse_mackerel,256,256,JPEG
C:/Users/conta/OneDrive/Desktop/Multiclass/data/train\fish sea_food hourse_mackerel\C2ZYESMG03EO.jpg,fish sea_food hourse_mackerel,256,256,JPEG
C:/Users/conta/OneDrive/Desktop/Multiclass/data/train\fish sea_food hourse_mackerel\CCLR99P101RU.jpg,fish sea_food hourse_mackerel,256,256,JPEG
C:/Users/conta/OneDrive/Desktop/Multiclass/data/train\fish sea_food hourse_mackerel\CCZ7DHUJXYIX.jpg,fish sea_food hourse_mackerel,256,256,JPEG
C:/Users/conta/OneDrive/Desktop/Multiclass/data/train\fish sea_food hourse_mackerel\CG3Z5XLCIZWH.jpg,fish sea_food hourse_mackerel,256,256,JPEG
C:/Users/conta/OneDrive/Desktop/Multiclass/data/train\fish sea_food hourse_mackerel\CH058JUKNBNP.jpg,fish sea_food hourse_mackerel,256,256,JPEG
C:/Users/conta/OneDrive/Desktop/Multiclass/data/train\fish sea_food hourse_mackerel\CIJ3D0IM6TQB.jpg,fish sea_food hourse_mackerel,256,256,JPEG
C:/Users/conta/OneDrive/Desktop/Multiclass/data/train\fish sea_food hourse_mackerel\CM5ZY1CQ11YP.jpg,fish sea_food hourse_mackerel,256,256,JPEG
C:/Users/conta/OneDrive/Desktop/Multiclass/data/train\fish sea_food hourse_mackerel\CQELB6V150QL.jpg,fish sea_food hourse_mackerel,256,256,JPEG
C:/Users/conta/OneDrive/Desktop/Multiclass/data/train\fish sea_food hourse_mackerel\CQI6NEJLUOJ6.jpg,fish sea_food hourse_mackerel,256,256,JPEG
C:/Users/conta/OneDrive/Desktop/Multiclass/data/train\fish sea_food hourse_mackerel\CSWIMTHJKTHB.jpg,fish sea_food hourse_mackerel,256,256,JPEG
C:/Users/conta/OneDrive/Desktop/Multiclass/data/train\fish sea_food hourse_mackerel\CT6YKXH25TUP.jpg,fish sea_food hourse_mackerel,256,256,JPEG
C:/Users/conta/OneDrive/Desktop/Multiclass/data/train\fish sea_food hourse_mackerel\CXFDSJXSVRFM.jpg,fish sea_food hourse_mackerel,256,256,JPEG
C:/Users/conta/OneDrive/Desktop/Multiclass/data/train\fish sea_food hourse_mackerel\D13ML7SLL9U2.jpg,fish sea_food hourse_mackerel,256,256,JPEG
C:/Users/conta/OneDrive/Desktop/Multiclass/data/train\fish sea_food hourse_mackerel\D1XTXJ7C4K4P.jpg,fish sea_food hourse_mackerel,256,256,JPEG
C:/Users/conta/OneDrive/Desktop/Multiclass/data/train\fish sea_food hourse_mackerel\D60JPNQOF9KW.jpg,fish sea_food hourse_mackerel,256,256,JPEG
C:/Users/conta/OneDrive/Desktop/Multiclass/data/train\fish sea_food hourse_mackerel\D79GSC57ZAM8.jpg,fish sea_food hourse_mackerel,256,256,JPEG
C:/Users/conta/OneDrive/Desktop/Multiclass/data/train\fish sea_food hourse_mackerel\DHE8GQMBFMFU.jpg,fish sea_food hourse_mackerel,256,256,JPEG
C:/Users/conta/OneDrive/Desktop/Multiclass/data/train\fish sea_food hourse_mackerel\DHZ2RUH4IGVX.jpg,fish sea_food hourse_mackerel,256,256,JPEG
C:/Users/conta/OneDrive/Desktop/Multiclass/data/train\fish sea_food hourse_mackerel\DIB8TACQSEBJ.jpg,fish sea_food hourse_mackerel,256,256,JPEG
C:/Users/conta/OneDrive/Desktop/Multiclass/data/train\fish sea_food hourse_mackerel\DJ7NBRZ7TKI5.jpg,fish sea_food hourse_mackerel,256,256,JPEG
C:/Users/conta/OneDrive/Desktop/Multiclass/data/train\fish sea_food hourse_mackerel\DJTM156HFWUO.jpg,fish sea_food hourse_mackerel,256,256,JPEG
C:/Users/conta/OneDrive/Desktop/Multiclass/data/train\fish sea_food hourse_mackerel\DLEX3HU3LXTR.jpg,fish sea_food hourse_mackerel,256,256,JPEG
C:/Users/conta/OneDrive/Desktop/Multiclass/data/train\fish sea_food hourse_mackerel\DMYW8TZDOGJZ.jpg,fish sea_food hourse_mackerel,256,256,JPEG
C:/Users/conta/OneDrive/Desktop/Multiclass/data/train\fish sea_food hourse_mackerel\DN7OPR7PTBQ4.jpg,fish sea_food hourse_mackerel,256,256,JPEG
C:/Users/conta/OneDrive/Desktop/Multiclass/data/train\fish sea_food hourse_mackerel\DNUYHNEV2EIR.jpg,fish sea_food hourse_mackerel,256,256,JPEG
C:/Users/conta/OneDrive/Desktop/Multiclass/data/train\fish sea_food hourse_mackerel\DSY7H3KDK132.jpg,fish sea_food hourse_mackerel,256,256,JPEG
C:/Users/conta/OneDrive/Desktop/Multiclass/data/train\fish sea_food hourse_mackerel\DUX4ZH9V66IH.jpg,fish sea_food hourse_mackerel,256,256,JPEG
C:/Users/conta/OneDrive/Desktop/Multiclass/data/train\fish sea_food hourse_mackerel\DV1DERUNKXJM.jpg,fish sea_food hourse_mackerel,256,256,JPEG
C:/Users/conta/OneDrive/Desktop/Multiclass/data/train\fish sea_food hourse_mackerel\DWMHB4D9Q7LZ.jpg,fish sea_food hourse_mackerel,256,256,JPEG
C:/Users/conta/OneDrive/Desktop/Multiclass/data/train\fish sea_food hourse_mackerel\DYIH4AUDBN8W.jpg,fish sea_food hourse_mackerel,256,256,JPEG
C:/Users/conta/OneDrive/Desktop/Multiclass/data/train\fish sea_food hourse_mackerel\E2VRC5CR49CH.jpg,fish sea_food hourse_mackerel,256,256,JPEG
C:/Users/conta/OneDrive/Desktop/Multiclass/data/train\fish sea_food hourse_mackerel\E36Q1S0UK5OJ.jpg,fish sea_food hourse_mackerel,256,256,JPEG
C:/Users/conta/OneDrive/Desktop/Multiclass/data/train\fish sea_food hourse_mackerel\E489BOB8NJFO.jpg,fish sea_food hourse_mackerel,256,256,JPEG
C:/Users/conta/OneDrive/Desktop/Multiclass/data/train\fish sea_food hourse_mackerel\E5VT63BGFQQG.jpg,fish sea_food hourse_mackerel,256,256,JPEG
C:/Users/conta/OneDrive/Desktop/Multiclass/data/train\fish sea_food hourse_mackerel\E7GX3QEWT92R.jpg,fish sea_food hourse_mackerel,256,256,JPEG
C:/Users/conta/OneDrive/Desktop/Multiclass/data/train\fish sea_food hourse_mackerel\EC81IMWS2H9T.jpg,fish sea_food hourse_mackerel,256,256,JPEG
C:/Users/conta/OneDrive/Desktop/Multiclass/data/train\fish sea_food hourse_mackerel\EECY3IXN3AK5.jpg,fish sea_food hourse_mackerel,256,256,JPEG
C:/Users/conta/OneDrive/Desktop/Multiclass/data/train\fish sea_food hourse_mackerel\EEJH1NZT9UL7.jpg,fish sea_food hourse_mackerel,256,256,JPEG
C:/Users/conta/OneDrive/Desktop/Multiclass/data/train\fish sea_food hourse_mackerel\EI6RF1CC9XHP.jpg,fish sea_food hourse_mackerel,256,256,JPEG
C:/Users/conta/OneDrive/Desktop/Multiclass/data/train\fish sea_food hourse_mackerel\EJPMF2QESOIA.jpg,fish sea_food hourse_mackerel,256,256,JPEG
C:/Users/conta/OneDrive/Desktop/Multiclass/data/train\fish sea_food hourse_mackerel\EL74A7PUJFBZ.jpg,fish sea_food hourse_mackerel,256,256,JPEG
C:/Users/conta/OneDrive/Desktop/Multiclass/data/train\fish sea_food hourse_mackerel\ENDV9KETHP8O.jpg,fish sea_food hourse_mackerel,256,256,JPEG
C:/Users/conta/OneDrive/Desktop/Multiclass/data/train\fish sea_food hourse_mackerel\EOH3EZFW6E0U.jpg,fish sea_food hourse_mackerel,256,256,JPEG
C:/Users/conta/OneDrive/Desktop/Multiclass/data/train\fish sea_food hourse_mackerel\ET9IVWJR972W.jpg,fish sea_food hourse_mackerel,256,256,JPEG
C:/Users/conta/OneDrive/Desktop/Multiclass/data/train\fish sea_food hourse_mackerel\ETAEDCDAVTXA.jpg,fish sea_food hourse_mackerel,256,256,JPEG
C:/Users/conta/OneDrive/Desktop/Multiclass/data/train\fish sea_food hourse_mackerel\EUFBZ7H0NPAI.jpg,fish sea_food hourse_mackerel,256,256,JPEG
C:/Users/conta/OneDrive/Desktop/Multiclass/data/train\fish sea_food hourse_mackerel\F20FTBHIOUPY.jpg,fish sea_food hourse_mackerel,256,256,JPEG
C:/Users/conta/OneDrive/Desktop/Multiclass/data/train\fish sea_food hourse_mackerel\F60NG1ODUYIH.jpg,fish sea_food hourse_mackerel,256,256,JPEG
C:/Users/conta/OneDrive/Desktop/Multiclass/data/train\fish sea_food hourse_mackerel\F62N3WON2LD4.jpg,fish sea_food hourse_mackerel,256,256,JPEG
C:/Users/conta/OneDrive/Desktop/Multiclass/data/train\fish sea_food hourse_mackerel\F7TLVOYX3SWP.jpg,fish sea_food hourse_mackerel,256,256,JPEG
C:/Users/conta/OneDrive/Desktop/Multiclass/data/train\fish sea_food hourse_mackerel\F9C8TC5MHF5C.jpg,fish sea_food hourse_mackerel,256,256,JPEG
C:/Users/conta/OneDrive/Desktop/Multiclass/data/train\fish sea_food hourse_mackerel\FAI5MJA2A12I.jpg,fish sea_food hourse_mackerel,256,256,JPEG
C:/Users/conta/OneDrive/Desktop/Multiclass/data/train\fish sea_food hourse_mackerel\FF2MIHWHSG7T.jpg,fish sea_food hourse_mackerel,256,256,JPEG
C:/Users/conta/OneDrive/Desktop/Multiclass/data/train\fish sea_food hourse_mackerel\FJHUKYZOGMS1.jpg,fish sea_food hourse_mackerel,256,256,JPEG
C:/Users/conta/OneDrive/Desktop/Multiclass/data/train\fish sea_food hourse_mackerel\FJT36IFB0QMM.jpg,fish sea_food hourse_mackerel,256,256,JPEG
C:/Users/conta/OneDrive/Desktop/Multiclass/data/train\fish sea_food hourse_mackerel\FODK9GKPKEBW.jpg,fish sea_food hourse_mackerel,256,256,JPEG
C:/Users/conta/OneDrive/Desktop/Multiclass/data/train\fish sea_food hourse_mackerel\FP2JR47Y5PI6.jpg,fish sea_food hourse_mackerel,256,256,JPEG
C:/Users/conta/OneDrive/Desktop/Multiclass/data/train\fish sea_food hourse_mackerel\FXAOCK7LYX4T.jpg,fish sea_food hourse_mackerel,256,256,JPEG
C:/Users/conta/OneDrive/Desktop/Multiclass/data/train\fish sea_food hourse_mackerel\FZMN6NNKMN6A.jpg,fish sea_food hourse_mackerel,256,256,JPEG
C:/Users/conta/OneDrive/Desktop/Multiclass/data/train\fish sea_food hourse_mackerel\FZYSQL36WJI0.jpg,fish sea_food hourse_mackerel,256,256,JPEG
C:/Users/conta/OneDrive/Desktop/Multiclass/data/train\fish sea_food hourse_mackerel\G8NRDHNVMPN4.jpg,fish sea_food hourse_mackerel,256,256,JPEG
C:/Users/conta/OneDrive/Desktop/Multiclass/data/train\fish sea_food hourse_mackerel\GDNROISS1F0M.jpg,fish sea_food hourse_mackerel,256,256,JPEG
C:/Users/conta/OneDrive/Desktop/Multiclass/data/train\fish sea_food hourse_mackerel\GE10XUTQC4W3.jpg,fish sea_food hourse_mackerel,256,256,JPEG
C:/Users/conta/OneDrive/Desktop/Multiclass/data/train\fish sea_food hourse_mackerel\GEV2Q44R5ENG.jpg,fish sea_food hourse_mackerel,256,256,JPEG
C:/Users/conta/OneDrive/Desktop/Multiclass/data/train\fish sea_food hourse_mackerel\GITA2X50C1XZ.jpg,fish sea_food hourse_mackerel,256,256,JPEG
C:/Users/conta/OneDrive/Desktop/Multiclass/data/train\fish sea_food hourse_mackerel\GL6CUDKGGQ6V.jpg,fish sea_food hourse_mackerel,256,256,JPEG
C:/Users/conta/OneDrive/Desktop/Multiclass/data/train\fish sea_food hourse_mackerel\GNX97FS53OB5.jpg,fish sea_food hourse_mackerel,256,256,JPEG
C:/Users/conta/OneDrive/Desktop/Multiclass/data/train\fish sea_food hourse_mackerel\GQY3IS824QRX.jpg,fish sea_food hourse_mackerel,256,256,JPEG
C:/Users/conta/OneDrive/Desktop/Multiclass/data/train\fish sea_food hourse_mackerel\GW6I5GQTCPFK.jpg,fish sea_food hourse_mackerel,256,256,JPEG
C:/Users/conta/OneDrive/Desktop/Multiclass/data/train\fish sea_food hourse_mackerel\GWHY5PVLCBTZ.jpg,fish sea_food hourse_mackerel,256,256,JPEG
C:/Users/conta/OneDrive/Desktop/Multiclass/data/train\fish sea_food hourse_mackerel\GX1Z2YFXNTYY.jpg,fish sea_food hourse_mackerel,256,256,JPEG
C:/Users/conta/OneDrive/Desktop/Multiclass/data/train\fish sea_food hourse_mackerel\GYHY7M9DPRGM.jpg,fish sea_food hourse_mackerel,256,256,JPEG
C:/Users/conta/OneDrive/Desktop/Multiclass/data/train\fish sea_food hourse_mackerel\H0BAIGSFYN5O.jpg,fish sea_food hourse_mackerel,256,256,JPEG
C:/Users/conta/OneDrive/Desktop/Multiclass/data/train\fish sea_food hourse_mackerel\H0ID68UWOAZ7.jpg,fish sea_food hourse_mackerel,256,256,JPEG
C:/Users/conta/OneDrive/Desktop/Multiclass/data/train\fish sea_food hourse_mackerel\H25EV3L059MM.jpg,fish sea_food hourse_mackerel,256,256,JPEG
C:/Users/conta/OneDrive/Desktop/Multiclass/data/train\fish sea_food hourse_mackerel\H5FDJN3BL4H0.jpg,fish sea_food hourse_mackerel,256,256,JPEG
C:/Users/conta/OneDrive/Desktop/Multiclass/data/train\fish sea_food hourse_mackerel\H7QYKM0O6D45.jpg,fish sea_food hourse_mackerel,256,256,JPEG
C:/Users/conta/OneDrive/Desktop/Multiclass/data/train\fish sea_food hourse_mackerel\HG4KGM4MLQAT.jpg,fish sea_food hourse_mackerel,256,256,JPEG
C:/Users/conta/OneDrive/Desktop/Multiclass/data/train\fish sea_food hourse_mackerel\HHFB34VVLJDS.jpg,fish sea_food hourse_mackerel,256,256,JPEG
C:/Users/conta/OneDrive/Desktop/Multiclass/data/train\fish sea_food hourse_mackerel\HIPL4M7KXZXH.jpg,fish sea_food hourse_mackerel,256,256,JPEG
C:/Users/conta/OneDrive/Desktop/Multiclass/data/train\fish sea_food hourse_mackerel\HJTJALNZJZ56.jpg,fish sea_food hourse_mackerel,256,256,JPEG
C:/Users/conta/OneDrive/Desktop/Multiclass/data/train\fish sea_food hourse_mackerel\HK076E5FHSU8.jpg,fish sea_food hourse_mackerel,256,256,JPEG
C:/Users/conta/OneDrive/Desktop/Multiclass/data/train\fish sea_food hourse_mackerel\HKE8WVHC6VNZ.jpg,fish sea_food hourse_mackerel,256,256,JPEG
C:/Users/conta/OneDrive/Desktop/Multiclass/data/train\fish sea_food hourse_mackerel\HNC8548IODAT.jpg,fish sea_food hourse_mackerel,256,256,JPEG
C:/Users/conta/OneDrive/Desktop/Multiclass/data/train\fish sea_food hourse_mackerel\HNK7FGH8TS2N.jpg,fish sea_food hourse_mackerel,256,256,JPEG
C:/Users/conta/OneDrive/Desktop/Multiclass/data/train\fish sea_food hourse_mackerel\HNTC56SCHXQC.jpg,fish sea_food hourse_mackerel,256,256,JPEG
C:/Users/conta/OneDrive/Desktop/Multiclass/data/train\fish sea_food hourse_mackerel\HP53NRLGF9FG.jpg,fish sea_food hourse_mackerel,256,256,JPEG
C:/Users/conta/OneDrive/Desktop/Multiclass/data/train\fish sea_food hourse_mackerel\HPUDG8C869E4.jpg,fish sea_food hourse_mackerel,256,256,JPEG
C:/Users/conta/OneDrive/Desktop/Multiclass/data/train\fish sea_food hourse_mackerel\HQVJ78LEIKGM.jpg,fish sea_food hourse_mackerel,256,256,JPEG
C:/Users/conta/OneDrive/Desktop/Multiclass/data/train\fish sea_food hourse_mackerel\HS1ODKK5ZM2P.jpg,fish sea_food hourse_mackerel,256,256,JPEG
C:/Users/conta/OneDrive/Desktop/Multiclass/data/train\fish sea_food hourse_mackerel\HV4FKK7Q72RG.jpg,fish sea_food hourse_mackerel,256,256,JPEG
C:/Users/conta/OneDrive/Desktop/Multiclass/data/train\fish sea_food hourse_mackerel\HVR4ZO2YJF85.jpg,fish sea_food hourse_mackerel,256,256,JPEG
C:/Users/conta/OneDrive/Desktop/Multiclass/data/train\fish sea_food hourse_mackerel\HWNREITRNZMK.jpg,fish sea_food hourse_mackerel,256,256,JPEG
C:/Users/conta/OneDrive/Desktop/Multiclass/data/train\fish sea_food hourse_mackerel\I0WK6VBPEIK4.jpg,fish sea_food hourse_mackerel,256,256,JPEG
C:/Users/conta/OneDrive/Desktop/Multiclass/data/train\fish sea_food hourse_mackerel\I1BQY07XCN2H.jpg,fish sea_food hourse_mackerel,256,256,JPEG
C:/Users/conta/OneDrive/Desktop/Multiclass/data/train\fish sea_food hourse_mackerel\I34YC9JG7NN7.jpg,fish sea_food hourse_mackerel,256,256,JPEG
C:/Users/conta/OneDrive/Desktop/Multiclass/data/train\fish sea_food hourse_mackerel\I5DDQYOQZQZJ.jpg,fish sea_food hourse_mackerel,256,256,JPEG
C:/Users/conta/OneDrive/Desktop/Multiclass/data/train\fish sea_food hourse_mackerel\I5GK8FSEIQLF.jpg,fish sea_food hourse_mackerel,256,256,JPEG
C:/Users/conta/OneDrive/Desktop/Multiclass/data/train\fish sea_food hourse_mackerel\I7N4I96BAFYQ.jpg,fish sea_food hourse_mackerel,256,256,JPEG
C:/Users/conta/OneDrive/Desktop/Multiclass/data/train\fish sea_food hourse_mackerel\IA7H5GMOBPVV.jpg,fish sea_food hourse_mackerel,256,256,JPEG
C:/Users/conta/OneDrive/Desktop/Multiclass/data/train\fish sea_food hourse_mackerel\IHWW2XHL32BN.jpg,fish sea_food hourse_mackerel,256,256,JPEG
C:/Users/conta/OneDrive/Desktop/Multiclass/data/train\fish sea_food hourse_mackerel\IOZUDACC8908.jpg,fish sea_food hourse_mackerel,256,256,JPEG
C:/Users/conta/OneDrive/Desktop/Multiclass/data/train\fish sea_food hourse_mackerel\IVN361CQ6BET.jpg,fish sea_food hourse_mackerel,256,256,JPEG
C:/Users/conta/OneDrive/Desktop/Multiclass/data/train\fish sea_food hourse_mackerel\IVSHIS51SF8D.jpg,fish sea_food hourse_mackerel,256,256,JPEG
C:/Users/conta/OneDrive/Desktop/Multiclass/data/train\fish sea_food hourse_mackerel\IW9ZUFTT44OG.jpg,fish sea_food hourse_mackerel,256,256,JPEG
C:/Users/conta/OneDrive/Desktop/Multiclass/data/train\fish sea_food hourse_mackerel\IXZK39D34WE3.jpg,fish sea_food hourse_mackerel,256,256,JPEG
C:/Users/conta/OneDrive/Desktop/Multiclass/data/train\fish sea_food hourse_mackerel\J5QTLD6R8GXW.jpg,fish sea_food hourse_mackerel,256,256,JPEG
C:/Users/conta/OneDrive/Desktop/Multiclass/data/train\fish sea_food hourse_mackerel\J8X5Q874YEN1.jpg,fish sea_food hourse_mackerel,256,256,JPEG
C:/Users/conta/OneDrive/Desktop/Multiclass/data/train\fish sea_food hourse_mackerel\J91Z8V3L8OEP.jpg,fish sea_food hourse_mackerel,256,256,JPEG
C:/Users/conta/OneDrive/Desktop/Multiclass/data/train\fish sea_food hourse_mackerel\JHSLL21K17PS.jpg,fish sea_food hourse_mackerel,256,256,JPEG
C:/Users/conta/OneDrive/Desktop/Multiclass/data/train\fish sea_food hourse_mackerel\JLPNY8B250XY.jpg,fish sea_food hourse_mackerel,256,256,JPEG
C:/Users/conta/OneDrive/Desktop/Multiclass/data/train\fish sea_food hourse_mackerel\JM1EVLFYQZTR.jpg,fish sea_food hourse_mackerel,256,256,JPEG
C:/Users/conta/OneDrive/Desktop/Multiclass/data/train\fish sea_food hourse_mackerel\JMYVZXWMDH3X.jpg,fish sea_food hourse_mackerel,256,256,JPEG
C:/Users/conta/OneDrive/Desktop/Multiclass/data/train\fish sea_food hourse_mackerel\JODVDBPG2XD1.jpg,fish sea_food hourse_mackerel,256,256,JPEG
C:/Users/conta/OneDrive/Desktop/Multiclass/data/train\fish sea_food hourse_mackerel\JRBDMUZSJ68J.jpg,fish sea_food hourse_mackerel,256,256,JPEG
C:/Users/conta/OneDrive/Desktop/Multiclass/data/train\fish sea_food hourse_mackerel\JRZHZOOPLO79.jpg,fish sea_food hourse_mackerel,256,256,JPEG
C:/Users/conta/OneDrive/Desktop/Multiclass/data/train\fish sea_food hourse_mackerel\JWVMY94YEPIU.jpg,fish sea_food hourse_mackerel,256,256,JPEG
C:/Users/conta/OneDrive/Desktop/Multiclass/data/train\fish sea_food hourse_mackerel\JYNSODR07XIT.jpg,fish sea_food hourse_mackerel,256,256,JPEG
C:/Users/conta/OneDrive/Desktop/Multiclass/data/train\fish sea_food hourse_mackerel\K1QRMW5C5SK4.jpg,fish sea_food hourse_mackerel,256,256,JPEG
C:/Users/conta/OneDrive/Desktop/Multiclass/data/train\fish sea_food hourse_mackerel\K1YYDZXQI2P6.jpg,fish sea_food hourse_mackerel,256,256,JPEG
C:/Users/conta/OneDrive/Desktop/Multiclass/data/train\fish sea_food hourse_mackerel\K2IHS0JWKEYQ.jpg,fish sea_food hourse_mackerel,256,256,JPEG
C:/Users/conta/OneDrive/Desktop/Multiclass/data/train\fish sea_food hourse_mackerel\K84RNXQ3VREK.jpg,fish sea_food hourse_mackerel,256,256,JPEG
C:/Users/conta/OneDrive/Desktop/Multiclass/data/train\fish sea_food hourse_mackerel\K93AT7VC0O4T.jpg,fish sea_food hourse_mackerel,256,256,JPEG
C:/Users/conta/OneDrive/Desktop/Multiclass/data/train\fish sea_food hourse_mackerel\KCGME02EZ0CL.jpg,fish sea_food hourse_mackerel,256,256,JPEG
C:/Users/conta/OneDrive/Desktop/Multiclass/data/train\fish sea_food hourse_mackerel\KEAXOAD4ANDM.jpg,fish sea_food hourse_mackerel,256,256,JPEG
C:/Users/conta/OneDrive/Desktop/Multiclass/data/train\fish sea_food hourse_mackerel\KGLBWPFB8OM4.jpg,fish sea_food hourse_mackerel,256,256,JPEG
C:/Users/conta/OneDrive/Desktop/Multiclass/data/train\fish sea_food hourse_mackerel\KHBHSRE28UL4.jpg,fish sea_food hourse_mackerel,256,256,JPEG
C:/Users/conta/OneDrive/Desktop/Multiclass/data/train\fish sea_food hourse_mackerel\KKQB0F65Z4I8.jpg,fish sea_food hourse_mackerel,256,256,JPEG
C:/Users/conta/OneDrive/Desktop/Multiclass/data/train\fish sea_food hourse_mackerel\KLDML3REH0EQ.jpg,fish sea_food hourse_mackerel,256,256,JPEG
C:/Users/conta/OneDrive/Desktop/Multiclass/data/train\fish sea_food hourse_mackerel\KNAF4TCD3X8Q.jpg,fish sea_food hourse_mackerel,256,256,JPEG
C:/Users/conta/OneDrive/Desktop/Multiclass/data/train\fish sea_food hourse_mackerel\KODBUL0YE1YI.jpg,fish sea_food hourse_mackerel,256,256,JPEG
C:/Users/conta/OneDrive/Desktop/Multiclass/data/train\fish sea_food hourse_mackerel\KT7DN0ADXCUL.jpg,fish sea_food hourse_mackerel,256,256,JPEG
C:/Users/conta/OneDrive/Desktop/Multiclass/data/train\fish sea_food hourse_mackerel\KTQ2HHVNX8IL.jpg,fish sea_food hourse_mackerel,256,256,JPEG
C:/Users/conta/OneDrive/Desktop/Multiclass/data/train\fish sea_food hourse_mackerel\KWFR8HFU8JW0.jpg,fish sea_food hourse_mackerel,256,256,JPEG
C:/Users/conta/OneDrive/Desktop/Multiclass/data/train\fish sea_food hourse_mackerel\KXLZZKLY991Q.jpg,fish sea_food hourse_mackerel,256,256,JPEG
C:/Users/conta/OneDrive/Desktop/Multiclass/data/train\fish sea_food hourse_mackerel\L0AEMVFF9S7I.jpg,fish sea_food hourse_mackerel,256,256,JPEG
C:/Users/conta/OneDrive/Desktop/Multiclass/data/train\fish sea_food hourse_mackerel\L289UNIZ0QM7.jpg,fish sea_food hourse_mackerel,256,256,JPEG
C:/Users/conta/OneDrive/Desktop/Multiclass/data/train\fish sea_food hourse_mackerel\L4KKMKB3S3M5.jpg,fish sea_food hourse_mackerel,256,256,JPEG
C:/Users/conta/OneDrive/Desktop/Multiclass/data/train\fish sea_food hourse_mackerel\L9MONQK3CQO7.jpg,fish sea_food hourse_mackerel,256,256,JPEG
C:/Users/conta/OneDrive/Desktop/Multiclass/data/train\fish sea_food hourse_mackerel\LCDFRZW32USO.jpg,fish sea_food hourse_mackerel,256,256,JPEG
C:/Users/conta/OneDrive/Desktop/Multiclass/data/train\fish sea_food hourse_mackerel\LDQ1OPSWM6UJ.jpg,fish sea_food hourse_mackerel,256,256,JPEG
C:/Users/conta/OneDrive/Desktop/Multiclass/data/train\fish sea_food hourse_mackerel\LF5552LXI5IS.jpg,fish sea_food hourse_mackerel,256,256,JPEG
C:/Users/conta/OneDrive/Desktop/Multiclass/data/train\fish sea_food hourse_mackerel\LIBDZTEEZXZ2.jpg,fish sea_food hourse_mackerel,256,256,JPEG
C:/Users/conta/OneDrive/Desktop/Multiclass/data/train\fish sea_food hourse_mackerel\LL2SWMKKE5UO.jpg,fish sea_food hourse_mackerel,256,256,JPEG
C:/Users/conta/OneDrive/Desktop/Multiclass/data/train\fish sea_food hourse_mackerel\LPU1HP70HZ6F.jpg,fish sea_food hourse_mackerel,256,256,JPEG
C:/Users/conta/OneDrive/Desktop/Multiclass/data/train\fish sea_food hourse_mackerel\LSWIHW0MQSOI.jpg,fish sea_food hourse_mackerel,256,256,JPEG
C:/Users/conta/OneDrive/Desktop/Multiclass/data/train\fish sea_food hourse_mackerel\LXH9S3DVHZTE.jpg,fish sea_food hourse_mackerel,256,256,JPEG
C:/Users/conta/OneDrive/Desktop/Multiclass/data/train\fish sea_food hourse_mackerel\M15CACYI106A.jpg,fish sea_food hourse_mackerel,256,256,JPEG
C:/Users/conta/OneDrive/Desktop/Multiclass/data/train\fish sea_food hourse_mackerel\M3CVT1THJMN5.jpg,fish sea_food hourse_mackerel,256,256,JPEG
C:/Users/conta/OneDrive/Desktop/Multiclass/data/train\fish sea_food hourse_mackerel\M4KX4II644S6.jpg,fish sea_food hourse_mackerel,256,256,JPEG
C:/Users/conta/OneDrive/Desktop/Multiclass/data/train\fish sea_food hourse_mackerel\M6U1X895XWBM.jpg,fish sea_food hourse_mackerel,256,256,JPEG
C:/Users/conta/OneDrive/Desktop/Multiclass/data/train\fish sea_food hourse_mackerel\M9KERCUHD3NS.jpg,fish sea_food hourse_mackerel,256,256,JPEG
C:/Users/conta/OneDrive/Desktop/Multiclass/data/train\fish sea_food hourse_mackerel\MGBTNZELVG7F.jpg,fish sea_food hourse_mackerel,256,256,JPEG
C:/Users/conta/OneDrive/Desktop/Multiclass/data/train\fish sea_food hourse_mackerel\MGQ042JNPSU8.jpg,fish sea_food hourse_mackerel,256,256,JPEG
C:/Users/conta/OneDrive/Desktop/Multiclass/data/train\fish sea_food hourse_mackerel\MJZXOVMGSJ0F.jpg,fish sea_food hourse_mackerel,256,256,JPEG
C:/Users/conta/OneDrive/Desktop/Multiclass/data/train\fish sea_food hourse_mackerel\ML5HKOF8QO4W.jpg,fish sea_food hourse_mackerel,256,256,JPEG
C:/Users/conta/OneDrive/Desktop/Multiclass/data/train\fish sea_food hourse_mackerel\MLUY1459TOFA.jpg,fish sea_food hourse_mackerel,256,256,JPEG
C:/Users/conta/OneDrive/Desktop/Multiclass/data/train\fish sea_food hourse_mackerel\MPJ13NBLAV67.jpg,fish sea_food hourse_mackerel,256,256,JPEG
C:/Users/conta/OneDrive/Desktop/Multiclass/data/train\fish sea_food hourse_mackerel\MSXMGQBKSHUK.jpg,fish sea_food hourse_mackerel,256,256,JPEG
C:/Users/conta/OneDrive/Desktop/Multiclass/data/train\fish sea_food hourse_mackerel\MYXQXY1XMW9X.jpg,fish sea_food hourse_mackerel,256,256,JPEG
C:/Users/conta/OneDrive/Desktop/Multiclass/data/train\fish sea_food hourse_mackerel\MZTGFVUXUJ28.jpg,fish sea_food hourse_mackerel,256,256,JPEG
C:/Users/conta/OneDrive/Desktop/Multiclass/data/train\fish sea_food hourse_mackerel\N2KUJX8HIJ7O.jpg,fish sea_food hourse_mackerel,256,256,JPEG
C:/Users/conta/OneDrive/Desktop/Multiclass/data/train\fish sea_food hourse_mackerel\N34MKUYVSO3Q.jpg,fish sea_food hourse_mackerel,256,256,JPEG
C:/Users/conta/OneDrive/Desktop/Multiclass/data/train\fish sea_food hourse_mackerel\N37CRE8M7OY4.jpg,fish sea_food hourse_mackerel,256,256,JPEG
C:/Users/conta/OneDrive/Desktop/Multiclass/data/train\fish sea_food hourse_mackerel\N4JJPHW7MJH0.jpg,fish sea_food hourse_mackerel,256,256,JPEG
C:/Users/conta/OneDrive/Desktop/Multiclass/data/train\fish sea_food hourse_mackerel\N5V5A5KV7A9U.jpg,fish sea_food hourse_mackerel,256,256,JPEG
C:/Users/conta/OneDrive/Desktop/Multiclass/data/train\fish sea_food hourse_mackerel\N68DH8A2XIEM.jpg,fish sea_food hourse_mackerel,256,256,JPEG
C:/Users/conta/OneDrive/Desktop/Multiclass/data/train\fish sea_food hourse_mackerel\N6YDMM5JKBVK.jpg,fish sea_food hourse_mackerel,256,256,JPEG
C:/Users/conta/OneDrive/Desktop/Multiclass/data/train\fish sea_food hourse_mackerel\N77AKFA5GBYK.jpg,fish sea_food hourse_mackerel,256,256,JPEG
C:/Users/conta/OneDrive/Desktop/Multiclass/data/train\fish sea_food hourse_mackerel\NA4MK706B8M1.jpg,fish sea_food hourse_mackerel,256,256,JPEG
C:/Users/conta/OneDrive/Desktop/Multiclass/data/train\fish sea_food hourse_mackerel\NASGI34ZWXAY.jpg,fish sea_food hourse_mackerel,256,256,JPEG
C:/Users/conta/OneDrive/Desktop/Multiclass/data/train\fish sea_food hourse_mackerel\NDL3D8499S4O.jpg,fish sea_food hourse_mackerel,256,256,JPEG
C:/Users/conta/OneDrive/Desktop/Multiclass/data/train\fish sea_food hourse_mackerel\NENQDXGDI3US.jpg,fish sea_food hourse_mackerel,256,256,JPEG
C:/Users/conta/OneDrive/Desktop/Multiclass/data/train\fish sea_food hourse_mackerel\NGR9IZZXIRRZ.jpg,fish sea_food hourse_mackerel,256,256,JPEG
C:/Users/conta/OneDrive/Desktop/Multiclass/data/train\fish sea_food hourse_mackerel\NKQCAFYB081Y.jpg,fish sea_food hourse_mackerel,256,256,JPEG
C:/Users/conta/OneDrive/Desktop/Multiclass/data/train\fish sea_food hourse_mackerel\NM8ZQYK59LH6.jpg,fish sea_food hourse_mackerel,256,256,JPEG
C:/Users/conta/OneDrive/Desktop/Multiclass/data/train\fish sea_food hourse_mackerel\NN1MY1S7OWRY.jpg,fish sea_food hourse_mackerel,256,256,JPEG
C:/Users/conta/OneDrive/Desktop/Multiclass/data/train\fish sea_food hourse_mackerel\NN3PE35FUC9E.jpg,fish sea_food hourse_mackerel,256,256,JPEG
C:/Users/conta/OneDrive/Desktop/Multiclass/data/train\fish sea_food hourse_mackerel\NTVAWNUI63QS.jpg,fish sea_food hourse_mackerel,256,256,JPEG
C:/Users/conta/OneDrive/Desktop/Multiclass/data/train\fish sea_food hourse_mackerel\NVDD9RMFTSZP.jpg,fish sea_food hourse_mackerel,256,256,JPEG
C:/Users/conta/OneDrive/Desktop/Multiclass/data/train\fish sea_food hourse_mackerel\O0ES93KVH9SI.jpg,fish sea_food hourse_mackerel,256,256,JPEG
C:/Users/conta/OneDrive/Desktop/Multiclass/data/train\fish sea_food hourse_mackerel\O28LMXDGLMBS.jpg,fish sea_food hourse_mackerel,256,256,JPEG
C:/Users/conta/OneDrive/Desktop/Multiclass/data/train\fish sea_food hourse_mackerel\O3FV4MG42DK0.jpg,fish sea_food hourse_mackerel,256,256,JPEG
C:/Users/conta/OneDrive/Desktop/Multiclass/data/train\fish sea_food hourse_mackerel\O7GT8K9O7ZAZ.jpg,fish sea_food hourse_mackerel,256,256,JPEG
C:/Users/conta/OneDrive/Desktop/Multiclass/data/train\fish sea_food hourse_mackerel\O7SS8BDJ46YH.jpg,fish sea_food hourse_mackerel,256,256,JPEG
C:/Users/conta/OneDrive/Desktop/Multiclass/data/train\fish sea_food hourse_mackerel\O9YT5H90ZX4W.jpg,fish sea_food hourse_mackerel,256,256,JPEG
C:/Users/conta/OneDrive/Desktop/Multiclass/data/train\fish sea_food hourse_mackerel\OAFVIK7LN7BP.jpg,fish sea_food hourse_mackerel,256,256,JPEG
C:/Users/conta/OneDrive/Desktop/Multiclass/data/train\fish sea_food hourse_mackerel\ODY7TCUFD4QV.jpg,fish sea_food hourse_mackerel,256,256,JPEG
C:/Users/conta/OneDrive/Desktop/Multiclass/data/train\fish sea_food hourse_mackerel\OJ6QC64C51C9.jpg,fish sea_food hourse_mackerel,256,256,JPEG
C:/Users/conta/OneDrive/Desktop/Multiclass/data/train\fish sea_food hourse_mackerel\OLCJEZKOFMHO.jpg,fish sea_food hourse_mackerel,256,256,JPEG
C:/Users/conta/OneDrive/Desktop/Multiclass/data/train\fish sea_food hourse_mackerel\ONS9P11LK2H1.jpg,fish sea_food hourse_mackerel,256,256,JPEG
C:/Users/conta/OneDrive/Desktop/Multiclass/data/train\fish sea_food hourse_mackerel\OOAIGBNF9ARP.jpg,fish sea_food hourse_mackerel,256,256,JPEG
C:/Users/conta/OneDrive/Desktop/Multiclass/data/train\fish sea_food hourse_mackerel\OQMYF1W5060S.jpg,fish sea_food hourse_mackerel,256,256,JPEG
C:/Users/conta/OneDrive/Desktop/Multiclass/data/train\fish sea_food hourse_mackerel\OT4X8TUWA53Z.jpg,fish sea_food hourse_mackerel,256,256,JPEG
C:/Users/conta/OneDrive/Desktop/Multiclass/data/train\fish sea_food hourse_mackerel\OVWIZXAL4QKK.jpg,fish sea_food hourse_mackerel,256,256,JPEG
C:/Users/conta/OneDrive/Desktop/Multiclass/data/train\fish sea_food hourse_mackerel\OZAB4IXQSW5C.jpg,fish sea_food hourse_mackerel,256,256,JPEG
C:/Users/conta/OneDrive/Desktop/Multiclass/data/train\fish sea_food hourse_mackerel\OZN260QP5NMF.jpg,fish sea_food hourse_mackerel,256,256,JPEG
C:/Users/conta/OneDrive/Desktop/Multiclass/data/train\fish sea_food hourse_mackerel\P0G38LWOC2EI.jpg,fish sea_food hourse_mackerel,256,256,JPEG
C:/Users/conta/OneDrive/Desktop/Multiclass/data/train\fish sea_food hourse_mackerel\P1X6W0C8PBE0.jpg,fish sea_food hourse_mackerel,256,256,JPEG
C:/Users/conta/OneDrive/Desktop/Multiclass/data/train\fish sea_food hourse_mackerel\P6OGV8GWVR4G.jpg,fish sea_food hourse_mackerel,256,256,JPEG
C:/Users/conta/OneDrive/Desktop/Multiclass/data/train\fish sea_food hourse_mackerel\P7CHGWS78HCY.jpg,fish sea_food hourse_mackerel,256,256,JPEG
C:/Users/conta/OneDrive/Desktop/Multiclass/data/train\fish sea_food hourse_mackerel\P8WD69KDB14Z.jpg,fish sea_food hourse_mackerel,256,256,JPEG
C:/Users/conta/OneDrive/Desktop/Multiclass/data/train\fish sea_food hourse_mackerel\PBM4L8SR1CVJ.jpg,fish sea_food hourse_mackerel,256,256,JPEG
C:/Users/conta/OneDrive/Desktop/Multiclass/data/train\fish sea_food hourse_mackerel\PBMV0H0MH5RK.jpg,fish sea_food hourse_mackerel,256,256,JPEG
C:/Users/conta/OneDrive/Desktop/Multiclass/data/train\fish sea_food hourse_mackerel\PCHGXJIRV3V5.jpg,fish sea_food hourse_mackerel,256,256,JPEG
C:/Users/conta/OneDrive/Desktop/Multiclass/data/train\fish sea_food hourse_mackerel\PD5CHJQ2857Y.jpg,fish sea_food hourse_mackerel,256,256,JPEG
C:/Users/conta/OneDrive/Desktop/Multiclass/data/train\fish sea_food hourse_mackerel\PE1XBZEK9YE1.jpg,fish sea_food hourse_mackerel,256,256,JPEG
C:/Users/conta/OneDrive/Desktop/Multiclass/data/train\fish sea_food hourse_mackerel\PE6FSWB1FTJ4.jpg,fish sea_food hourse_mackerel,256,256,JPEG
C:/Users/conta/OneDrive/Desktop/Multiclass/data/train\fish sea_food hourse_mackerel\PEJRMU74P1BF.jpg,fish sea_food hourse_mackerel,256,256,JPEG
C:/Users/conta/OneDrive/Desktop/Multiclass/data/train\fish sea_food hourse_mackerel\PHROTOFCQ0GE.jpg,fish sea_food hourse_mackerel,256,256,JPEG
C:/Users/conta/OneDrive/Desktop/Multiclass/data/train\fish sea_food hourse_mackerel\PJ2DESH9X57C.jpg,fish sea_food hourse_mackerel,256,256,JPEG
C:/Users/conta/OneDrive/Desktop/Multiclass/data/train\fish sea_food hourse_mackerel\PK7L47Q0ZDK6.jpg,fish sea_food hourse_mackerel,256,256,JPEG
C:/Users/conta/OneDrive/Desktop/Multiclass/data/train\fish sea_food hourse_mackerel\PL4K641Z1QV7.jpg,fish sea_food hourse_mackerel,256,256,JPEG
C:/Users/conta/OneDrive/Desktop/Multiclass/data/train\fish sea_food hourse_mackerel\PMXT60KSVM1O.jpg,fish sea_food hourse_mackerel,256,256,JPEG
C:/Users/conta/OneDrive/Desktop/Multiclass/data/train\fish sea_food hourse_mackerel\POC13DR2E99N.jpg,fish sea_food hourse_mackerel,256,256,JPEG
C:/Users/conta/OneDrive/Desktop/Multiclass/data/train\fish sea_food hourse_mackerel\POLPBQDUKXPR.jpg,fish sea_food hourse_mackerel,256,256,JPEG
C:/Users/conta/OneDrive/Desktop/Multiclass/data/train\fish sea_food hourse_mackerel\POLQQRSBBQM1.jpg,fish sea_food hourse_mackerel,256,256,JPEG
C:/Users/conta/OneDrive/Desktop/Multiclass/data/train\fish sea_food hourse_mackerel\PQ4857KV9SLZ.jpg,fish sea_food hourse_mackerel,256,256,JPEG
C:/Users/conta/OneDrive/Desktop/Multiclass/data/train\fish sea_food hourse_mackerel\PVKDHTA8P6B6.jpg,fish sea_food hourse_mackerel,256,256,JPEG
C:/Users/conta/OneDrive/Desktop/Multiclass/data/train\fish sea_food hourse_mackerel\PWEBTNNZN2E0.jpg,fish sea_food hourse_mackerel,256,256,JPEG
C:/Users/conta/OneDrive/Desktop/Multiclass/data/train\fish sea_food hourse_mackerel\PY0TGJM8Q1UT.jpg,fish sea_food hourse_mackerel,256,256,JPEG
C:/Users/conta/OneDrive/Desktop/Multiclass/data/train\fish sea_food hourse_mackerel\Q2J0KUHWSJWB.jpg,fish sea_food hourse_mackerel,256,256,JPEG
C:/Users/conta/OneDrive/Desktop/Multiclass/data/train\fish sea_food hourse_mackerel\Q4ADM17LP5OO.jpg,fish sea_food hourse_mackerel,256,256,JPEG
C:/Users/conta/OneDrive/Desktop/Multiclass/data/train\fish sea_food hourse_mackerel\Q52C57LVU2F6.jpg,fish sea_food hourse_mackerel,256,256,JPEG
C:/Users/conta/OneDrive/Desktop/Multiclass/data/train\fish sea_food hourse_mackerel\Q624R4584CVD.jpg,fish sea_food hourse_mackerel,256,256,JPEG
C:/Users/conta/OneDrive/Desktop/Multiclass/data/train\fish sea_food hourse_mackerel\Q7HZGV7HWGN3.jpg,fish sea_food hourse_mackerel,256,256,JPEG
C:/Users/conta/OneDrive/Desktop/Multiclass/data/train\fish sea_food hourse_mackerel\QBXT36PQTV2R.jpg,fish sea_food hourse_mackerel,256,256,JPEG
C:/Users/conta/OneDrive/Desktop/Multiclass/data/train\fish sea_food hourse_mackerel\QDM0SNCVAYT1.jpg,fish sea_food hourse_mackerel,256,256,JPEG
C:/Users/conta/OneDrive/Desktop/Multiclass/data/train\fish sea_food hourse_mackerel\QF6LKXBI8XYC.jpg,fish sea_food hourse_mackerel,256,256,JPEG
C:/Users/conta/OneDrive/Desktop/Multiclass/data/train\fish sea_food hourse_mackerel\QH5R1CY66DUX.jpg,fish sea_food hourse_mackerel,256,256,JPEG
C:/Users/conta/OneDrive/Desktop/Multiclass/data/train\fish sea_food hourse_mackerel\QNU5DQUJGOI5.jpg,fish sea_food hourse_mackerel,256,256,JPEG
C:/Users/conta/OneDrive/Desktop/Multiclass/data/train\fish sea_food hourse_mackerel\QQDD4NK2766L.jpg,fish sea_food hourse_mackerel,256,256,JPEG
C:/Users/conta/OneDrive/Desktop/Multiclass/data/train\fish sea_food hourse_mackerel\QYY4QZK71QYR.jpg,fish sea_food hourse_mackerel,256,256,JPEG
C:/Users/conta/OneDrive/Desktop/Multiclass/data/train\fish sea_food hourse_mackerel\R5G9FQR14B0Z.jpg,fish sea_food hourse_mackerel,256,256,JPEG
C:/Users/conta/OneDrive/Desktop/Multiclass/data/train\fish sea_food hourse_mackerel\R5KHNVZR583J.jpg,fish sea_food hourse_mackerel,256,256,JPEG
C:/Users/conta/OneDrive/Desktop/Multiclass/data/train\fish sea_food hourse_mackerel\R7AD6L8Q19GG.jpg,fish sea_food hourse_mackerel,256,256,JPEG
C:/Users/conta/OneDrive/Desktop/Multiclass/data/train\fish sea_food hourse_mackerel\R7ZJH2IAIE4W.jpg,fish sea_food hourse_mackerel,256,256,JPEG
C:/Users/conta/OneDrive/Desktop/Multiclass/data/train\fish sea_food hourse_mackerel\RMUZDYDI03H0.jpg,fish sea_food hourse_mackerel,256,256,JPEG
C:/Users/conta/OneDrive/Desktop/Multiclass/data/train\fish sea_food hourse_mackerel\RN12TV2LBFGO.jpg,fish sea_food hourse_mackerel,256,256,JPEG
C:/Users/conta/OneDrive/Desktop/Multiclass/data/train\fish sea_food hourse_mackerel\RNWYYMFOE6QH.jpg,fish sea_food hourse_mackerel,256,256,JPEG
C:/Users/conta/OneDrive/Desktop/Multiclass/data/train\fish sea_food hourse_mackerel\RO6WW90NEP7I.jpg,fish sea_food hourse_mackerel,256,256,JPEG
C:/Users/conta/OneDrive/Desktop/Multiclass/data/train\fish sea_food hourse_mackerel\RPYPRVMMUDRR.jpg,fish sea_food hourse_mackerel,256,256,JPEG
C:/Users/conta/OneDrive/Desktop/Multiclass/data/train\fish sea_food hourse_mackerel\RT7YUJC5RX8Y.jpg,fish sea_food hourse_mackerel,256,256,JPEG
C:/Users/conta/OneDrive/Desktop/Multiclass/data/train\fish sea_food hourse_mackerel\RTH2YN2VAVXF.jpg,fish sea_food hourse_mackerel,256,256,JPEG
C:/Users/conta/OneDrive/Desktop/Multiclass/data/train\fish sea_food hourse_mackerel\RUK47F0Q752S.jpg,fish sea_food hourse_mackerel,256,256,JPEG
C:/Users/conta/OneDrive/Desktop/Multiclass/data/train\fish sea_food hourse_mackerel\RZOFNS45ZY53.jpg,fish sea_food hourse_mackerel,256,256,JPEG
C:/Users/conta/OneDrive/Desktop/Multiclass/data/train\fish sea_food hourse_mackerel\S5BDCC6NZ08O.jpg,fish sea_food hourse_mackerel,256,256,JPEG
C:/Users/conta/OneDrive/Desktop/Multiclass/data/train\fish sea_food hourse_mackerel\S7FRX1QDTKZJ.jpg,fish sea_food hourse_mackerel,256,256,JPEG
C:/Users/conta/OneDrive/Desktop/Multiclass/data/train\fish sea_food hourse_mackerel\S8VBQO1U8P5V.jpg,fish sea_food hourse_mackerel,256,256,JPEG
C:/Users/conta/OneDrive/Desktop/Multiclass/data/train\fish sea_food hourse_mackerel\S9SEVKTGJAGU.jpg,fish sea_food hourse_mackerel,256,256,JPEG
C:/Users/conta/OneDrive/Desktop/Multiclass/data/train\fish sea_food hourse_mackerel\SBR0VVKM9CIM.jpg,fish sea_food hourse_mackerel,256,256,JPEG
C:/Users/conta/OneDrive/Desktop/Multiclass/data/train\fish sea_food hourse_mackerel\SDGQ0ES2CHQ5.jpg,fish sea_food hourse_mackerel,256,256,JPEG
C:/Users/conta/OneDrive/Desktop/Multiclass/data/train\fish sea_food hourse_mackerel\SDH9B4K3MZYN.jpg,fish sea_food hourse_mackerel,256,256,JPEG
C:/Users/conta/OneDrive/Desktop/Multiclass/data/train\fish sea_food hourse_mackerel\SDW0EKJH70GF.jpg,fish sea_food hourse_mackerel,256,256,JPEG
C:/Users/conta/OneDrive/Desktop/Multiclass/data/train\fish sea_food hourse_mackerel\SDXRHN9RMI1W.jpg,fish sea_food hourse_mackerel,256,256,JPEG
C:/Users/conta/OneDrive/Desktop/Multiclass/data/train\fish sea_food hourse_mackerel\SI7HWJWH4B4X.jpg,fish sea_food hourse_mackerel,256,256,JPEG
C:/Users/conta/OneDrive/Desktop/Multiclass/data/train\fish sea_food hourse_mackerel\SIIUU6A9EBEE.jpg,fish sea_food hourse_mackerel,256,256,JPEG
C:/Users/conta/OneDrive/Desktop/Multiclass/data/train\fish sea_food hourse_mackerel\SIJICWWUBLW5.jpg,fish sea_food hourse_mackerel,256,256,JPEG
C:/Users/conta/OneDrive/Desktop/Multiclass/data/train\fish sea_food hourse_mackerel\SJHGCMVAU801.jpg,fish sea_food hourse_mackerel,256,256,JPEG
C:/Users/conta/OneDrive/Desktop/Multiclass/data/train\fish sea_food hourse_mackerel\SQHES1HQ1WN6.jpg,fish sea_food hourse_mackerel,256,256,JPEG
C:/Users/conta/OneDrive/Desktop/Multiclass/data/train\fish sea_food hourse_mackerel\SQM65KQKAWGC.jpg,fish sea_food hourse_mackerel,256,256,JPEG
C:/Users/conta/OneDrive/Desktop/Multiclass/data/train\fish sea_food hourse_mackerel\SSU29WRYEQQL.jpg,fish sea_food hourse_mackerel,256,256,JPEG
C:/Users/conta/OneDrive/Desktop/Multiclass/data/train\fish sea_food hourse_mackerel\ST7AKE11UUNK.jpg,fish sea_food hourse_mackerel,256,256,JPEG
C:/Users/conta/OneDrive/Desktop/Multiclass/data/train\fish sea_food hourse_mackerel\SU188UY061ZP.jpg,fish sea_food hourse_mackerel,256,256,JPEG
C:/Users/conta/OneDrive/Desktop/Multiclass/data/train\fish sea_food hourse_mackerel\SWJVGFYPZP3S.jpg,fish sea_food hourse_mackerel,256,256,JPEG
C:/Users/conta/OneDrive/Desktop/Multiclass/data/train\fish sea_food hourse_mackerel\SWQEBL2MHFIZ.jpg,fish sea_food hourse_mackerel,256,256,JPEG
C:/Users/conta/OneDrive/Desktop/Multiclass/data/train\fish sea_food hourse_mackerel\T0P0TSXY0DSB.jpg,fish sea_food hourse_mackerel,256,256,JPEG
C:/Users/conta/OneDrive/Desktop/Multiclass/data/train\fish sea_food hourse_mackerel\T2OBHK1K435O.jpg,fish sea_food hourse_mackerel,256,256,JPEG
C:/Users/conta/OneDrive/Desktop/Multiclass/data/train\fish sea_food hourse_mackerel\T2TA1RQWPNBI.jpg,fish sea_food hourse_mackerel,256,256,JPEG
C:/Users/conta/OneDrive/Desktop/Multiclass/data/train\fish sea_food hourse_mackerel\T3OJK1Y9FNJ9.jpg,fish sea_food hourse_mackerel,256,256,JPEG
C:/Users/conta/OneDrive/Desktop/Multiclass/data/train\fish sea_food hourse_mackerel\T6QX9M1P5QW1.jpg,fish sea_food hourse_mackerel,256,256,JPEG
C:/Users/conta/OneDrive/Desktop/Multiclass/data/train\fish sea_food hourse_mackerel\TBV57VATR7PL.jpg,fish sea_food hourse_mackerel,256,256,JPEG
C:/Users/conta/OneDrive/Desktop/Multiclass/data/train\fish sea_food hourse_mackerel\TDJ9WIFQWEP1.jpg,fish sea_food hourse_mackerel,256,256,JPEG
C:/Users/conta/OneDrive/Desktop/Multiclass/data/train\fish sea_food hourse_mackerel\TGCNMG162XMT.jpg,fish sea_food hourse_mackerel,256,256,JPEG
C:/Users/conta/OneDrive/Desktop/Multiclass/data/train\fish sea_food hourse_mackerel\THKYGX6PV61Z.jpg,fish sea_food hourse_mackerel,256,256,JPEG
C:/Users/conta/OneDrive/Desktop/Multiclass/data/train\fish sea_food hourse_mackerel\TIAVCEUI08Q7.jpg,fish sea_food hourse_mackerel,256,256,JPEG
C:/Users/conta/OneDrive/Desktop/Multiclass/data/train\fish sea_food hourse_mackerel\TMHD6FMM2EA3.jpg,fish sea_food hourse_mackerel,256,256,JPEG
C:/Users/conta/OneDrive/Desktop/Multiclass/data/train\fish sea_food hourse_mackerel\TMOEENOFYUY1.jpg,fish sea_food hourse_mackerel,256,256,JPEG
C:/Users/conta/OneDrive/Desktop/Multiclass/data/train\fish sea_food hourse_mackerel\TQEA11C6P74L.jpg,fish sea_food hourse_mackerel,256,256,JPEG
C:/Users/conta/OneDrive/Desktop/Multiclass/data/train\fish sea_food hourse_mackerel\TQQMX0DT3PIF.jpg,fish sea_food hourse_mackerel,256,256,JPEG
C:/Users/conta/OneDrive/Desktop/Multiclass/data/train\fish sea_food hourse_mackerel\TQUVD76V8KIW.jpg,fish sea_food hourse_mackerel,256,256,JPEG
C:/Users/conta/OneDrive/Desktop/Multiclass/data/train\fish sea_food hourse_mackerel\TRWXJAVXNMMZ.jpg,fish sea_food hourse_mackerel,256,256,JPEG
C:/Users/conta/OneDrive/Desktop/Multiclass/data/train\fish sea_food hourse_mackerel\TT8C50Q63FNI.jpg,fish sea_food hourse_mackerel,256,256,JPEG
C:/Users/conta/OneDrive/Desktop/Multiclass/data/train\fish sea_food hourse_mackerel\TVVL11FYYPH4.jpg,fish sea_food hourse_mackerel,256,256,JPEG
C:/Users/conta/OneDrive/Desktop/Multiclass/data/train\fish sea_food hourse_mackerel\TVVSHKLRRGOE.jpg,fish sea_food hourse_mackerel,256,256,JPEG
C:/Users/conta/OneDrive/Desktop/Multiclass/data/train\fish sea_food hourse_mackerel\TWI1BCZQX38N.jpg,fish sea_food hourse_mackerel,256,256,JPEG
C:/Users/conta/OneDrive/Desktop/Multiclass/data/train\fish sea_food hourse_mackerel\TYEPZPE61ODI.jpg,fish sea_food hourse_mackerel,256,256,JPEG
C:/Users/conta/OneDrive/Desktop/Multiclass/data/train\fish sea_food hourse_mackerel\TZY8WHJCE0IH.jpg,fish sea_food hourse_mackerel,256,256,JPEG
C:/Users/conta/OneDrive/Desktop/Multiclass/data/train\fish sea_food hourse_mackerel\U1MRXV0I4JBN.jpg,fish sea_food hourse_mackerel,256,256,JPEG
C:/Users/conta/OneDrive/Desktop/Multiclass/data/train\fish sea_food hourse_mackerel\U21ABPCER919.jpg,fish sea_food hourse_mackerel,256,256,JPEG
C:/Users/conta/OneDrive/Desktop/Multiclass/data/train\fish sea_food hourse_mackerel\U2T4MLK5OKR7.jpg,fish sea_food hourse_mackerel,256,256,JPEG
C:/Users/conta/OneDrive/Desktop/Multiclass/data/train\fish sea_food hourse_mackerel\U3CN0R2N4GNF.jpg,fish sea_food hourse_mackerel,256,256,JPEG
C:/Users/conta/OneDrive/Desktop/Multiclass/data/train\fish sea_food hourse_mackerel\U69PVBGC8WZ9.jpg,fish sea_food hourse_mackerel,256,256,JPEG
C:/Users/conta/OneDrive/Desktop/Multiclass/data/train\fish sea_food hourse_mackerel\U6D1QE2ID7Y8.jpg,fish sea_food hourse_mackerel,256,256,JPEG
C:/Users/conta/OneDrive/Desktop/Multiclass/data/train\fish sea_food hourse_mackerel\U6HTDFUERYCB.jpg,fish sea_food hourse_mackerel,256,256,JPEG
C:/Users/conta/OneDrive/Desktop/Multiclass/data/train\fish sea_food hourse_mackerel\UBX5F3K6C9TI.jpg,fish sea_food hourse_mackerel,256,256,JPEG
C:/Users/conta/OneDrive/Desktop/Multiclass/data/train\fish sea_food hourse_mackerel\UFP73TNO2H7F.jpg,fish sea_food hourse_mackerel,256,256,JPEG
C:/Users/conta/OneDrive/Desktop/Multiclass/data/train\fish sea_food hourse_mackerel\UHUZ8MY3KHTN.jpg,fish sea_food hourse_mackerel,256,256,JPEG
C:/Users/conta/OneDrive/Desktop/Multiclass/data/train\fish sea_food hourse_mackerel\UJMSEIEHVG5D.jpg,fish sea_food hourse_mackerel,256,256,JPEG
C:/Users/conta/OneDrive/Desktop/Multiclass/data/train\fish sea_food hourse_mackerel\UMEGZ0JOVFVU.jpg,fish sea_food hourse_mackerel,256,256,JPEG
C:/Users/conta/OneDrive/Desktop/Multiclass/data/train\fish sea_food hourse_mackerel\UOSUVIN7X1XL.jpg,fish sea_food hourse_mackerel,256,256,JPEG
C:/Users/conta/OneDrive/Desktop/Multiclass/data/train\fish sea_food hourse_mackerel\UULCWACGU37P.jpg,fish sea_food hourse_mackerel,256,256,JPEG
C:/Users/conta/OneDrive/Desktop/Multiclass/data/train\fish sea_food hourse_mackerel\UVDWDQLBK4OB.jpg,fish sea_food hourse_mackerel,256,256,JPEG
C:/Users/conta/OneDrive/Desktop/Multiclass/data/train\fish sea_food hourse_mackerel\UVMVTQTBVUA7.jpg,fish sea_food hourse_mackerel,256,256,JPEG
C:/Users/conta/OneDrive/Desktop/Multiclass/data/train\fish sea_food hourse_mackerel\UWID3P5C2L22.jpg,fish sea_food hourse_mackerel,256,256,JPEG
C:/Users/conta/OneDrive/Desktop/Multiclass/data/train\fish sea_food hourse_mackerel\UX9UL1P5OU0Z.jpg,fish sea_food hourse_mackerel,256,256,JPEG
C:/Users/conta/OneDrive/Desktop/Multiclass/data/train\fish sea_food hourse_mackerel\UXXQLLNXW5OP.jpg,fish sea_food hourse_mackerel,256,256,JPEG
C:/Users/conta/OneDrive/Desktop/Multiclass/data/train\fish sea_food hourse_mackerel\V1MWUJHPXJJ1.jpg,fish sea_food hourse_mackerel,256,256,JPEG
C:/Users/conta/OneDrive/Desktop/Multiclass/data/train\fish sea_food hourse_mackerel\V4SLNYIR8D4G.jpg,fish sea_food hourse_mackerel,256,256,JPEG
C:/Users/conta/OneDrive/Desktop/Multiclass/data/train\fish sea_food hourse_mackerel\V5K8MM439VBV.jpg,fish sea_food hourse_mackerel,256,256,JPEG
C:/Users/conta/OneDrive/Desktop/Multiclass/data/train\fish sea_food hourse_mackerel\V677F0BA2TCY.jpg,fish sea_food hourse_mackerel,256,256,JPEG
C:/Users/conta/OneDrive/Desktop/Multiclass/data/train\fish sea_food hourse_mackerel\V71WQA8IHDKC.jpg,fish sea_food hourse_mackerel,256,256,JPEG
C:/Users/conta/OneDrive/Desktop/Multiclass/data/train\fish sea_food hourse_mackerel\V9DCX5W2VXFU.jpg,fish sea_food hourse_mackerel,256,256,JPEG
C:/Users/conta/OneDrive/Desktop/Multiclass/data/train\fish sea_food hourse_mackerel\VCG0X20Z6HBG.jpg,fish sea_food hourse_mackerel,256,256,JPEG
C:/Users/conta/OneDrive/Desktop/Multiclass/data/train\fish sea_food hourse_mackerel\VFO7J9U2J07Y.jpg,fish sea_food hourse_mackerel,256,256,JPEG
C:/Users/conta/OneDrive/Desktop/Multiclass/data/train\fish sea_food hourse_mackerel\VI4HVV5LIA63.jpg,fish sea_food hourse_mackerel,256,256,JPEG
C:/Users/conta/OneDrive/Desktop/Multiclass/data/train\fish sea_food hourse_mackerel\VMD87J4XTO31.jpg,fish sea_food hourse_mackerel,256,256,JPEG
C:/Users/conta/OneDrive/Desktop/Multiclass/data/train\fish sea_food hourse_mackerel\VMO790HKUJ3G.jpg,fish sea_food hourse_mackerel,256,256,JPEG
C:/Users/conta/OneDrive/Desktop/Multiclass/data/train\fish sea_food hourse_mackerel\VPDD5KL4OCP5.jpg,fish sea_food hourse_mackerel,256,256,JPEG
C:/Users/conta/OneDrive/Desktop/Multiclass/data/train\fish sea_food hourse_mackerel\VQOCF3OFLQF6.jpg,fish sea_food hourse_mackerel,256,256,JPEG
C:/Users/conta/OneDrive/Desktop/Multiclass/data/train\fish sea_food hourse_mackerel\VQXWLP4BOSEG.jpg,fish sea_food hourse_mackerel,256,256,JPEG
C:/Users/conta/OneDrive/Desktop/Multiclass/data/train\fish sea_food hourse_mackerel\VRBIQPG32BK9.jpg,fish sea_food hourse_mackerel,256,256,JPEG
C:/Users/conta/OneDrive/Desktop/Multiclass/data/train\fish sea_food hourse_mackerel\VURL3UGYZ1HI.jpg,fish sea_food hourse_mackerel,256,256,JPEG
C:/Users/conta/OneDrive/Desktop/Multiclass/data/train\fish sea_food hourse_mackerel\VUW2PLIB66X9.jpg,fish sea_food hourse_mackerel,256,256,JPEG
C:/Users/conta/OneDrive/Desktop/Multiclass/data/train\fish sea_food hourse_mackerel\VWK0QX4RT9T1.jpg,fish sea_food hourse_mackerel,256,256,JPEG
C:/Users/conta/OneDrive/Desktop/Multiclass/data/train\fish sea_food hourse_mackerel\VWPNY9DT0RFH.jpg,fish sea_food hourse_mackerel,256,256,JPEG
C:/Users/conta/OneDrive/Desktop/Multiclass/data/train\fish sea_food hourse_mackerel\VZWJYGBTI384.jpg,fish sea_food hourse_mackerel,256,256,JPEG
C:/Users/conta/OneDrive/Desktop/Multiclass/data/train\fish sea_food hourse_mackerel\W0I6AMW0XMCB.jpg,fish sea_food hourse_mackerel,256,256,JPEG
C:/Users/conta/OneDrive/Desktop/Multiclass/data/train\fish sea_food hourse_mackerel\W2KA0S5L13S3.jpg,fish sea_food hourse_mackerel,256,256,JPEG
C:/Users/conta/OneDrive/Desktop/Multiclass/data/train\fish sea_food hourse_mackerel\W5D969TAT22D.jpg,fish sea_food hourse_mackerel,256,256,JPEG
C:/Users/conta/OneDrive/Desktop/Multiclass/data/train\fish sea_food hourse_mackerel\W5DI6KP5SFLA.jpg,fish sea_food hourse_mackerel,256,256,JPEG
C:/Users/conta/OneDrive/Desktop/Multiclass/data/train\fish sea_food hourse_mackerel\W7F7ECNMJLCA.jpg,fish sea_food hourse_mackerel,256,256,JPEG
C:/Users/conta/OneDrive/Desktop/Multiclass/data/train\fish sea_food hourse_mackerel\W91ZT77IBO8Z.jpg,fish sea_food hourse_mackerel,256,256,JPEG
C:/Users/conta/OneDrive/Desktop/Multiclass/data/train\fish sea_food hourse_mackerel\W9VMCSAN5KOE.jpg,fish sea_food hourse_mackerel,256,256,JPEG
C:/Users/conta/OneDrive/Desktop/Multiclass/data/train\fish sea_food hourse_mackerel\WBFW0HGTOAKU.jpg,fish sea_food hourse_mackerel,256,256,JPEG
C:/Users/conta/OneDrive/Desktop/Multiclass/data/train\fish sea_food hourse_mackerel\WHSVJVLB5FFL.jpg,fish sea_food hourse_mackerel,256,256,JPEG
C:/Users/conta/OneDrive/Desktop/Multiclass/data/train\fish sea_food hourse_mackerel\WIO0FCDDYLCM.jpg,fish sea_food hourse_mackerel,256,256,JPEG
C:/Users/conta/OneDrive/Desktop/Multiclass/data/train\fish sea_food hourse_mackerel\WS26TOUUUH79.jpg,fish sea_food hourse_mackerel,256,256,JPEG
C:/Users/conta/OneDrive/Desktop/Multiclass/data/train\fish sea_food hourse_mackerel\WTWRYCZJM6VW.jpg,fish sea_food hourse_mackerel,256,256,JPEG
C:/Users/conta/OneDrive/Desktop/Multiclass/data/train\fish sea_food hourse_mackerel\WUVG2IAT12ZD.jpg,fish sea_food hourse_mackerel,256,256,JPEG
C:/Users/conta/OneDrive/Desktop/Multiclass/data/train\fish sea_food hourse_mackerel\X0AE98HXOHZZ.jpg,fish sea_food hourse_mackerel,256,256,JPEG
C:/Users/conta/OneDrive/Desktop/Multiclass/data/train\fish sea_food hourse_mackerel\X0YSZ2JG0T8M.jpg,fish sea_food hourse_mackerel,256,256,JPEG
C:/Users/conta/OneDrive/Desktop/Multiclass/data/train\fish sea_food hourse_mackerel\X2P37OBRSTKV.jpg,fish sea_food hourse_mackerel,256,256,JPEG
C:/Users/conta/OneDrive/Desktop/Multiclass/data/train\fish sea_food hourse_mackerel\X61WU0Z6WH66.jpg,fish sea_food hourse_mackerel,256,256,JPEG
C:/Users/conta/OneDrive/Desktop/Multiclass/data/train\fish sea_food hourse_mackerel\X7PA86QUUNEX.jpg,fish sea_food hourse_mackerel,256,256,JPEG
C:/Users/conta/OneDrive/Desktop/Multiclass/data/train\fish sea_food hourse_mackerel\X7QWC9UL3E2O.jpg,fish sea_food hourse_mackerel,256,256,JPEG
C:/Users/conta/OneDrive/Desktop/Multiclass/data/train\fish sea_food hourse_mackerel\X7X7IY0337FM.jpg,fish sea_food hourse_mackerel,256,256,JPEG
C:/Users/conta/OneDrive/Desktop/Multiclass/data/train\fish sea_food hourse_mackerel\X8SFWCPL8PF7.jpg,fish sea_food hourse_mackerel,256,256,JPEG
C:/Users/conta/OneDrive/Desktop/Multiclass/data/train\fish sea_food hourse_mackerel\XBPMGQ2VUY54.jpg,fish sea_food hourse_mackerel,256,256,JPEG
C:/Users/conta/OneDrive/Desktop/Multiclass/data/train\fish sea_food hourse_mackerel\XCBGW9MJFIQ3.jpg,fish sea_food hourse_mackerel,256,256,JPEG
C:/Users/conta/OneDrive/Desktop/Multiclass/data/train\fish sea_food hourse_mackerel\XDMA4P03CAQR.jpg,fish sea_food hourse_mackerel,256,256,JPEG
C:/Users/conta/OneDrive/Desktop/Multiclass/data/train\fish sea_food hourse_mackerel\XEGAGGSLHDTL.jpg,fish sea_food hourse_mackerel,256,256,JPEG
C:/Users/conta/OneDrive/Desktop/Multiclass/data/train\fish sea_food hourse_mackerel\XMQFAXXAS3W1.jpg,fish sea_food hourse_mackerel,256,256,JPEG
C:/Users/conta/OneDrive/Desktop/Multiclass/data/train\fish sea_food hourse_mackerel\XO5ZGJLLWGUR.jpg,fish sea_food hourse_mackerel,256,256,JPEG
C:/Users/conta/OneDrive/Desktop/Multiclass/data/train\fish sea_food hourse_mackerel\XPRNREU60DEL.jpg,fish sea_food hourse_mackerel,256,256,JPEG
C:/Users/conta/OneDrive/Desktop/Multiclass/data/train\fish sea_food hourse_mackerel\Y3VJ4L713BL6.jpg,fish sea_food hourse_mackerel,256,256,JPEG
C:/Users/conta/OneDrive/Desktop/Multiclass/data/train\fish sea_food hourse_mackerel\Y5JTHESDZ4Q9.jpg,fish sea_food hourse_mackerel,256,256,JPEG
C:/Users/conta/OneDrive/Desktop/Multiclass/data/train\fish sea_food hourse_mackerel\Y70NLZSMLEHV.jpg,fish sea_food hourse_mackerel,256,256,JPEG
C:/Users/conta/OneDrive/Desktop/Multiclass/data/train\fish sea_food hourse_mackerel\Y8JHHM4IM2OT.jpg,fish sea_food hourse_mackerel,256,256,JPEG
C:/Users/conta/OneDrive/Desktop/Multiclass/data/train\fish sea_food hourse_mackerel\Y8PM46Y3S0ZJ.jpg,fish sea_food hourse_mackerel,256,256,JPEG
C:/Users/conta/OneDrive/Desktop/Multiclass/data/train\fish sea_food hourse_mackerel\Y9838SOKO9VD.jpg,fish sea_food hourse_mackerel,256,256,JPEG
C:/Users/conta/OneDrive/Desktop/Multiclass/data/train\fish sea_food hourse_mackerel\YD084DQ4IBAJ.jpg,fish sea_food hourse_mackerel,256,256,JPEG
C:/Users/conta/OneDrive/Desktop/Multiclass/data/train\fish sea_food hourse_mackerel\YF8L4B012G8O.jpg,fish sea_food hourse_mackerel,256,256,JPEG
C:/Users/conta/OneDrive/Desktop/Multiclass/data/train\fish sea_food hourse_mackerel\YFQVE95LTUE4.jpg,fish sea_food hourse_mackerel,256,256,JPEG
C:/Users/conta/OneDrive/Desktop/Multiclass/data/train\fish sea_food hourse_mackerel\YHC6B4MWQZRQ.jpg,fish sea_food hourse_mackerel,256,256,JPEG
C:/Users/conta/OneDrive/Desktop/Multiclass/data/train\fish sea_food hourse_mackerel\YILHRQ3RA5QK.jpg,fish sea_food hourse_mackerel,256,256,JPEG
C:/Users/conta/OneDrive/Desktop/Multiclass/data/train\fish sea_food hourse_mackerel\YIXY9MA2FUO1.jpg,fish sea_food hourse_mackerel,256,256,JPEG
C:/Users/conta/OneDrive/Desktop/Multiclass/data/train\fish sea_food hourse_mackerel\YNNBHXEPOR3I.jpg,fish sea_food hourse_mackerel,256,256,JPEG
C:/Users/conta/OneDrive/Desktop/Multiclass/data/train\fish sea_food hourse_mackerel\YS0VALG2FNLP.jpg,fish sea_food hourse_mackerel,256,256,JPEG
C:/Users/conta/OneDrive/Desktop/Multiclass/data/train\fish sea_food hourse_mackerel\YS7F7R6EXMWQ.jpg,fish sea_food hourse_mackerel,256,256,JPEG
C:/Users/conta/OneDrive/Desktop/Multiclass/data/train\fish sea_food hourse_mackerel\YW80QQMZW876.jpg,fish sea_food hourse_mackerel,256,256,JPEG
C:/Users/conta/OneDrive/Desktop/Multiclass/data/train\fish sea_food hourse_mackerel\YYWZ4SHM4AUG.jpg,fish sea_food hourse_mackerel,256,256,JPEG
C:/Users/conta/OneDrive/Desktop/Multiclass/data/train\fish sea_food hourse_mackerel\YZKS62SO2VC7.jpg,fish sea_food hourse_mackerel,256,256,JPEG
C:/Users/conta/OneDrive/Desktop/Multiclass/data/train\fish sea_food hourse_mackerel\YZTL9JD3PC6E.jpg,fish sea_food hourse_mackerel,256,256,JPEG
C:/Users/conta/OneDrive/Desktop/Multiclass/data/train\fish sea_food hourse_mackerel\Z3DY88O5TFI9.jpg,fish sea_food hourse_mackerel,256,256,JPEG
C:/Users/conta/OneDrive/Desktop/Multiclass/data/train\fish sea_food hourse_mackerel\Z4YIM5I1L757.jpg,fish sea_food hourse_mackerel,256,256,JPEG
C:/Users/conta/OneDrive/Desktop/Multiclass/data/train\fish sea_food hourse_mackerel\Z5YEOW61MXTE.jpg,fish sea_food hourse_mackerel,256,256,JPEG
C:/Users/conta/OneDrive/Desktop/Multiclass/data/train\fish sea_food hourse_mackerel\Z6DW6LCGH75D.jpg,fish sea_food hourse_mackerel,256,256,JPEG
C:/Users/conta/OneDrive/Desktop/Multiclass/data/train\fish sea_food hourse_mackerel\ZBQ5KUIACGWV.jpg,fish sea_food hourse_mackerel,256,256,JPEG
C:/Users/conta/OneDrive/Desktop/Multiclass/data/train\fish sea_food hourse_mackerel\ZCTTL03PY5JV.jpg,fish sea_food hourse_mackerel,256,256,JPEG
C:/Users/conta/OneDrive/Desktop/Multiclass/data/train\fish sea_food hourse_mackerel\ZDWJB5VGRDW3.jpg,fish sea_food hourse_mackerel,256,256,JPEG
C:/Users/conta/OneDrive/Desktop/Multiclass/data/train\fish sea_food hourse_mackerel\ZF1PBM99T5L7.jpg,fish sea_food hourse_mackerel,256,256,JPEG
C:/Users/conta/OneDrive/Desktop/Multiclass/data/train\fish sea_food hourse_mackerel\ZH805UDC2LKC.jpg,fish sea_food hourse_mackerel,256,256,JPEG
C:/Users/conta/OneDrive/Desktop/Multiclass/data/train\fish sea_food hourse_mackerel\ZJ0TSIXZFZQU.jpg,fish sea_food hourse_mackerel,256,256,JPEG
C:/Users/conta/OneDrive/Desktop/Multiclass/data/train\fish sea_food hourse_mackerel\ZN0VQ0AFVXCS.jpg,fish sea_food hourse_mackerel,256,256,JPEG
C:/Users/conta/OneDrive/Desktop/Multiclass/data/train\fish sea_food hourse_mackerel\ZN1HVW4LV3WD.jpg,fish sea_food hourse_mackerel,256,256,JPEG
C:/Users/conta/OneDrive/Desktop/Multiclass/data/train\fish sea_food hourse_mackerel\ZO5JNN5PXS82.jpg,fish sea_food hourse_mackerel,256,256,JPEG
C:/Users/conta/OneDrive/Desktop/Multiclass/data/train\fish sea_food hourse_mackerel\ZOTFT2WSMC0S.jpg,fish sea_food hourse_mackerel,256,256,JPEG
C:/Users/conta/OneDrive/Desktop/Multiclass/data/train\fish sea_food hourse_mackerel\ZPCHUTHOWL3I.jpg,fish sea_food hourse_mackerel,256,256,JPEG
C:/Users/conta/OneDrive/Desktop/Multiclass/data/train\fish sea_food hourse_mackerel\ZSMA2I94GKVS.jpg,fish sea_food hourse_mackerel,256,256,JPEG
C:/Users/conta/OneDrive/Desktop/Multiclass/data/train\fish sea_food hourse_mackerel\ZT4OPOHPE3T8.jpg,fish sea_food hourse_mackerel,256,256,JPEG
C:/Users/conta/OneDrive/Desktop/Multiclass/data/train\fish sea_food hourse_mackerel\ZXFV4B7QR77R.jpg,fish sea_food hourse_mackerel,256,256,JPEG
C:/Users/conta/OneDrive/Desktop/Multiclass/data/train\fish sea_food hourse_mackerel\ZXGCLGDAZZ2U.jpg,fish sea_food hourse_mackerel,256,256,JPEG
C:/Users/conta/OneDrive/Desktop/Multiclass/data/train\fish sea_food red_mullet\00U7JSCJJKZ9.jpg,fish sea_food red_mullet,256,256,JPEG
C:/Users/conta/OneDrive/Desktop/Multiclass/data/train\fish sea_food red_mullet\01PC8TEM1CJL.jpg,fish sea_food red_mullet,256,256,JPEG
C:/Users/conta/OneDrive/Desktop/Multiclass/data/train\fish sea_food red_mullet\05WENVZARZOR.jpg,fish sea_food red_mullet,256,256,JPEG
C:/Users/conta/OneDrive/Desktop/Multiclass/data/train\fish sea_food red_mullet\080NQ773H42A.jpg,fish sea_food red_mullet,256,256,JPEG
C:/Users/conta/OneDrive/Desktop/Multiclass/data/train\fish sea_food red_mullet\09HAI3H2GY4J.jpg,fish sea_food red_mullet,256,256,JPEG
C:/Users/conta/OneDrive/Desktop/Multiclass/data/train\fish sea_food red_mullet\0CG1LBNUOE13.jpg,fish sea_food red_mullet,256,256,JPEG
C:/Users/conta/OneDrive/Desktop/Multiclass/data/train\fish sea_food red_mullet\0D6GTY6Y3V2K.jpg,fish sea_food red_mullet,256,256,JPEG
C:/Users/conta/OneDrive/Desktop/Multiclass/data/train\fish sea_food red_mullet\0DV0Z0IN2HHL.jpg,fish sea_food red_mullet,256,256,JPEG
C:/Users/conta/OneDrive/Desktop/Multiclass/data/train\fish sea_food red_mullet\0NDM6XATMVUO.jpg,fish sea_food red_mullet,256,256,JPEG
C:/Users/conta/OneDrive/Desktop/Multiclass/data/train\fish sea_food red_mullet\0UK8NUQVPZYG.jpg,fish sea_food red_mullet,256,256,JPEG
C:/Users/conta/OneDrive/Desktop/Multiclass/data/train\fish sea_food red_mullet\0XPE9WLPGLRZ.jpg,fish sea_food red_mullet,256,256,JPEG
C:/Users/conta/OneDrive/Desktop/Multiclass/data/train\fish sea_food red_mullet\0YG2VVKJTHZ6.jpg,fish sea_food red_mullet,256,256,JPEG
C:/Users/conta/OneDrive/Desktop/Multiclass/data/train\fish sea_food red_mullet\1389V6RMIT7J.jpg,fish sea_food red_mullet,256,256,JPEG
C:/Users/conta/OneDrive/Desktop/Multiclass/data/train\fish sea_food red_mullet\15GUMHBQW7BN.jpg,fish sea_food red_mullet,256,256,JPEG
C:/Users/conta/OneDrive/Desktop/Multiclass/data/train\fish sea_food red_mullet\17U0JQ9YUT0L.jpg,fish sea_food red_mullet,256,256,JPEG
C:/Users/conta/OneDrive/Desktop/Multiclass/data/train\fish sea_food red_mullet\182O4KWER4ON.jpg,fish sea_food red_mullet,256,256,JPEG
C:/Users/conta/OneDrive/Desktop/Multiclass/data/train\fish sea_food red_mullet\1835BLMBG9D3.jpg,fish sea_food red_mullet,256,256,JPEG
C:/Users/conta/OneDrive/Desktop/Multiclass/data/train\fish sea_food red_mullet\18OGHEY0N3EP.jpg,fish sea_food red_mullet,256,256,JPEG
C:/Users/conta/OneDrive/Desktop/Multiclass/data/train\fish sea_food red_mullet\1ALTRJBBNTTS.jpg,fish sea_food red_mullet,256,256,JPEG
C:/Users/conta/OneDrive/Desktop/Multiclass/data/train\fish sea_food red_mullet\1DPLN97NN0YQ.jpg,fish sea_food red_mullet,256,256,JPEG
C:/Users/conta/OneDrive/Desktop/Multiclass/data/train\fish sea_food red_mullet\1HXNOZNJI8J8.jpg,fish sea_food red_mullet,256,256,JPEG
C:/Users/conta/OneDrive/Desktop/Multiclass/data/train\fish sea_food red_mullet\1KZ85KY4F3FW.jpg,fish sea_food red_mullet,256,256,JPEG
C:/Users/conta/OneDrive/Desktop/Multiclass/data/train\fish sea_food red_mullet\1LFG80EHJH19.jpg,fish sea_food red_mullet,256,256,JPEG
C:/Users/conta/OneDrive/Desktop/Multiclass/data/train\fish sea_food red_mullet\1LSPAD24KXLH.jpg,fish sea_food red_mullet,256,256,JPEG
C:/Users/conta/OneDrive/Desktop/Multiclass/data/train\fish sea_food red_mullet\1LY1KI20BXTJ.jpg,fish sea_food red_mullet,256,256,JPEG
C:/Users/conta/OneDrive/Desktop/Multiclass/data/train\fish sea_food red_mullet\1P2U7XSPWQL4.jpg,fish sea_food red_mullet,256,256,JPEG
C:/Users/conta/OneDrive/Desktop/Multiclass/data/train\fish sea_food red_mullet\1TWSQH1CWTSB.jpg,fish sea_food red_mullet,256,256,JPEG
C:/Users/conta/OneDrive/Desktop/Multiclass/data/train\fish sea_food red_mullet\1TYGM1S5Z9O3.jpg,fish sea_food red_mullet,256,256,JPEG
C:/Users/conta/OneDrive/Desktop/Multiclass/data/train\fish sea_food red_mullet\1UH0CG1NYU4M.jpg,fish sea_food red_mullet,256,256,JPEG
C:/Users/conta/OneDrive/Desktop/Multiclass/data/train\fish sea_food red_mullet\1WTR92609Z69.jpg,fish sea_food red_mullet,256,256,JPEG
C:/Users/conta/OneDrive/Desktop/Multiclass/data/train\fish sea_food red_mullet\1WVTK992MPA4.jpg,fish sea_food red_mullet,256,256,JPEG
C:/Users/conta/OneDrive/Desktop/Multiclass/data/train\fish sea_food red_mullet\1WW85RP7X0R8.jpg,fish sea_food red_mullet,256,256,JPEG
C:/Users/conta/OneDrive/Desktop/Multiclass/data/train\fish sea_food red_mullet\1WXTDK1XP8XY.jpg,fish sea_food red_mullet,256,256,JPEG
C:/Users/conta/OneDrive/Desktop/Multiclass/data/train\fish sea_food red_mullet\1ZV2LG7P97TJ.jpg,fish sea_food red_mullet,256,256,JPEG
C:/Users/conta/OneDrive/Desktop/Multiclass/data/train\fish sea_food red_mullet\222GX9E26ROY.jpg,fish sea_food red_mullet,256,256,JPEG
C:/Users/conta/OneDrive/Desktop/Multiclass/data/train\fish sea_food red_mullet\25YLBPB2UHP3.jpg,fish sea_food red_mullet,256,256,JPEG
C:/Users/conta/OneDrive/Desktop/Multiclass/data/train\fish sea_food red_mullet\26HIPQ5ZHXE8.jpg,fish sea_food red_mullet,256,256,JPEG
C:/Users/conta/OneDrive/Desktop/Multiclass/data/train\fish sea_food red_mullet\28C3VJAYYO6K.jpg,fish sea_food red_mullet,256,256,JPEG
C:/Users/conta/OneDrive/Desktop/Multiclass/data/train\fish sea_food red_mullet\29O9ZK23GZ7I.jpg,fish sea_food red_mullet,256,256,JPEG
C:/Users/conta/OneDrive/Desktop/Multiclass/data/train\fish sea_food red_mullet\2ASNR7S14USP.jpg,fish sea_food red_mullet,256,256,JPEG
C:/Users/conta/OneDrive/Desktop/Multiclass/data/train\fish sea_food red_mullet\2BG0N6IH52IM.jpg,fish sea_food red_mullet,256,256,JPEG
C:/Users/conta/OneDrive/Desktop/Multiclass/data/train\fish sea_food red_mullet\2BZ8ZQVNE4DA.jpg,fish sea_food red_mullet,256,256,JPEG
C:/Users/conta/OneDrive/Desktop/Multiclass/data/train\fish sea_food red_mullet\2CATGGV32H6G.jpg,fish sea_food red_mullet,256,256,JPEG
C:/Users/conta/OneDrive/Desktop/Multiclass/data/train\fish sea_food red_mullet\2G3ZVMB450QO.jpg,fish sea_food red_mullet,256,256,JPEG
C:/Users/conta/OneDrive/Desktop/Multiclass/data/train\fish sea_food red_mullet\2J7MI0QN0AYB.jpg,fish sea_food red_mullet,256,256,JPEG
C:/Users/conta/OneDrive/Desktop/Multiclass/data/train\fish sea_food red_mullet\2JFJ3Z8RZLM3.jpg,fish sea_food red_mullet,256,256,JPEG
C:/Users/conta/OneDrive/Desktop/Multiclass/data/train\fish sea_food red_mullet\2OGRUY3BSQWF.jpg,fish sea_food red_mullet,256,256,JPEG
C:/Users/conta/OneDrive/Desktop/Multiclass/data/train\fish sea_food red_mullet\2OO55UFN254B.jpg,fish sea_food red_mullet,256,256,JPEG
C:/Users/conta/OneDrive/Desktop/Multiclass/data/train\fish sea_food red_mullet\2P596HLRGC0D.jpg,fish sea_food red_mullet,256,256,JPEG
C:/Users/conta/OneDrive/Desktop/Multiclass/data/train\fish sea_food red_mullet\2S7ZM819LZDO.jpg,fish sea_food red_mullet,256,256,JPEG
C:/Users/conta/OneDrive/Desktop/Multiclass/data/train\fish sea_food red_mullet\2T5KK4ZQALRO.jpg,fish sea_food red_mullet,256,256,JPEG
C:/Users/conta/OneDrive/Desktop/Multiclass/data/train\fish sea_food red_mullet\2UBV3ITTU9UJ.jpg,fish sea_food red_mullet,256,256,JPEG
C:/Users/conta/OneDrive/Desktop/Multiclass/data/train\fish sea_food red_mullet\2VGZCSEV8H3S.jpg,fish sea_food red_mullet,256,256,JPEG
C:/Users/conta/OneDrive/Desktop/Multiclass/data/train\fish sea_food red_mullet\2XYI9EZMAA89.jpg,fish sea_food red_mullet,256,256,JPEG
C:/Users/conta/OneDrive/Desktop/Multiclass/data/train\fish sea_food red_mullet\30720JBB84OX.jpg,fish sea_food red_mullet,256,256,JPEG
C:/Users/conta/OneDrive/Desktop/Multiclass/data/train\fish sea_food red_mullet\32OMXIRKR6WR.jpg,fish sea_food red_mullet,256,256,JPEG
C:/Users/conta/OneDrive/Desktop/Multiclass/data/train\fish sea_food red_mullet\33C9H7L18YIC.jpg,fish sea_food red_mullet,256,256,JPEG
C:/Users/conta/OneDrive/Desktop/Multiclass/data/train\fish sea_food red_mullet\33KOSJ2YPOQW.jpg,fish sea_food red_mullet,256,256,JPEG
C:/Users/conta/OneDrive/Desktop/Multiclass/data/train\fish sea_food red_mullet\37F97MB6OZM1.jpg,fish sea_food red_mullet,256,256,JPEG
C:/Users/conta/OneDrive/Desktop/Multiclass/data/train\fish sea_food red_mullet\39DDIOT52F2E.jpg,fish sea_food red_mullet,256,256,JPEG
C:/Users/conta/OneDrive/Desktop/Multiclass/data/train\fish sea_food red_mullet\3A1412YC91MO.jpg,fish sea_food red_mullet,256,256,JPEG
C:/Users/conta/OneDrive/Desktop/Multiclass/data/train\fish sea_food red_mullet\3A88NMDSHSFF.jpg,fish sea_food red_mullet,256,256,JPEG
C:/Users/conta/OneDrive/Desktop/Multiclass/data/train\fish sea_food red_mullet\3ALJ9T5ASKD7.jpg,fish sea_food red_mullet,256,256,JPEG
C:/Users/conta/OneDrive/Desktop/Multiclass/data/train\fish sea_food red_mullet\3AMG25KZEQG1.jpg,fish sea_food red_mullet,256,256,JPEG
C:/Users/conta/OneDrive/Desktop/Multiclass/data/train\fish sea_food red_mullet\3AXW729D4SF5.jpg,fish sea_food red_mullet,256,256,JPEG
C:/Users/conta/OneDrive/Desktop/Multiclass/data/train\fish sea_food red_mullet\3KKO35CYSQVB.jpg,fish sea_food red_mullet,256,256,JPEG
C:/Users/conta/OneDrive/Desktop/Multiclass/data/train\fish sea_food red_mullet\3N4CUUJZXJYM.jpg,fish sea_food red_mullet,256,256,JPEG
C:/Users/conta/OneDrive/Desktop/Multiclass/data/train\fish sea_food red_mullet\3NSOOE4IZQEJ.jpg,fish sea_food red_mullet,256,256,JPEG
C:/Users/conta/OneDrive/Desktop/Multiclass/data/train\fish sea_food red_mullet\3Q0BCW4HIKNE.jpg,fish sea_food red_mullet,256,256,JPEG
C:/Users/conta/OneDrive/Desktop/Multiclass/data/train\fish sea_food red_mullet\3QITGMCVG9OB.jpg,fish sea_food red_mullet,256,256,JPEG
C:/Users/conta/OneDrive/Desktop/Multiclass/data/train\fish sea_food red_mullet\3REDOY5ZVJ0U.jpg,fish sea_food red_mullet,256,256,JPEG
C:/Users/conta/OneDrive/Desktop/Multiclass/data/train\fish sea_food red_mullet\3SHEVM4V1WUZ.jpg,fish sea_food red_mullet,256,256,JPEG
C:/Users/conta/OneDrive/Desktop/Multiclass/data/train\fish sea_food red_mullet\3TM7NQJT6DN0.jpg,fish sea_food red_mullet,256,256,JPEG
C:/Users/conta/OneDrive/Desktop/Multiclass/data/train\fish sea_food red_mullet\3UVWQJ0S6FF7.jpg,fish sea_food red_mullet,256,256,JPEG
C:/Users/conta/OneDrive/Desktop/Multiclass/data/train\fish sea_food red_mullet\3UX4VQPJGWGQ.jpg,fish sea_food red_mullet,256,256,JPEG
C:/Users/conta/OneDrive/Desktop/Multiclass/data/train\fish sea_food red_mullet\46K6H011WQI8.jpg,fish sea_food red_mullet,256,256,JPEG
C:/Users/conta/OneDrive/Desktop/Multiclass/data/train\fish sea_food red_mullet\4ERW6YQGWPUB.jpg,fish sea_food red_mullet,256,256,JPEG
C:/Users/conta/OneDrive/Desktop/Multiclass/data/train\fish sea_food red_mullet\4H5R7RFH612T.jpg,fish sea_food red_mullet,256,256,JPEG
C:/Users/conta/OneDrive/Desktop/Multiclass/data/train\fish sea_food red_mullet\4KRDFG5DFPGA.jpg,fish sea_food red_mullet,256,256,JPEG
C:/Users/conta/OneDrive/Desktop/Multiclass/data/train\fish sea_food red_mullet\4L0EAO2AWVAG.jpg,fish sea_food red_mullet,256,256,JPEG
C:/Users/conta/OneDrive/Desktop/Multiclass/data/train\fish sea_food red_mullet\4LAHT6M6T64E.jpg,fish sea_food red_mullet,256,256,JPEG
C:/Users/conta/OneDrive/Desktop/Multiclass/data/train\fish sea_food red_mullet\4OC0FSOOI4PZ.jpg,fish sea_food red_mullet,256,256,JPEG
C:/Users/conta/OneDrive/Desktop/Multiclass/data/train\fish sea_food red_mullet\4X0AA2A1D947.jpg,fish sea_food red_mullet,256,256,JPEG
C:/Users/conta/OneDrive/Desktop/Multiclass/data/train\fish sea_food red_mullet\4XAKWV6HNBZB.jpg,fish sea_food red_mullet,256,256,JPEG
C:/Users/conta/OneDrive/Desktop/Multiclass/data/train\fish sea_food red_mullet\4XYGMALZXQLC.jpg,fish sea_food red_mullet,256,256,JPEG
C:/Users/conta/OneDrive/Desktop/Multiclass/data/train\fish sea_food red_mullet\50RU7WDBFONE.jpg,fish sea_food red_mullet,256,256,JPEG
C:/Users/conta/OneDrive/Desktop/Multiclass/data/train\fish sea_food red_mullet\51QW7Z14JFEH.jpg,fish sea_food red_mullet,256,256,JPEG
C:/Users/conta/OneDrive/Desktop/Multiclass/data/train\fish sea_food red_mullet\53NUO7DD8UG0.jpg,fish sea_food red_mullet,256,256,JPEG
C:/Users/conta/OneDrive/Desktop/Multiclass/data/train\fish sea_food red_mullet\54NTBG3DE96N.jpg,fish sea_food red_mullet,256,256,JPEG
C:/Users/conta/OneDrive/Desktop/Multiclass/data/train\fish sea_food red_mullet\561QXZD3DHZO.jpg,fish sea_food red_mullet,256,256,JPEG
C:/Users/conta/OneDrive/Desktop/Multiclass/data/train\fish sea_food red_mullet\56IS95CIFOO3.jpg,fish sea_food red_mullet,256,256,JPEG
C:/Users/conta/OneDrive/Desktop/Multiclass/data/train\fish sea_food red_mullet\5960NQ20GNYE.jpg,fish sea_food red_mullet,256,256,JPEG
C:/Users/conta/OneDrive/Desktop/Multiclass/data/train\fish sea_food red_mullet\5A09Q7MY0SB9.jpg,fish sea_food red_mullet,256,256,JPEG
C:/Users/conta/OneDrive/Desktop/Multiclass/data/train\fish sea_food red_mullet\5BV9TNJNSRYR.jpg,fish sea_food red_mullet,256,256,JPEG
C:/Users/conta/OneDrive/Desktop/Multiclass/data/train\fish sea_food red_mullet\5BVYO6GSZQFS.jpg,fish sea_food red_mullet,256,256,JPEG
C:/Users/conta/OneDrive/Desktop/Multiclass/data/train\fish sea_food red_mullet\5CP0HBANP5T9.jpg,fish sea_food red_mullet,256,256,JPEG
C:/Users/conta/OneDrive/Desktop/Multiclass/data/train\fish sea_food red_mullet\5DKQFQGYPCC1.jpg,fish sea_food red_mullet,256,256,JPEG
C:/Users/conta/OneDrive/Desktop/Multiclass/data/train\fish sea_food red_mullet\5E4QFUFEM19W.jpg,fish sea_food red_mullet,256,256,JPEG
C:/Users/conta/OneDrive/Desktop/Multiclass/data/train\fish sea_food red_mullet\5EV59URUGNPB.jpg,fish sea_food red_mullet,256,256,JPEG
C:/Users/conta/OneDrive/Desktop/Multiclass/data/train\fish sea_food red_mullet\5OJSW6ELZRT3.jpg,fish sea_food red_mullet,256,256,JPEG
C:/Users/conta/OneDrive/Desktop/Multiclass/data/train\fish sea_food red_mullet\5SGGHLH4OYAS.jpg,fish sea_food red_mullet,256,256,JPEG
C:/Users/conta/OneDrive/Desktop/Multiclass/data/train\fish sea_food red_mullet\5SL81OOX988U.jpg,fish sea_food red_mullet,256,256,JPEG
C:/Users/conta/OneDrive/Desktop/Multiclass/data/train\fish sea_food red_mullet\5SYAFYKXBAXK.jpg,fish sea_food red_mullet,256,256,JPEG
C:/Users/conta/OneDrive/Desktop/Multiclass/data/train\fish sea_food red_mullet\5T5LIFIJDTT9.jpg,fish sea_food red_mullet,256,256,JPEG
C:/Users/conta/OneDrive/Desktop/Multiclass/data/train\fish sea_food red_mullet\5T7SKLTOOAU0.jpg,fish sea_food red_mullet,256,256,JPEG
C:/Users/conta/OneDrive/Desktop/Multiclass/data/train\fish sea_food red_mullet\5TD9Z235EYPJ.jpg,fish sea_food red_mullet,256,256,JPEG
C:/Users/conta/OneDrive/Desktop/Multiclass/data/train\fish sea_food red_mullet\5TOL77J8H0GJ.jpg,fish sea_food red_mullet,256,256,JPEG
C:/Users/conta/OneDrive/Desktop/Multiclass/data/train\fish sea_food red_mullet\5U13H1Y5T33Q.jpg,fish sea_food red_mullet,256,256,JPEG
C:/Users/conta/OneDrive/Desktop/Multiclass/data/train\fish sea_food red_mullet\5UP7WW4HK3TB.jpg,fish sea_food red_mullet,256,256,JPEG
C:/Users/conta/OneDrive/Desktop/Multiclass/data/train\fish sea_food red_mullet\5W9L4WPH7E1Y.jpg,fish sea_food red_mullet,256,256,JPEG
C:/Users/conta/OneDrive/Desktop/Multiclass/data/train\fish sea_food red_mullet\5WFBNL8MNRFI.jpg,fish sea_food red_mullet,256,256,JPEG
C:/Users/conta/OneDrive/Desktop/Multiclass/data/train\fish sea_food red_mullet\5XCDTJD3E9PZ.jpg,fish sea_food red_mullet,256,256,JPEG
C:/Users/conta/OneDrive/Desktop/Multiclass/data/train\fish sea_food red_mullet\5XT175GCGS3D.jpg,fish sea_food red_mullet,256,256,JPEG
C:/Users/conta/OneDrive/Desktop/Multiclass/data/train\fish sea_food red_mullet\5XXE12A1EV52.jpg,fish sea_food red_mullet,256,256,JPEG
C:/Users/conta/OneDrive/Desktop/Multiclass/data/train\fish sea_food red_mullet\5YOTCDL7S2T4.jpg,fish sea_food red_mullet,256,256,JPEG
C:/Users/conta/OneDrive/Desktop/Multiclass/data/train\fish sea_food red_mullet\61JQX1WQQF2C.jpg,fish sea_food red_mullet,256,256,JPEG
C:/Users/conta/OneDrive/Desktop/Multiclass/data/train\fish sea_food red_mullet\63MH48IOHGHI.jpg,fish sea_food red_mullet,256,256,JPEG
C:/Users/conta/OneDrive/Desktop/Multiclass/data/train\fish sea_food red_mullet\63SH13R81RLE.jpg,fish sea_food red_mullet,256,256,JPEG
C:/Users/conta/OneDrive/Desktop/Multiclass/data/train\fish sea_food red_mullet\65JZQI82GX42.jpg,fish sea_food red_mullet,256,256,JPEG
C:/Users/conta/OneDrive/Desktop/Multiclass/data/train\fish sea_food red_mullet\66Q49P62UUZW.jpg,fish sea_food red_mullet,256,256,JPEG
C:/Users/conta/OneDrive/Desktop/Multiclass/data/train\fish sea_food red_mullet\6B455XMBWXB5.jpg,fish sea_food red_mullet,256,256,JPEG
C:/Users/conta/OneDrive/Desktop/Multiclass/data/train\fish sea_food red_mullet\6DH4B1K2QXOE.jpg,fish sea_food red_mullet,256,256,JPEG
C:/Users/conta/OneDrive/Desktop/Multiclass/data/train\fish sea_food red_mullet\6GPMYKAV18GE.jpg,fish sea_food red_mullet,256,256,JPEG
C:/Users/conta/OneDrive/Desktop/Multiclass/data/train\fish sea_food red_mullet\6HW17NBO1R0T.jpg,fish sea_food red_mullet,256,256,JPEG
C:/Users/conta/OneDrive/Desktop/Multiclass/data/train\fish sea_food red_mullet\6NECMWF9TBWW.jpg,fish sea_food red_mullet,256,256,JPEG
C:/Users/conta/OneDrive/Desktop/Multiclass/data/train\fish sea_food red_mullet\6RK8YNT53XBU.jpg,fish sea_food red_mullet,256,256,JPEG
C:/Users/conta/OneDrive/Desktop/Multiclass/data/train\fish sea_food red_mullet\6S06N6DNZ0FR.jpg,fish sea_food red_mullet,256,256,JPEG
C:/Users/conta/OneDrive/Desktop/Multiclass/data/train\fish sea_food red_mullet\6TNOTI5KYOCA.jpg,fish sea_food red_mullet,256,256,JPEG
C:/Users/conta/OneDrive/Desktop/Multiclass/data/train\fish sea_food red_mullet\6XU80HNASJM6.jpg,fish sea_food red_mullet,256,256,JPEG
C:/Users/conta/OneDrive/Desktop/Multiclass/data/train\fish sea_food red_mullet\6YXEI9YXX6D8.jpg,fish sea_food red_mullet,256,256,JPEG
C:/Users/conta/OneDrive/Desktop/Multiclass/data/train\fish sea_food red_mullet\6ZGND82WUBKE.jpg,fish sea_food red_mullet,256,256,JPEG
C:/Users/conta/OneDrive/Desktop/Multiclass/data/train\fish sea_food red_mullet\6ZMK9V4INEIC.jpg,fish sea_food red_mullet,256,256,JPEG
C:/Users/conta/OneDrive/Desktop/Multiclass/data/train\fish sea_food red_mullet\758DJVWK09X5.jpg,fish sea_food red_mullet,256,256,JPEG
C:/Users/conta/OneDrive/Desktop/Multiclass/data/train\fish sea_food red_mullet\76SQ4V54MZSS.jpg,fish sea_food red_mullet,256,256,JPEG
C:/Users/conta/OneDrive/Desktop/Multiclass/data/train\fish sea_food red_mullet\76ZSX2QE1NOH.jpg,fish sea_food red_mullet,256,256,JPEG
C:/Users/conta/OneDrive/Desktop/Multiclass/data/train\fish sea_food red_mullet\77CEDGGU4E2F.jpg,fish sea_food red_mullet,256,256,JPEG
C:/Users/conta/OneDrive/Desktop/Multiclass/data/train\fish sea_food red_mullet\78Q15XXPP19P.jpg,fish sea_food red_mullet,256,256,JPEG
C:/Users/conta/OneDrive/Desktop/Multiclass/data/train\fish sea_food red_mullet\791EO1HKZ52E.jpg,fish sea_food red_mullet,256,256,JPEG
C:/Users/conta/OneDrive/Desktop/Multiclass/data/train\fish sea_food red_mullet\79B0C5IV6P8S.jpg,fish sea_food red_mullet,256,256,JPEG
C:/Users/conta/OneDrive/Desktop/Multiclass/data/train\fish sea_food red_mullet\7BVA0N32BW5V.jpg,fish sea_food red_mullet,256,256,JPEG
C:/Users/conta/OneDrive/Desktop/Multiclass/data/train\fish sea_food red_mullet\7JLH1TUK2PV8.jpg,fish sea_food red_mullet,256,256,JPEG
C:/Users/conta/OneDrive/Desktop/Multiclass/data/train\fish sea_food red_mullet\7KFKR5VU7W12.jpg,fish sea_food red_mullet,256,256,JPEG
C:/Users/conta/OneDrive/Desktop/Multiclass/data/train\fish sea_food red_mullet\7L3LPK9A8SVG.jpg,fish sea_food red_mullet,256,256,JPEG
C:/Users/conta/OneDrive/Desktop/Multiclass/data/train\fish sea_food red_mullet\7N135TXRMXKA.jpg,fish sea_food red_mullet,256,256,JPEG
C:/Users/conta/OneDrive/Desktop/Multiclass/data/train\fish sea_food red_mullet\7NJT8DNN0MQB.jpg,fish sea_food red_mullet,256,256,JPEG
C:/Users/conta/OneDrive/Desktop/Multiclass/data/train\fish sea_food red_mullet\7QL2GZDDD2EU.jpg,fish sea_food red_mullet,256,256,JPEG
C:/Users/conta/OneDrive/Desktop/Multiclass/data/train\fish sea_food red_mullet\815NXG2K7ZD2.jpg,fish sea_food red_mullet,256,256,JPEG
C:/Users/conta/OneDrive/Desktop/Multiclass/data/train\fish sea_food red_mullet\86ML2UWXFJBS.jpg,fish sea_food red_mullet,256,256,JPEG
C:/Users/conta/OneDrive/Desktop/Multiclass/data/train\fish sea_food red_mullet\8H9FGVY06BDX.jpg,fish sea_food red_mullet,256,256,JPEG
C:/Users/conta/OneDrive/Desktop/Multiclass/data/train\fish sea_food red_mullet\8IN5SQOH3DFK.jpg,fish sea_food red_mullet,256,256,JPEG
C:/Users/conta/OneDrive/Desktop/Multiclass/data/train\fish sea_food red_mullet\8L1EW5DJ6IBJ.jpg,fish sea_food red_mullet,256,256,JPEG
C:/Users/conta/OneDrive/Desktop/Multiclass/data/train\fish sea_food red_mullet\8OR7X6IHVG0F.jpg,fish sea_food red_mullet,256,256,JPEG
C:/Users/conta/OneDrive/Desktop/Multiclass/data/train\fish sea_food red_mullet\8T230VYPXQIK.jpg,fish sea_food red_mullet,256,256,JPEG
C:/Users/conta/OneDrive/Desktop/Multiclass/data/train\fish sea_food red_mullet\8TDFF3X5MEG0.jpg,fish sea_food red_mullet,256,256,JPEG
C:/Users/conta/OneDrive/Desktop/Multiclass/data/train\fish sea_food red_mullet\8W8ESEOJO7HU.jpg,fish sea_food red_mullet,256,256,JPEG
C:/Users/conta/OneDrive/Desktop/Multiclass/data/train\fish sea_food red_mullet\91RC7U0QW23E.jpg,fish sea_food red_mullet,256,256,JPEG
C:/Users/conta/OneDrive/Desktop/Multiclass/data/train\fish sea_food red_mullet\92WHAFTZ36WK.jpg,fish sea_food red_mullet,256,256,JPEG
C:/Users/conta/OneDrive/Desktop/Multiclass/data/train\fish sea_food red_mullet\93OYACIO658T.jpg,fish sea_food red_mullet,256,256,JPEG
C:/Users/conta/OneDrive/Desktop/Multiclass/data/train\fish sea_food red_mullet\93SY2CDVUYMF.jpg,fish sea_food red_mullet,256,256,JPEG
C:/Users/conta/OneDrive/Desktop/Multiclass/data/train\fish sea_food red_mullet\96T5Z1WG1L1D.jpg,fish sea_food red_mullet,256,256,JPEG
C:/Users/conta/OneDrive/Desktop/Multiclass/data/train\fish sea_food red_mullet\96ZNERYF2UW0.jpg,fish sea_food red_mullet,256,256,JPEG
C:/Users/conta/OneDrive/Desktop/Multiclass/data/train\fish sea_food red_mullet\98EO7CS23J0K.jpg,fish sea_food red_mullet,256,256,JPEG
C:/Users/conta/OneDrive/Desktop/Multiclass/data/train\fish sea_food red_mullet\9AH6GBKB5TH6.jpg,fish sea_food red_mullet,256,256,JPEG
C:/Users/conta/OneDrive/Desktop/Multiclass/data/train\fish sea_food red_mullet\9BQIK6EP149W.jpg,fish sea_food red_mullet,256,256,JPEG
C:/Users/conta/OneDrive/Desktop/Multiclass/data/train\fish sea_food red_mullet\9D8PHKFWYC6B.jpg,fish sea_food red_mullet,256,256,JPEG
C:/Users/conta/OneDrive/Desktop/Multiclass/data/train\fish sea_food red_mullet\9D96CUDKVFUC.jpg,fish sea_food red_mullet,256,256,JPEG
C:/Users/conta/OneDrive/Desktop/Multiclass/data/train\fish sea_food red_mullet\9IBJ9FJXTWKO.jpg,fish sea_food red_mullet,256,256,JPEG
C:/Users/conta/OneDrive/Desktop/Multiclass/data/train\fish sea_food red_mullet\9UH6N015WR6D.jpg,fish sea_food red_mullet,256,256,JPEG
C:/Users/conta/OneDrive/Desktop/Multiclass/data/train\fish sea_food red_mullet\9VQ2XYZDRN3L.jpg,fish sea_food red_mullet,256,256,JPEG
C:/Users/conta/OneDrive/Desktop/Multiclass/data/train\fish sea_food red_mullet\9VUXDJI7WB9M.jpg,fish sea_food red_mullet,256,256,JPEG
C:/Users/conta/OneDrive/Desktop/Multiclass/data/train\fish sea_food red_mullet\9XUHE63A0Z6Z.jpg,fish sea_food red_mullet,256,256,JPEG
C:/Users/conta/OneDrive/Desktop/Multiclass/data/train\fish sea_food red_mullet\A3AQWUHQCOHN.jpg,fish sea_food red_mullet,256,256,JPEG
C:/Users/conta/OneDrive/Desktop/Multiclass/data/train\fish sea_food red_mullet\A8WEINWPY0QM.jpg,fish sea_food red_mullet,256,256,JPEG
C:/Users/conta/OneDrive/Desktop/Multiclass/data/train\fish sea_food red_mullet\AAEC3GMK8YQS.jpg,fish sea_food red_mullet,256,256,JPEG
C:/Users/conta/OneDrive/Desktop/Multiclass/data/train\fish sea_food red_mullet\AAIP40RZTIRQ.jpg,fish sea_food red_mullet,256,256,JPEG
C:/Users/conta/OneDrive/Desktop/Multiclass/data/train\fish sea_food red_mullet\AASJI4Q3Z371.jpg,fish sea_food red_mullet,256,256,JPEG
C:/Users/conta/OneDrive/Desktop/Multiclass/data/train\fish sea_food red_mullet\AGT869FWI4KR.jpg,fish sea_food red_mullet,256,256,JPEG
C:/Users/conta/OneDrive/Desktop/Multiclass/data/train\fish sea_food red_mullet\AI3AO9EXQSLI.jpg,fish sea_food red_mullet,256,256,JPEG
C:/Users/conta/OneDrive/Desktop/Multiclass/data/train\fish sea_food red_mullet\AL0EVCIZR9BV.jpg,fish sea_food red_mullet,256,256,JPEG
C:/Users/conta/OneDrive/Desktop/Multiclass/data/train\fish sea_food red_mullet\AMUMXIP3EUD2.jpg,fish sea_food red_mullet,256,256,JPEG
C:/Users/conta/OneDrive/Desktop/Multiclass/data/train\fish sea_food red_mullet\AN1ZR15EM0YF.jpg,fish sea_food red_mullet,256,256,JPEG
C:/Users/conta/OneDrive/Desktop/Multiclass/data/train\fish sea_food red_mullet\ANGPHXS1HT8Z.jpg,fish sea_food red_mullet,256,256,JPEG
C:/Users/conta/OneDrive/Desktop/Multiclass/data/train\fish sea_food red_mullet\APJK3PDR1KXO.jpg,fish sea_food red_mullet,256,256,JPEG
C:/Users/conta/OneDrive/Desktop/Multiclass/data/train\fish sea_food red_mullet\AT0UFB7UXIZJ.jpg,fish sea_food red_mullet,256,256,JPEG
C:/Users/conta/OneDrive/Desktop/Multiclass/data/train\fish sea_food red_mullet\AUJTRABAKZLW.jpg,fish sea_food red_mullet,256,256,JPEG
C:/Users/conta/OneDrive/Desktop/Multiclass/data/train\fish sea_food red_mullet\AYXOR6YKYX2I.jpg,fish sea_food red_mullet,256,256,JPEG
C:/Users/conta/OneDrive/Desktop/Multiclass/data/train\fish sea_food red_mullet\B06XDZ3YS3OD.jpg,fish sea_food red_mullet,256,256,JPEG
C:/Users/conta/OneDrive/Desktop/Multiclass/data/train\fish sea_food red_mullet\B0D9AHZ78HEA.jpg,fish sea_food red_mullet,256,256,JPEG
C:/Users/conta/OneDrive/Desktop/Multiclass/data/train\fish sea_food red_mullet\B1NMPQPBJUHE.jpg,fish sea_food red_mullet,256,256,JPEG
C:/Users/conta/OneDrive/Desktop/Multiclass/data/train\fish sea_food red_mullet\B1ZTYK4S9VKY.jpg,fish sea_food red_mullet,256,256,JPEG
C:/Users/conta/OneDrive/Desktop/Multiclass/data/train\fish sea_food red_mullet\B2AUIO32OJNF.jpg,fish sea_food red_mullet,256,256,JPEG
C:/Users/conta/OneDrive/Desktop/Multiclass/data/train\fish sea_food red_mullet\B5HPC6PGHID0.jpg,fish sea_food red_mullet,256,256,JPEG
C:/Users/conta/OneDrive/Desktop/Multiclass/data/train\fish sea_food red_mullet\B88XTIKGTJCQ.jpg,fish sea_food red_mullet,256,256,JPEG
C:/Users/conta/OneDrive/Desktop/Multiclass/data/train\fish sea_food red_mullet\B929SOMREB1P.jpg,fish sea_food red_mullet,256,256,JPEG
C:/Users/conta/OneDrive/Desktop/Multiclass/data/train\fish sea_food red_mullet\BAIZ9K4HS5ZL.jpg,fish sea_food red_mullet,256,256,JPEG
C:/Users/conta/OneDrive/Desktop/Multiclass/data/train\fish sea_food red_mullet\BBA23KX0SP3I.jpg,fish sea_food red_mullet,256,256,JPEG
C:/Users/conta/OneDrive/Desktop/Multiclass/data/train\fish sea_food red_mullet\BBA5ACPECGJO.jpg,fish sea_food red_mullet,256,256,JPEG
C:/Users/conta/OneDrive/Desktop/Multiclass/data/train\fish sea_food red_mullet\BDVAJXLCEIDC.jpg,fish sea_food red_mullet,256,256,JPEG
C:/Users/conta/OneDrive/Desktop/Multiclass/data/train\fish sea_food red_mullet\BGVB3RQNW9T0.jpg,fish sea_food red_mullet,256,256,JPEG
C:/Users/conta/OneDrive/Desktop/Multiclass/data/train\fish sea_food red_mullet\BOUDJB5KVCN6.jpg,fish sea_food red_mullet,256,256,JPEG
C:/Users/conta/OneDrive/Desktop/Multiclass/data/train\fish sea_food red_mullet\BS66O98BXICD.jpg,fish sea_food red_mullet,256,256,JPEG
C:/Users/conta/OneDrive/Desktop/Multiclass/data/train\fish sea_food red_mullet\BTUH2CRPFKL0.jpg,fish sea_food red_mullet,256,256,JPEG
C:/Users/conta/OneDrive/Desktop/Multiclass/data/train\fish sea_food red_mullet\BUI4DO3ONK8A.jpg,fish sea_food red_mullet,256,256,JPEG
C:/Users/conta/OneDrive/Desktop/Multiclass/data/train\fish sea_food red_mullet\BVBUH89PELH7.jpg,fish sea_food red_mullet,256,256,JPEG
C:/Users/conta/OneDrive/Desktop/Multiclass/data/train\fish sea_food red_mullet\BWJ05RSMHI2K.jpg,fish sea_food red_mullet,256,256,JPEG
C:/Users/conta/OneDrive/Desktop/Multiclass/data/train\fish sea_food red_mullet\C1WVW7A5VLLG.jpg,fish sea_food red_mullet,256,256,JPEG
C:/Users/conta/OneDrive/Desktop/Multiclass/data/train\fish sea_food red_mullet\C44PH0LGU0PU.jpg,fish sea_food red_mullet,256,256,JPEG
C:/Users/conta/OneDrive/Desktop/Multiclass/data/train\fish sea_food red_mullet\C4UAB1K2OCQJ.jpg,fish sea_food red_mullet,256,256,JPEG
C:/Users/conta/OneDrive/Desktop/Multiclass/data/train\fish sea_food red_mullet\C4YJVMEDQM80.jpg,fish sea_food red_mullet,256,256,JPEG
C:/Users/conta/OneDrive/Desktop/Multiclass/data/train\fish sea_food red_mullet\C9JTCVSM5UMW.jpg,fish sea_food red_mullet,256,256,JPEG
C:/Users/conta/OneDrive/Desktop/Multiclass/data/train\fish sea_food red_mullet\CBGAS1GDLX2D.jpg,fish sea_food red_mullet,256,256,JPEG
C:/Users/conta/OneDrive/Desktop/Multiclass/data/train\fish sea_food red_mullet\CCG36552G2Q5.jpg,fish sea_food red_mullet,256,256,JPEG
C:/Users/conta/OneDrive/Desktop/Multiclass/data/train\fish sea_food red_mullet\CE54ISAJKZVH.jpg,fish sea_food red_mullet,256,256,JPEG
C:/Users/conta/OneDrive/Desktop/Multiclass/data/train\fish sea_food red_mullet\CGRK4SFNNHVO.jpg,fish sea_food red_mullet,256,256,JPEG
C:/Users/conta/OneDrive/Desktop/Multiclass/data/train\fish sea_food red_mullet\CH8TOHA9GCZV.jpg,fish sea_food red_mullet,256,256,JPEG
C:/Users/conta/OneDrive/Desktop/Multiclass/data/train\fish sea_food red_mullet\CJ5A7PADG6NU.jpg,fish sea_food red_mullet,256,256,JPEG
C:/Users/conta/OneDrive/Desktop/Multiclass/data/train\fish sea_food red_mullet\CJOTL9IEORC8.jpg,fish sea_food red_mullet,256,256,JPEG
C:/Users/conta/OneDrive/Desktop/Multiclass/data/train\fish sea_food red_mullet\CKW5KJXSLL90.jpg,fish sea_food red_mullet,256,256,JPEG
C:/Users/conta/OneDrive/Desktop/Multiclass/data/train\fish sea_food red_mullet\COR9KAA9T95Q.jpg,fish sea_food red_mullet,256,256,JPEG
C:/Users/conta/OneDrive/Desktop/Multiclass/data/train\fish sea_food red_mullet\CT3JV1OY4N8Z.jpg,fish sea_food red_mullet,256,256,JPEG
C:/Users/conta/OneDrive/Desktop/Multiclass/data/train\fish sea_food red_mullet\CZ3NZBJ8EZ94.jpg,fish sea_food red_mullet,256,256,JPEG
C:/Users/conta/OneDrive/Desktop/Multiclass/data/train\fish sea_food red_mullet\D0VI6YQVPH5D.jpg,fish sea_food red_mullet,256,256,JPEG
C:/Users/conta/OneDrive/Desktop/Multiclass/data/train\fish sea_food red_mullet\D258E5R60XYV.jpg,fish sea_food red_mullet,256,256,JPEG
C:/Users/conta/OneDrive/Desktop/Multiclass/data/train\fish sea_food red_mullet\D2VV1XFTYI7P.jpg,fish sea_food red_mullet,256,256,JPEG
C:/Users/conta/OneDrive/Desktop/Multiclass/data/train\fish sea_food red_mullet\DBPEDRRKILI6.jpg,fish sea_food red_mullet,256,256,JPEG
C:/Users/conta/OneDrive/Desktop/Multiclass/data/train\fish sea_food red_mullet\DGDG2ARBDU43.jpg,fish sea_food red_mullet,256,256,JPEG
C:/Users/conta/OneDrive/Desktop/Multiclass/data/train\fish sea_food red_mullet\DHVTPKX8WJWC.jpg,fish sea_food red_mullet,256,256,JPEG
C:/Users/conta/OneDrive/Desktop/Multiclass/data/train\fish sea_food red_mullet\DKRAHK8WUZ6Y.jpg,fish sea_food red_mullet,256,256,JPEG
C:/Users/conta/OneDrive/Desktop/Multiclass/data/train\fish sea_food red_mullet\DLA88QK86VTE.jpg,fish sea_food red_mullet,256,256,JPEG
C:/Users/conta/OneDrive/Desktop/Multiclass/data/train\fish sea_food red_mullet\DN9WNCAOMVSS.jpg,fish sea_food red_mullet,256,256,JPEG
C:/Users/conta/OneDrive/Desktop/Multiclass/data/train\fish sea_food red_mullet\DNEMICL2U0SG.jpg,fish sea_food red_mullet,256,256,JPEG
C:/Users/conta/OneDrive/Desktop/Multiclass/data/train\fish sea_food red_mullet\DRE8EQGDD917.jpg,fish sea_food red_mullet,256,256,JPEG
C:/Users/conta/OneDrive/Desktop/Multiclass/data/train\fish sea_food red_mullet\DRFW86I9V6YQ.jpg,fish sea_food red_mullet,256,256,JPEG
C:/Users/conta/OneDrive/Desktop/Multiclass/data/train\fish sea_food red_mullet\DUPTELOKN1S0.jpg,fish sea_food red_mullet,256,256,JPEG
C:/Users/conta/OneDrive/Desktop/Multiclass/data/train\fish sea_food red_mullet\DV2ENA27SULS.jpg,fish sea_food red_mullet,256,256,JPEG
C:/Users/conta/OneDrive/Desktop/Multiclass/data/train\fish sea_food red_mullet\DW0KUE55SICW.jpg,fish sea_food red_mullet,256,256,JPEG
C:/Users/conta/OneDrive/Desktop/Multiclass/data/train\fish sea_food red_mullet\DXAL8VL6P1EN.jpg,fish sea_food red_mullet,256,256,JPEG
C:/Users/conta/OneDrive/Desktop/Multiclass/data/train\fish sea_food red_mullet\E13T5I24ST2N.jpg,fish sea_food red_mullet,256,256,JPEG
C:/Users/conta/OneDrive/Desktop/Multiclass/data/train\fish sea_food red_mullet\E1EVQZZGYA5V.jpg,fish sea_food red_mullet,256,256,JPEG
C:/Users/conta/OneDrive/Desktop/Multiclass/data/train\fish sea_food red_mullet\E7TGNFXLYS20.jpg,fish sea_food red_mullet,256,256,JPEG
C:/Users/conta/OneDrive/Desktop/Multiclass/data/train\fish sea_food red_mullet\E8K8Q5AM2KCE.jpg,fish sea_food red_mullet,256,256,JPEG
C:/Users/conta/OneDrive/Desktop/Multiclass/data/train\fish sea_food red_mullet\ECM2RK8TPFYE.jpg,fish sea_food red_mullet,256,256,JPEG
C:/Users/conta/OneDrive/Desktop/Multiclass/data/train\fish sea_food red_mullet\EG3U9K7BQVGJ.jpg,fish sea_food red_mullet,256,256,JPEG
C:/Users/conta/OneDrive/Desktop/Multiclass/data/train\fish sea_food red_mullet\EN76NNNROU3F.jpg,fish sea_food red_mullet,256,256,JPEG
C:/Users/conta/OneDrive/Desktop/Multiclass/data/train\fish sea_food red_mullet\ENPK28Z5KXWO.jpg,fish sea_food red_mullet,256,256,JPEG
C:/Users/conta/OneDrive/Desktop/Multiclass/data/train\fish sea_food red_mullet\ENU22YMDYACC.jpg,fish sea_food red_mullet,256,256,JPEG
C:/Users/conta/OneDrive/Desktop/Multiclass/data/train\fish sea_food red_mullet\EPTD44H6CPCQ.jpg,fish sea_food red_mullet,256,256,JPEG
C:/Users/conta/OneDrive/Desktop/Multiclass/data/train\fish sea_food red_mullet\EQKY4LNUOXPS.jpg,fish sea_food red_mullet,256,256,JPEG
C:/Users/conta/OneDrive/Desktop/Multiclass/data/train\fish sea_food red_mullet\ERIXJXT7AHAA.jpg,fish sea_food red_mullet,256,256,JPEG
C:/Users/conta/OneDrive/Desktop/Multiclass/data/train\fish sea_food red_mullet\ESN95Y0WZ1MC.jpg,fish sea_food red_mullet,256,256,JPEG
C:/Users/conta/OneDrive/Desktop/Multiclass/data/train\fish sea_food red_mullet\EWPUPLAUPLGY.jpg,fish sea_food red_mullet,256,256,JPEG
C:/Users/conta/OneDrive/Desktop/Multiclass/data/train\fish sea_food red_mullet\EZACNO8AETR0.jpg,fish sea_food red_mullet,256,256,JPEG
C:/Users/conta/OneDrive/Desktop/Multiclass/data/train\fish sea_food red_mullet\F3TW6ZFRATLC.jpg,fish sea_food red_mullet,256,256,JPEG
C:/Users/conta/OneDrive/Desktop/Multiclass/data/train\fish sea_food red_mullet\F7AK8O9MLNAG.jpg,fish sea_food red_mullet,256,256,JPEG
C:/Users/conta/OneDrive/Desktop/Multiclass/data/train\fish sea_food red_mullet\F7EMZ3OBV7FJ.jpg,fish sea_food red_mullet,256,256,JPEG
C:/Users/conta/OneDrive/Desktop/Multiclass/data/train\fish sea_food red_mullet\F88YXL20AC1K.jpg,fish sea_food red_mullet,256,256,JPEG
C:/Users/conta/OneDrive/Desktop/Multiclass/data/train\fish sea_food red_mullet\FCIWPJXXW5J6.jpg,fish sea_food red_mullet,256,256,JPEG
C:/Users/conta/OneDrive/Desktop/Multiclass/data/train\fish sea_food red_mullet\FCX69NJL7RG6.jpg,fish sea_food red_mullet,256,256,JPEG
C:/Users/conta/OneDrive/Desktop/Multiclass/data/train\fish sea_food red_mullet\FDA3KNUSRNG8.jpg,fish sea_food red_mullet,256,256,JPEG
C:/Users/conta/OneDrive/Desktop/Multiclass/data/train\fish sea_food red_mullet\FE68S7MICNAG.jpg,fish sea_food red_mullet,256,256,JPEG
C:/Users/conta/OneDrive/Desktop/Multiclass/data/train\fish sea_food red_mullet\FE7VHXEAEWXQ.jpg,fish sea_food red_mullet,256,256,JPEG
C:/Users/conta/OneDrive/Desktop/Multiclass/data/train\fish sea_food red_mullet\FGZL0571GFRE.jpg,fish sea_food red_mullet,256,256,JPEG
C:/Users/conta/OneDrive/Desktop/Multiclass/data/train\fish sea_food red_mullet\FHBM1TMCPNL1.jpg,fish sea_food red_mullet,256,256,JPEG
C:/Users/conta/OneDrive/Desktop/Multiclass/data/train\fish sea_food red_mullet\FMUCE7KAJZK9.jpg,fish sea_food red_mullet,256,256,JPEG
C:/Users/conta/OneDrive/Desktop/Multiclass/data/train\fish sea_food red_mullet\FNE471CZ688T.jpg,fish sea_food red_mullet,256,256,JPEG
C:/Users/conta/OneDrive/Desktop/Multiclass/data/train\fish sea_food red_mullet\FPT6NH4NEUYG.jpg,fish sea_food red_mullet,256,256,JPEG
C:/Users/conta/OneDrive/Desktop/Multiclass/data/train\fish sea_food red_mullet\FUHMM6XCDNW7.jpg,fish sea_food red_mullet,256,256,JPEG
C:/Users/conta/OneDrive/Desktop/Multiclass/data/train\fish sea_food red_mullet\FWNNC6SMFNPZ.jpg,fish sea_food red_mullet,256,256,JPEG
C:/Users/conta/OneDrive/Desktop/Multiclass/data/train\fish sea_food red_mullet\FWTIF384BO53.jpg,fish sea_food red_mullet,256,256,JPEG
C:/Users/conta/OneDrive/Desktop/Multiclass/data/train\fish sea_food red_mullet\FXTHAQGFARS5.jpg,fish sea_food red_mullet,256,256,JPEG
C:/Users/conta/OneDrive/Desktop/Multiclass/data/train\fish sea_food red_mullet\G0YTXR7YSA1Q.jpg,fish sea_food red_mullet,256,256,JPEG
C:/Users/conta/OneDrive/Desktop/Multiclass/data/train\fish sea_food red_mullet\G2IWBCR75BEL.jpg,fish sea_food red_mullet,256,256,JPEG
C:/Users/conta/OneDrive/Desktop/Multiclass/data/train\fish sea_food red_mullet\G43B9AYXJHTL.jpg,fish sea_food red_mullet,256,256,JPEG
C:/Users/conta/OneDrive/Desktop/Multiclass/data/train\fish sea_food red_mullet\G7UXGR3A7YOY.jpg,fish sea_food red_mullet,256,256,JPEG
C:/Users/conta/OneDrive/Desktop/Multiclass/data/train\fish sea_food red_mullet\G8RIRIZE5729.jpg,fish sea_food red_mullet,256,256,JPEG
C:/Users/conta/OneDrive/Desktop/Multiclass/data/train\fish sea_food red_mullet\G9FZIX2B6J0P.jpg,fish sea_food red_mullet,256,256,JPEG
C:/Users/conta/OneDrive/Desktop/Multiclass/data/train\fish sea_food red_mullet\GA8S43WOO3JZ.jpg,fish sea_food red_mullet,256,256,JPEG
C:/Users/conta/OneDrive/Desktop/Multiclass/data/train\fish sea_food red_mullet\GCSIV60UH1QS.jpg,fish sea_food red_mullet,256,256,JPEG
C:/Users/conta/OneDrive/Desktop/Multiclass/data/train\fish sea_food red_mullet\GDB8GW8OI4GF.jpg,fish sea_food red_mullet,256,256,JPEG
C:/Users/conta/OneDrive/Desktop/Multiclass/data/train\fish sea_food red_mullet\GHXNOOM59E96.jpg,fish sea_food red_mullet,256,256,JPEG
C:/Users/conta/OneDrive/Desktop/Multiclass/data/train\fish sea_food red_mullet\GLEXILPF1SFY.jpg,fish sea_food red_mullet,256,256,JPEG
C:/Users/conta/OneDrive/Desktop/Multiclass/data/train\fish sea_food red_mullet\GMAKIV3EGZOV.jpg,fish sea_food red_mullet,256,256,JPEG
C:/Users/conta/OneDrive/Desktop/Multiclass/data/train\fish sea_food red_mullet\GPKVGZYSP40D.jpg,fish sea_food red_mullet,256,256,JPEG
C:/Users/conta/OneDrive/Desktop/Multiclass/data/train\fish sea_food red_mullet\GQJ8AH2C0F3K.jpg,fish sea_food red_mullet,256,256,JPEG
C:/Users/conta/OneDrive/Desktop/Multiclass/data/train\fish sea_food red_mullet\GYFHLWA987SE.jpg,fish sea_food red_mullet,256,256,JPEG
C:/Users/conta/OneDrive/Desktop/Multiclass/data/train\fish sea_food red_mullet\GZKALNS0LD7F.jpg,fish sea_food red_mullet,256,256,JPEG
C:/Users/conta/OneDrive/Desktop/Multiclass/data/train\fish sea_food red_mullet\H0LCRGAN5B60.jpg,fish sea_food red_mullet,256,256,JPEG
C:/Users/conta/OneDrive/Desktop/Multiclass/data/train\fish sea_food red_mullet\H27I3YG9VSQN.jpg,fish sea_food red_mullet,256,256,JPEG
C:/Users/conta/OneDrive/Desktop/Multiclass/data/train\fish sea_food red_mullet\H3AC67E3XVKW.jpg,fish sea_food red_mullet,256,256,JPEG
C:/Users/conta/OneDrive/Desktop/Multiclass/data/train\fish sea_food red_mullet\H46RKNYIYESB.jpg,fish sea_food red_mullet,256,256,JPEG
C:/Users/conta/OneDrive/Desktop/Multiclass/data/train\fish sea_food red_mullet\H91733N62O5Z.jpg,fish sea_food red_mullet,256,256,JPEG
C:/Users/conta/OneDrive/Desktop/Multiclass/data/train\fish sea_food red_mullet\HAANYUBCGR4L.jpg,fish sea_food red_mullet,256,256,JPEG
C:/Users/conta/OneDrive/Desktop/Multiclass/data/train\fish sea_food red_mullet\HFIJ689BF2TT.jpg,fish sea_food red_mullet,256,256,JPEG
C:/Users/conta/OneDrive/Desktop/Multiclass/data/train\fish sea_food red_mullet\HFTKL8WWZDP2.jpg,fish sea_food red_mullet,256,256,JPEG
C:/Users/conta/OneDrive/Desktop/Multiclass/data/train\fish sea_food red_mullet\HHDV99L9FNA7.jpg,fish sea_food red_mullet,256,256,JPEG
C:/Users/conta/OneDrive/Desktop/Multiclass/data/train\fish sea_food red_mullet\HHMK2W1ZPH7N.jpg,fish sea_food red_mullet,256,256,JPEG
C:/Users/conta/OneDrive/Desktop/Multiclass/data/train\fish sea_food red_mullet\HLZ4IME7FXBA.jpg,fish sea_food red_mullet,256,256,JPEG
C:/Users/conta/OneDrive/Desktop/Multiclass/data/train\fish sea_food red_mullet\HMZ2D4WG7PYV.jpg,fish sea_food red_mullet,256,256,JPEG
C:/Users/conta/OneDrive/Desktop/Multiclass/data/train\fish sea_food red_mullet\HSUUS91KA8VH.jpg,fish sea_food red_mullet,256,256,JPEG
C:/Users/conta/OneDrive/Desktop/Multiclass/data/train\fish sea_food red_mullet\HTBH4QZAMZAE.jpg,fish sea_food red_mullet,256,256,JPEG
C:/Users/conta/OneDrive/Desktop/Multiclass/data/train\fish sea_food red_mullet\HTZRD4YF2DMX.jpg,fish sea_food red_mullet,256,256,JPEG
C:/Users/conta/OneDrive/Desktop/Multiclass/data/train\fish sea_food red_mullet\HVB0IZSBL6I2.jpg,fish sea_food red_mullet,256,256,JPEG
C:/Users/conta/OneDrive/Desktop/Multiclass/data/train\fish sea_food red_mullet\HYLSDK8NE9R5.jpg,fish sea_food red_mullet,256,256,JPEG
C:/Users/conta/OneDrive/Desktop/Multiclass/data/train\fish sea_food red_mullet\I4EW8WFTZUTZ.jpg,fish sea_food red_mullet,256,256,JPEG
C:/Users/conta/OneDrive/Desktop/Multiclass/data/train\fish sea_food red_mullet\I4IRXY201DBP.jpg,fish sea_food red_mullet,256,256,JPEG
C:/Users/conta/OneDrive/Desktop/Multiclass/data/train\fish sea_food red_mullet\I5R9Y2S8B5UR.jpg,fish sea_food red_mullet,256,256,JPEG
C:/Users/conta/OneDrive/Desktop/Multiclass/data/train\fish sea_food red_mullet\I70CTYTRJ79R.jpg,fish sea_food red_mullet,256,256,JPEG
C:/Users/conta/OneDrive/Desktop/Multiclass/data/train\fish sea_food red_mullet\I79PZF0V6SIW.jpg,fish sea_food red_mullet,256,256,JPEG
C:/Users/conta/OneDrive/Desktop/Multiclass/data/train\fish sea_food red_mullet\IAB84P802ODK.jpg,fish sea_food red_mullet,256,256,JPEG
C:/Users/conta/OneDrive/Desktop/Multiclass/data/train\fish sea_food red_mullet\IABIQPWR28UU.jpg,fish sea_food red_mullet,256,256,JPEG
C:/Users/conta/OneDrive/Desktop/Multiclass/data/train\fish sea_food red_mullet\ID0AQ09YZBJX.jpg,fish sea_food red_mullet,256,256,JPEG
C:/Users/conta/OneDrive/Desktop/Multiclass/data/train\fish sea_food red_mullet\IDDG4W33YFR7.jpg,fish sea_food red_mullet,256,256,JPEG
C:/Users/conta/OneDrive/Desktop/Multiclass/data/train\fish sea_food red_mullet\IDWN5P0PVZO3.jpg,fish sea_food red_mullet,256,256,JPEG
C:/Users/conta/OneDrive/Desktop/Multiclass/data/train\fish sea_food red_mullet\IGLIM5WWN7SL.jpg,fish sea_food red_mullet,256,256,JPEG
C:/Users/conta/OneDrive/Desktop/Multiclass/data/train\fish sea_food red_mullet\ILFN1ACZ4ZEI.jpg,fish sea_food red_mullet,256,256,JPEG
C:/Users/conta/OneDrive/Desktop/Multiclass/data/train\fish sea_food red_mullet\IM498QV9Y590.jpg,fish sea_food red_mullet,256,256,JPEG
C:/Users/conta/OneDrive/Desktop/Multiclass/data/train\fish sea_food red_mullet\IPIQAY8SJ02V.jpg,fish sea_food red_mullet,256,256,JPEG
C:/Users/conta/OneDrive/Desktop/Multiclass/data/train\fish sea_food red_mullet\IQ5RKI3HRUBI.jpg,fish sea_food red_mullet,256,256,JPEG
C:/Users/conta/OneDrive/Desktop/Multiclass/data/train\fish sea_food red_mullet\IQFQ2PYPRX81.jpg,fish sea_food red_mullet,256,256,JPEG
C:/Users/conta/OneDrive/Desktop/Multiclass/data/train\fish sea_food red_mullet\ITLGZPUV7SC3.jpg,fish sea_food red_mullet,256,256,JPEG
C:/Users/conta/OneDrive/Desktop/Multiclass/data/train\fish sea_food red_mullet\IUPHJ2ZVRNQO.jpg,fish sea_food red_mullet,256,256,JPEG
C:/Users/conta/OneDrive/Desktop/Multiclass/data/train\fish sea_food red_mullet\IUU2EBDEJ2O9.jpg,fish sea_food red_mullet,256,256,JPEG
C:/Users/conta/OneDrive/Desktop/Multiclass/data/train\fish sea_food red_mullet\IW6ZGOVRWJTT.jpg,fish sea_food red_mullet,256,256,JPEG
C:/Users/conta/OneDrive/Desktop/Multiclass/data/train\fish sea_food red_mullet\IWVK7RHW6H4L.jpg,fish sea_food red_mullet,256,256,JPEG
C:/Users/conta/OneDrive/Desktop/Multiclass/data/train\fish sea_food red_mullet\J5ZQFC8S320Q.jpg,fish sea_food red_mullet,256,256,JPEG
C:/Users/conta/OneDrive/Desktop/Multiclass/data/train\fish sea_food red_mullet\J6I6O0NHX98H.jpg,fish sea_food red_mullet,256,256,JPEG
C:/Users/conta/OneDrive/Desktop/Multiclass/data/train\fish sea_food red_mullet\JDBMKMPNGXL2.jpg,fish sea_food red_mullet,256,256,JPEG
C:/Users/conta/OneDrive/Desktop/Multiclass/data/train\fish sea_food red_mullet\JDPSFDCEZXA9.jpg,fish sea_food red_mullet,256,256,JPEG
C:/Users/conta/OneDrive/Desktop/Multiclass/data/train\fish sea_food red_mullet\JEBJ9ESROTXC.jpg,fish sea_food red_mullet,256,256,JPEG
C:/Users/conta/OneDrive/Desktop/Multiclass/data/train\fish sea_food red_mullet\JFNE7LF1I7EO.jpg,fish sea_food red_mullet,256,256,JPEG
C:/Users/conta/OneDrive/Desktop/Multiclass/data/train\fish sea_food red_mullet\JFRKFNUM8JA5.jpg,fish sea_food red_mullet,256,256,JPEG
C:/Users/conta/OneDrive/Desktop/Multiclass/data/train\fish sea_food red_mullet\JGNCSFNK42C1.jpg,fish sea_food red_mullet,256,256,JPEG
C:/Users/conta/OneDrive/Desktop/Multiclass/data/train\fish sea_food red_mullet\JGPEEWP71AWV.jpg,fish sea_food red_mullet,256,256,JPEG
C:/Users/conta/OneDrive/Desktop/Multiclass/data/train\fish sea_food red_mullet\JRFENGQ3TIFA.jpg,fish sea_food red_mullet,256,256,JPEG
C:/Users/conta/OneDrive/Desktop/Multiclass/data/train\fish sea_food red_mullet\JSP5K8LGKILE.jpg,fish sea_food red_mullet,256,256,JPEG
C:/Users/conta/OneDrive/Desktop/Multiclass/data/train\fish sea_food red_mullet\JSPUOWZZAJ0I.jpg,fish sea_food red_mullet,256,256,JPEG
C:/Users/conta/OneDrive/Desktop/Multiclass/data/train\fish sea_food red_mullet\JWH9YNU87COA.jpg,fish sea_food red_mullet,256,256,JPEG
C:/Users/conta/OneDrive/Desktop/Multiclass/data/train\fish sea_food red_mullet\JXC516HA9KWE.jpg,fish sea_food red_mullet,256,256,JPEG
C:/Users/conta/OneDrive/Desktop/Multiclass/data/train\fish sea_food red_mullet\K24KA1NEZCE4.jpg,fish sea_food red_mullet,256,256,JPEG
C:/Users/conta/OneDrive/Desktop/Multiclass/data/train\fish sea_food red_mullet\K32QCJU4OME3.jpg,fish sea_food red_mullet,256,256,JPEG
C:/Users/conta/OneDrive/Desktop/Multiclass/data/train\fish sea_food red_mullet\K3AN1R1D2XXW.jpg,fish sea_food red_mullet,256,256,JPEG
C:/Users/conta/OneDrive/Desktop/Multiclass/data/train\fish sea_food red_mullet\KAND7O7MTFQL.jpg,fish sea_food red_mullet,256,256,JPEG
C:/Users/conta/OneDrive/Desktop/Multiclass/data/train\fish sea_food red_mullet\KBALXF6UXGLK.jpg,fish sea_food red_mullet,256,256,JPEG
C:/Users/conta/OneDrive/Desktop/Multiclass/data/train\fish sea_food red_mullet\KBNW4DF8ICJH.jpg,fish sea_food red_mullet,256,256,JPEG
C:/Users/conta/OneDrive/Desktop/Multiclass/data/train\fish sea_food red_mullet\KGMFS73M8EFY.jpg,fish sea_food red_mullet,256,256,JPEG
C:/Users/conta/OneDrive/Desktop/Multiclass/data/train\fish sea_food red_mullet\KGS767PDF84L.jpg,fish sea_food red_mullet,256,256,JPEG
C:/Users/conta/OneDrive/Desktop/Multiclass/data/train\fish sea_food red_mullet\KH998VXE94G3.jpg,fish sea_food red_mullet,256,256,JPEG
C:/Users/conta/OneDrive/Desktop/Multiclass/data/train\fish sea_food red_mullet\KKUHIR5TPN5U.jpg,fish sea_food red_mullet,256,256,JPEG
C:/Users/conta/OneDrive/Desktop/Multiclass/data/train\fish sea_food red_mullet\KO2SEDDFB79K.jpg,fish sea_food red_mullet,256,256,JPEG
C:/Users/conta/OneDrive/Desktop/Multiclass/data/train\fish sea_food red_mullet\KP07P8O7TF18.jpg,fish sea_food red_mullet,256,256,JPEG
C:/Users/conta/OneDrive/Desktop/Multiclass/data/train\fish sea_food red_mullet\KPSS8T5JGOJE.jpg,fish sea_food red_mullet,256,256,JPEG
C:/Users/conta/OneDrive/Desktop/Multiclass/data/train\fish sea_food red_mullet\KRJBBMDPKCKZ.jpg,fish sea_food red_mullet,256,256,JPEG
C:/Users/conta/OneDrive/Desktop/Multiclass/data/train\fish sea_food red_mullet\KTM6A2NG8DDF.jpg,fish sea_food red_mullet,256,256,JPEG
C:/Users/conta/OneDrive/Desktop/Multiclass/data/train\fish sea_food red_mullet\KXBYKA2K127T.jpg,fish sea_food red_mullet,256,256,JPEG
C:/Users/conta/OneDrive/Desktop/Multiclass/data/train\fish sea_food red_mullet\KZE846A5UX7M.jpg,fish sea_food red_mullet,256,256,JPEG
C:/Users/conta/OneDrive/Desktop/Multiclass/data/train\fish sea_food red_mullet\L0UZCQS3HE4S.jpg,fish sea_food red_mullet,256,256,JPEG
C:/Users/conta/OneDrive/Desktop/Multiclass/data/train\fish sea_food red_mullet\L2FHS7VBHPO5.jpg,fish sea_food red_mullet,256,256,JPEG
C:/Users/conta/OneDrive/Desktop/Multiclass/data/train\fish sea_food red_mullet\L4SIIV23ZSS8.jpg,fish sea_food red_mullet,256,256,JPEG
C:/Users/conta/OneDrive/Desktop/Multiclass/data/train\fish sea_food red_mullet\LAU3LS5EBNJ4.jpg,fish sea_food red_mullet,256,256,JPEG
C:/Users/conta/OneDrive/Desktop/Multiclass/data/train\fish sea_food red_mullet\LEW45N3Y2INV.jpg,fish sea_food red_mullet,256,256,JPEG
C:/Users/conta/OneDrive/Desktop/Multiclass/data/train\fish sea_food red_mullet\LGM45RBAS44T.jpg,fish sea_food red_mullet,256,256,JPEG
C:/Users/conta/OneDrive/Desktop/Multiclass/data/train\fish sea_food red_mullet\LHFQ2MVU2OQ0.jpg,fish sea_food red_mullet,256,256,JPEG
C:/Users/conta/OneDrive/Desktop/Multiclass/data/train\fish sea_food red_mullet\LJL81RC9HCAB.jpg,fish sea_food red_mullet,256,256,JPEG
C:/Users/conta/OneDrive/Desktop/Multiclass/data/train\fish sea_food red_mullet\LK31XPC0HAPV.jpg,fish sea_food red_mullet,256,256,JPEG
C:/Users/conta/OneDrive/Desktop/Multiclass/data/train\fish sea_food red_mullet\LNJQ3CUR6NPD.jpg,fish sea_food red_mullet,256,256,JPEG
C:/Users/conta/OneDrive/Desktop/Multiclass/data/train\fish sea_food red_mullet\LNW58DSGCR64.jpg,fish sea_food red_mullet,256,256,JPEG
C:/Users/conta/OneDrive/Desktop/Multiclass/data/train\fish sea_food red_mullet\LOM9MBTNSHU7.jpg,fish sea_food red_mullet,256,256,JPEG
C:/Users/conta/OneDrive/Desktop/Multiclass/data/train\fish sea_food red_mullet\LSNYBCK9WOUA.jpg,fish sea_food red_mullet,256,256,JPEG
C:/Users/conta/OneDrive/Desktop/Multiclass/data/train\fish sea_food red_mullet\LTM3Y9NBQKD4.jpg,fish sea_food red_mullet,256,256,JPEG
C:/Users/conta/OneDrive/Desktop/Multiclass/data/train\fish sea_food red_mullet\M0P6LDKJPIVO.jpg,fish sea_food red_mullet,256,256,JPEG
C:/Users/conta/OneDrive/Desktop/Multiclass/data/train\fish sea_food red_mullet\M3I26CDRFLCH.jpg,fish sea_food red_mullet,256,256,JPEG
C:/Users/conta/OneDrive/Desktop/Multiclass/data/train\fish sea_food red_mullet\M9S3Z8TVBD9N.jpg,fish sea_food red_mullet,256,256,JPEG
C:/Users/conta/OneDrive/Desktop/Multiclass/data/train\fish sea_food red_mullet\MC12OGM69TY1.jpg,fish sea_food red_mullet,256,256,JPEG
C:/Users/conta/OneDrive/Desktop/Multiclass/data/train\fish sea_food red_mullet\MC953DZ1GGY5.jpg,fish sea_food red_mullet,256,256,JPEG
C:/Users/conta/OneDrive/Desktop/Multiclass/data/train\fish sea_food red_mullet\MMD28J2VTUG0.jpg,fish sea_food red_mullet,256,256,JPEG
C:/Users/conta/OneDrive/Desktop/Multiclass/data/train\fish sea_food red_mullet\MMLC54EXKS33.jpg,fish sea_food red_mullet,256,256,JPEG
C:/Users/conta/OneDrive/Desktop/Multiclass/data/train\fish sea_food red_mullet\MOW8ERR5D3HD.jpg,fish sea_food red_mullet,256,256,JPEG
C:/Users/conta/OneDrive/Desktop/Multiclass/data/train\fish sea_food red_mullet\MTKE55E0ZQ0Z.jpg,fish sea_food red_mullet,256,256,JPEG
C:/Users/conta/OneDrive/Desktop/Multiclass/data/train\fish sea_food red_mullet\MWI48CTKKHP6.jpg,fish sea_food red_mullet,256,256,JPEG
C:/Users/conta/OneDrive/Desktop/Multiclass/data/train\fish sea_food red_mullet\MZKVM3NX0ICE.jpg,fish sea_food red_mullet,256,256,JPEG
C:/Users/conta/OneDrive/Desktop/Multiclass/data/train\fish sea_food red_mullet\N1SOQ62B2GPE.jpg,fish sea_food red_mullet,256,256,JPEG
C:/Users/conta/OneDrive/Desktop/Multiclass/data/train\fish sea_food red_mullet\N1WWPIADWZO1.jpg,fish sea_food red_mullet,256,256,JPEG
C:/Users/conta/OneDrive/Desktop/Multiclass/data/train\fish sea_food red_mullet\N3UXL7YX26XE.jpg,fish sea_food red_mullet,256,256,JPEG
C:/Users/conta/OneDrive/Desktop/Multiclass/data/train\fish sea_food red_mullet\N5WMYFW5A5CG.jpg,fish sea_food red_mullet,256,256,JPEG
C:/Users/conta/OneDrive/Desktop/Multiclass/data/train\fish sea_food red_mullet\N6BUJ7XRE1O6.jpg,fish sea_food red_mullet,256,256,JPEG
C:/Users/conta/OneDrive/Desktop/Multiclass/data/train\fish sea_food red_mullet\NANE64ZPWB4E.jpg,fish sea_food red_mullet,256,256,JPEG
C:/Users/conta/OneDrive/Desktop/Multiclass/data/train\fish sea_food red_mullet\NCHPUSP85XC2.jpg,fish sea_food red_mullet,256,256,JPEG
C:/Users/conta/OneDrive/Desktop/Multiclass/data/train\fish sea_food red_mullet\NDSGRZ0LJS4I.jpg,fish sea_food red_mullet,256,256,JPEG
C:/Users/conta/OneDrive/Desktop/Multiclass/data/train\fish sea_food red_mullet\NEHLWXLZ6BAC.jpg,fish sea_food red_mullet,256,256,JPEG
C:/Users/conta/OneDrive/Desktop/Multiclass/data/train\fish sea_food red_mullet\NEQ8UJ02G7R7.jpg,fish sea_food red_mullet,256,256,JPEG
C:/Users/conta/OneDrive/Desktop/Multiclass/data/train\fish sea_food red_mullet\NFC59P9B0KUJ.jpg,fish sea_food red_mullet,256,256,JPEG
C:/Users/conta/OneDrive/Desktop/Multiclass/data/train\fish sea_food red_mullet\NG8XQY8EVGXB.jpg,fish sea_food red_mullet,256,256,JPEG
C:/Users/conta/OneDrive/Desktop/Multiclass/data/train\fish sea_food red_mullet\NGJW1MS9AHAA.jpg,fish sea_food red_mullet,256,256,JPEG
C:/Users/conta/OneDrive/Desktop/Multiclass/data/train\fish sea_food red_mullet\NIQUWTYBG2LU.jpg,fish sea_food red_mullet,256,256,JPEG
C:/Users/conta/OneDrive/Desktop/Multiclass/data/train\fish sea_food red_mullet\NL07YZKOG9TP.jpg,fish sea_food red_mullet,256,256,JPEG
C:/Users/conta/OneDrive/Desktop/Multiclass/data/train\fish sea_food red_mullet\NLZX8KZQC3MS.jpg,fish sea_food red_mullet,256,256,JPEG
C:/Users/conta/OneDrive/Desktop/Multiclass/data/train\fish sea_food red_mullet\NP1CCPAWIC9H.jpg,fish sea_food red_mullet,256,256,JPEG
C:/Users/conta/OneDrive/Desktop/Multiclass/data/train\fish sea_food red_mullet\NP1O2620AVFJ.jpg,fish sea_food red_mullet,256,256,JPEG
C:/Users/conta/OneDrive/Desktop/Multiclass/data/train\fish sea_food red_mullet\NRM8PNK79WN4.jpg,fish sea_food red_mullet,256,256,JPEG
C:/Users/conta/OneDrive/Desktop/Multiclass/data/train\fish sea_food red_mullet\NUY1MDRA4VYF.jpg,fish sea_food red_mullet,256,256,JPEG
C:/Users/conta/OneDrive/Desktop/Multiclass/data/train\fish sea_food red_mullet\NVW771ZNJ38I.jpg,fish sea_food red_mullet,256,256,JPEG
C:/Users/conta/OneDrive/Desktop/Multiclass/data/train\fish sea_food red_mullet\NWIZNPNBB4G9.jpg,fish sea_food red_mullet,256,256,JPEG
C:/Users/conta/OneDrive/Desktop/Multiclass/data/train\fish sea_food red_mullet\NX7Z21A1BQQE.jpg,fish sea_food red_mullet,256,256,JPEG
C:/Users/conta/OneDrive/Desktop/Multiclass/data/train\fish sea_food red_mullet\O014XGXN2H9Q.jpg,fish sea_food red_mullet,256,256,JPEG
C:/Users/conta/OneDrive/Desktop/Multiclass/data/train\fish sea_food red_mullet\O28DKD6CVM0X.jpg,fish sea_food red_mullet,256,256,JPEG
C:/Users/conta/OneDrive/Desktop/Multiclass/data/train\fish sea_food red_mullet\O321HAKCBW62.jpg,fish sea_food red_mullet,256,256,JPEG
C:/Users/conta/OneDrive/Desktop/Multiclass/data/train\fish sea_food red_mullet\O3SW4NBVYWZH.jpg,fish sea_food red_mullet,256,256,JPEG
C:/Users/conta/OneDrive/Desktop/Multiclass/data/train\fish sea_food red_mullet\OA6QKZSLMA56.jpg,fish sea_food red_mullet,256,256,JPEG
C:/Users/conta/OneDrive/Desktop/Multiclass/data/train\fish sea_food red_mullet\OAKY6XN95TM7.jpg,fish sea_food red_mullet,256,256,JPEG
C:/Users/conta/OneDrive/Desktop/Multiclass/data/train\fish sea_food red_mullet\ODLYQR7GZF6S.jpg,fish sea_food red_mullet,256,256,JPEG
C:/Users/conta/OneDrive/Desktop/Multiclass/data/train\fish sea_food red_mullet\OE2X27UIKFIJ.jpg,fish sea_food red_mullet,256,256,JPEG
C:/Users/conta/OneDrive/Desktop/Multiclass/data/train\fish sea_food red_mullet\OJ1N4I34LESH.jpg,fish sea_food red_mullet,256,256,JPEG
C:/Users/conta/OneDrive/Desktop/Multiclass/data/train\fish sea_food red_mullet\OPLBULXSV1N9.jpg,fish sea_food red_mullet,256,256,JPEG
C:/Users/conta/OneDrive/Desktop/Multiclass/data/train\fish sea_food red_mullet\OSPKFYR3DOIK.jpg,fish sea_food red_mullet,256,256,JPEG
C:/Users/conta/OneDrive/Desktop/Multiclass/data/train\fish sea_food red_mullet\OSS7EDMWMYFT.jpg,fish sea_food red_mullet,256,256,JPEG
C:/Users/conta/OneDrive/Desktop/Multiclass/data/train\fish sea_food red_mullet\OTPE6RHSTKOV.jpg,fish sea_food red_mullet,256,256,JPEG
C:/Users/conta/OneDrive/Desktop/Multiclass/data/train\fish sea_food red_mullet\OTR6JJ4UPYDZ.jpg,fish sea_food red_mullet,256,256,JPEG
C:/Users/conta/OneDrive/Desktop/Multiclass/data/train\fish sea_food red_mullet\OU5ICNV1SBFU.jpg,fish sea_food red_mullet,256,256,JPEG
C:/Users/conta/OneDrive/Desktop/Multiclass/data/train\fish sea_food red_mullet\OWDB0D61UT6B.jpg,fish sea_food red_mullet,256,256,JPEG
C:/Users/conta/OneDrive/Desktop/Multiclass/data/train\fish sea_food red_mullet\P0BZTOH3XJOK.jpg,fish sea_food red_mullet,256,256,JPEG
C:/Users/conta/OneDrive/Desktop/Multiclass/data/train\fish sea_food red_mullet\P1X7MRFNG8NW.jpg,fish sea_food red_mullet,256,256,JPEG
C:/Users/conta/OneDrive/Desktop/Multiclass/data/train\fish sea_food red_mullet\P1YJ30IPVTWA.jpg,fish sea_food red_mullet,256,256,JPEG
C:/Users/conta/OneDrive/Desktop/Multiclass/data/train\fish sea_food red_mullet\P28BY52FQ4VD.jpg,fish sea_food red_mullet,256,256,JPEG
C:/Users/conta/OneDrive/Desktop/Multiclass/data/train\fish sea_food red_mullet\P41MON9CTPTC.jpg,fish sea_food red_mullet,256,256,JPEG
C:/Users/conta/OneDrive/Desktop/Multiclass/data/train\fish sea_food red_mullet\P713BX4BOCGA.jpg,fish sea_food red_mullet,256,256,JPEG
C:/Users/conta/OneDrive/Desktop/Multiclass/data/train\fish sea_food red_mullet\P89DFJF5HOAR.jpg,fish sea_food red_mullet,256,256,JPEG
C:/Users/conta/OneDrive/Desktop/Multiclass/data/train\fish sea_food red_mullet\PGO637EHPTW6.jpg,fish sea_food red_mullet,256,256,JPEG
C:/Users/conta/OneDrive/Desktop/Multiclass/data/train\fish sea_food red_mullet\PKLYOX9QY5M7.jpg,fish sea_food red_mullet,256,256,JPEG
C:/Users/conta/OneDrive/Desktop/Multiclass/data/train\fish sea_food red_mullet\PKUF2CCDYPKV.jpg,fish sea_food red_mullet,256,256,JPEG
C:/Users/conta/OneDrive/Desktop/Multiclass/data/train\fish sea_food red_mullet\PKUJKFOR37BD.jpg,fish sea_food red_mullet,256,256,JPEG
C:/Users/conta/OneDrive/Desktop/Multiclass/data/train\fish sea_food red_mullet\PNY6B1NKG7L0.jpg,fish sea_food red_mullet,256,256,JPEG
C:/Users/conta/OneDrive/Desktop/Multiclass/data/train\fish sea_food red_mullet\POI6FMNAE2AA.jpg,fish sea_food red_mullet,256,256,JPEG
C:/Users/conta/OneDrive/Desktop/Multiclass/data/train\fish sea_food red_mullet\PSB8E6DP457B.jpg,fish sea_food red_mullet,256,256,JPEG
C:/Users/conta/OneDrive/Desktop/Multiclass/data/train\fish sea_food red_mullet\PSE9GRBZBHZD.jpg,fish sea_food red_mullet,256,256,JPEG
C:/Users/conta/OneDrive/Desktop/Multiclass/data/train\fish sea_food red_mullet\PV3MG3GCQ4OS.jpg,fish sea_food red_mullet,256,256,JPEG
C:/Users/conta/OneDrive/Desktop/Multiclass/data/train\fish sea_food red_mullet\PYB8ADXCA0KU.jpg,fish sea_food red_mullet,256,256,JPEG
C:/Users/conta/OneDrive/Desktop/Multiclass/data/train\fish sea_food red_mullet\PZYPTFF2VTIE.jpg,fish sea_food red_mullet,256,256,JPEG
C:/Users/conta/OneDrive/Desktop/Multiclass/data/train\fish sea_food red_mullet\Q1T7PDTOSK2H.jpg,fish sea_food red_mullet,256,256,JPEG
C:/Users/conta/OneDrive/Desktop/Multiclass/data/train\fish sea_food red_mullet\Q3QZEM2RQ0WV.jpg,fish sea_food red_mullet,256,256,JPEG
C:/Users/conta/OneDrive/Desktop/Multiclass/data/train\fish sea_food red_mullet\Q3W02XPUV32F.jpg,fish sea_food red_mullet,256,256,JPEG
C:/Users/conta/OneDrive/Desktop/Multiclass/data/train\fish sea_food red_mullet\QAWM2H7V94PC.jpg,fish sea_food red_mullet,256,256,JPEG
C:/Users/conta/OneDrive/Desktop/Multiclass/data/train\fish sea_food red_mullet\QCTKY05RUVYT.jpg,fish sea_food red_mullet,256,256,JPEG
C:/Users/conta/OneDrive/Desktop/Multiclass/data/train\fish sea_food red_mullet\QGWBIJJZHRO0.jpg,fish sea_food red_mullet,256,256,JPEG
C:/Users/conta/OneDrive/Desktop/Multiclass/data/train\fish sea_food red_mullet\QNY0YDK6T0YU.jpg,fish sea_food red_mullet,256,256,JPEG
C:/Users/conta/OneDrive/Desktop/Multiclass/data/train\fish sea_food red_mullet\QPG5RYO5ND8L.jpg,fish sea_food red_mullet,256,256,JPEG
C:/Users/conta/OneDrive/Desktop/Multiclass/data/train\fish sea_food red_mullet\QPVZLJ23SV11.jpg,fish sea_food red_mullet,256,256,JPEG
C:/Users/conta/OneDrive/Desktop/Multiclass/data/train\fish sea_food red_mullet\QVPTXPAYCNGC.jpg,fish sea_food red_mullet,256,256,JPEG
C:/Users/conta/OneDrive/Desktop/Multiclass/data/train\fish sea_food red_mullet\QWA7I63SC68S.jpg,fish sea_food red_mullet,256,256,JPEG
C:/Users/conta/OneDrive/Desktop/Multiclass/data/train\fish sea_food red_mullet\QWCKJC5W8TL7.jpg,fish sea_food red_mullet,256,256,JPEG
C:/Users/conta/OneDrive/Desktop/Multiclass/data/train\fish sea_food red_mullet\QWQZN5OIV41L.jpg,fish sea_food red_mullet,256,256,JPEG
C:/Users/conta/OneDrive/Desktop/Multiclass/data/train\fish sea_food red_mullet\R1CWBRGI3Y00.jpg,fish sea_food red_mullet,256,256,JPEG
C:/Users/conta/OneDrive/Desktop/Multiclass/data/train\fish sea_food red_mullet\R1JK3DLUNPCU.jpg,fish sea_food red_mullet,256,256,JPEG
C:/Users/conta/OneDrive/Desktop/Multiclass/data/train\fish sea_food red_mullet\R3EVOVS6FVNJ.jpg,fish sea_food red_mullet,256,256,JPEG
C:/Users/conta/OneDrive/Desktop/Multiclass/data/train\fish sea_food red_mullet\R4EKP669UHVU.jpg,fish sea_food red_mullet,256,256,JPEG
C:/Users/conta/OneDrive/Desktop/Multiclass/data/train\fish sea_food red_mullet\R4I5AEI294ZP.jpg,fish sea_food red_mullet,256,256,JPEG
C:/Users/conta/OneDrive/Desktop/Multiclass/data/train\fish sea_food red_mullet\R4SQZAEC6BSX.jpg,fish sea_food red_mullet,256,256,JPEG
C:/Users/conta/OneDrive/Desktop/Multiclass/data/train\fish sea_food red_mullet\R9MS11GPMN27.jpg,fish sea_food red_mullet,256,256,JPEG
C:/Users/conta/OneDrive/Desktop/Multiclass/data/train\fish sea_food red_mullet\RGEUOLKLEEIS.jpg,fish sea_food red_mullet,256,256,JPEG
C:/Users/conta/OneDrive/Desktop/Multiclass/data/train\fish sea_food red_mullet\RHXTPZ7DXJNC.jpg,fish sea_food red_mullet,256,256,JPEG
C:/Users/conta/OneDrive/Desktop/Multiclass/data/train\fish sea_food red_mullet\RILQXQ3MR1TI.jpg,fish sea_food red_mullet,256,256,JPEG
C:/Users/conta/OneDrive/Desktop/Multiclass/data/train\fish sea_food red_mullet\RLL41G9581SM.jpg,fish sea_food red_mullet,256,256,JPEG
C:/Users/conta/OneDrive/Desktop/Multiclass/data/train\fish sea_food red_mullet\RMXCL0UBQ022.jpg,fish sea_food red_mullet,256,256,JPEG
C:/Users/conta/OneDrive/Desktop/Multiclass/data/train\fish sea_food red_mullet\ROED5MTJ94U3.jpg,fish sea_food red_mullet,256,256,JPEG
C:/Users/conta/OneDrive/Desktop/Multiclass/data/train\fish sea_food red_mullet\ROK6DZ6E0WTV.jpg,fish sea_food red_mullet,256,256,JPEG
C:/Users/conta/OneDrive/Desktop/Multiclass/data/train\fish sea_food red_mullet\RVOY3T54UJ4Y.jpg,fish sea_food red_mullet,256,256,JPEG
C:/Users/conta/OneDrive/Desktop/Multiclass/data/train\fish sea_food red_mullet\RZ8U3Q6K6NWE.jpg,fish sea_food red_mullet,256,256,JPEG
C:/Users/conta/OneDrive/Desktop/Multiclass/data/train\fish sea_food red_mullet\S0GD4OXMGXZS.jpg,fish sea_food red_mullet,256,256,JPEG
C:/Users/conta/OneDrive/Desktop/Multiclass/data/train\fish sea_food red_mullet\S0KXX7PUJLCA.jpg,fish sea_food red_mullet,256,256,JPEG
C:/Users/conta/OneDrive/Desktop/Multiclass/data/train\fish sea_food red_mullet\S3AL0048EDPB.jpg,fish sea_food red_mullet,256,256,JPEG
C:/Users/conta/OneDrive/Desktop/Multiclass/data/train\fish sea_food red_mullet\SANDG32Y09B1.jpg,fish sea_food red_mullet,256,256,JPEG
C:/Users/conta/OneDrive/Desktop/Multiclass/data/train\fish sea_food red_mullet\SHM44TQPOXA9.jpg,fish sea_food red_mullet,256,256,JPEG
C:/Users/conta/OneDrive/Desktop/Multiclass/data/train\fish sea_food red_mullet\SJ5JTL4YAR02.jpg,fish sea_food red_mullet,256,256,JPEG
C:/Users/conta/OneDrive/Desktop/Multiclass/data/train\fish sea_food red_mullet\SJUCU0VKOQ6T.jpg,fish sea_food red_mullet,256,256,JPEG
C:/Users/conta/OneDrive/Desktop/Multiclass/data/train\fish sea_food red_mullet\SM4HU83I26LX.jpg,fish sea_food red_mullet,256,256,JPEG
C:/Users/conta/OneDrive/Desktop/Multiclass/data/train\fish sea_food red_mullet\SN3XVD17PJZJ.jpg,fish sea_food red_mullet,256,256,JPEG
C:/Users/conta/OneDrive/Desktop/Multiclass/data/train\fish sea_food red_mullet\SVSI0U0Y0XPY.jpg,fish sea_food red_mullet,256,256,JPEG
C:/Users/conta/OneDrive/Desktop/Multiclass/data/train\fish sea_food red_mullet\SWZ6GKLC1956.jpg,fish sea_food red_mullet,256,256,JPEG
C:/Users/conta/OneDrive/Desktop/Multiclass/data/train\fish sea_food red_mullet\SX747GWEXVAL.jpg,fish sea_food red_mullet,256,256,JPEG
C:/Users/conta/OneDrive/Desktop/Multiclass/data/train\fish sea_food red_mullet\TA6VQ4C7KDE6.jpg,fish sea_food red_mullet,256,256,JPEG
C:/Users/conta/OneDrive/Desktop/Multiclass/data/train\fish sea_food red_mullet\TAOFFFEO5RPY.jpg,fish sea_food red_mullet,256,256,JPEG
C:/Users/conta/OneDrive/Desktop/Multiclass/data/train\fish sea_food red_mullet\TAQJKG79J7QU.jpg,fish sea_food red_mullet,256,256,JPEG
C:/Users/conta/OneDrive/Desktop/Multiclass/data/train\fish sea_food red_mullet\TCVDSLNB7FBO.jpg,fish sea_food red_mullet,256,256,JPEG
C:/Users/conta/OneDrive/Desktop/Multiclass/data/train\fish sea_food red_mullet\THDFOPD5DT9P.jpg,fish sea_food red_mullet,256,256,JPEG
C:/Users/conta/OneDrive/Desktop/Multiclass/data/train\fish sea_food red_mullet\TJVMKU84JI0Y.jpg,fish sea_food red_mullet,256,256,JPEG
C:/Users/conta/OneDrive/Desktop/Multiclass/data/train\fish sea_food red_mullet\TQ56V9WISTMO.jpg,fish sea_food red_mullet,256,256,JPEG
C:/Users/conta/OneDrive/Desktop/Multiclass/data/train\fish sea_food red_mullet\TQX0C9F01UHG.jpg,fish sea_food red_mullet,256,256,JPEG
C:/Users/conta/OneDrive/Desktop/Multiclass/data/train\fish sea_food red_mullet\TQYMRCL9U1VJ.jpg,fish sea_food red_mullet,256,256,JPEG
C:/Users/conta/OneDrive/Desktop/Multiclass/data/train\fish sea_food red_mullet\TTB3ZCH3ZBCH.jpg,fish sea_food red_mullet,256,256,JPEG
C:/Users/conta/OneDrive/Desktop/Multiclass/data/train\fish sea_food red_mullet\TWB3HMQ5345V.jpg,fish sea_food red_mullet,256,256,JPEG
C:/Users/conta/OneDrive/Desktop/Multiclass/data/train\fish sea_food red_mullet\TWTQQZBWCJVF.jpg,fish sea_food red_mullet,256,256,JPEG
C:/Users/conta/OneDrive/Desktop/Multiclass/data/train\fish sea_food red_mullet\TX0BUF1R6034.jpg,fish sea_food red_mullet,256,256,JPEG
C:/Users/conta/OneDrive/Desktop/Multiclass/data/train\fish sea_food red_mullet\U0NV0QV3II01.jpg,fish sea_food red_mullet,256,256,JPEG
C:/Users/conta/OneDrive/Desktop/Multiclass/data/train\fish sea_food red_mullet\U0X5ZAMLB20T.jpg,fish sea_food red_mullet,256,256,JPEG
C:/Users/conta/OneDrive/Desktop/Multiclass/data/train\fish sea_food red_mullet\U5OT2G2IGBFE.jpg,fish sea_food red_mullet,256,256,JPEG
C:/Users/conta/OneDrive/Desktop/Multiclass/data/train\fish sea_food red_mullet\U8KH64B9J66L.jpg,fish sea_food red_mullet,256,256,JPEG
C:/Users/conta/OneDrive/Desktop/Multiclass/data/train\fish sea_food red_mullet\UBG3TFG43P5T.jpg,fish sea_food red_mullet,256,256,JPEG
C:/Users/conta/OneDrive/Desktop/Multiclass/data/train\fish sea_food red_mullet\UCG90B80H6FA.jpg,fish sea_food red_mullet,256,256,JPEG
C:/Users/conta/OneDrive/Desktop/Multiclass/data/train\fish sea_food red_mullet\UHB91VJLF5XY.jpg,fish sea_food red_mullet,256,256,JPEG
C:/Users/conta/OneDrive/Desktop/Multiclass/data/train\fish sea_food red_mullet\UHJUL06U9MO6.jpg,fish sea_food red_mullet,256,256,JPEG
C:/Users/conta/OneDrive/Desktop/Multiclass/data/train\fish sea_food red_mullet\UJROLJ5ODH4J.jpg,fish sea_food red_mullet,256,256,JPEG
C:/Users/conta/OneDrive/Desktop/Multiclass/data/train\fish sea_food red_mullet\ULCI57NKFFTX.jpg,fish sea_food red_mullet,256,256,JPEG
C:/Users/conta/OneDrive/Desktop/Multiclass/data/train\fish sea_food red_mullet\UTVFAXSPHP1W.jpg,fish sea_food red_mullet,256,256,JPEG
C:/Users/conta/OneDrive/Desktop/Multiclass/data/train\fish sea_food red_mullet\UX04I7N06EKK.jpg,fish sea_food red_mullet,256,256,JPEG
C:/Users/conta/OneDrive/Desktop/Multiclass/data/train\fish sea_food red_mullet\V63747L22KXX.jpg,fish sea_food red_mullet,256,256,JPEG
C:/Users/conta/OneDrive/Desktop/Multiclass/data/train\fish sea_food red_mullet\VF439WB0QRR1.jpg,fish sea_food red_mullet,256,256,JPEG
C:/Users/conta/OneDrive/Desktop/Multiclass/data/train\fish sea_food red_mullet\VGC4J9JGF48S.jpg,fish sea_food red_mullet,256,256,JPEG
C:/Users/conta/OneDrive/Desktop/Multiclass/data/train\fish sea_food red_mullet\VHGSF9XYZUNI.jpg,fish sea_food red_mullet,256,256,JPEG
C:/Users/conta/OneDrive/Desktop/Multiclass/data/train\fish sea_food red_mullet\VJFFLDW9VZ90.jpg,fish sea_food red_mullet,256,256,JPEG
C:/Users/conta/OneDrive/Desktop/Multiclass/data/train\fish sea_food red_mullet\VOVWER8WX6JS.jpg,fish sea_food red_mullet,256,256,JPEG
C:/Users/conta/OneDrive/Desktop/Multiclass/data/train\fish sea_food red_mullet\VV71PAHBY42A.jpg,fish sea_food red_mullet,256,256,JPEG
C:/Users/conta/OneDrive/Desktop/Multiclass/data/train\fish sea_food red_mullet\W2UCC8NU8YML.jpg,fish sea_food red_mullet,256,256,JPEG
C:/Users/conta/OneDrive/Desktop/Multiclass/data/train\fish sea_food red_mullet\W375673ZOY6N.jpg,fish sea_food red_mullet,256,256,JPEG
C:/Users/conta/OneDrive/Desktop/Multiclass/data/train\fish sea_food red_mullet\WA6S270EPMCI.jpg,fish sea_food red_mullet,256,256,JPEG
C:/Users/conta/OneDrive/Desktop/Multiclass/data/train\fish sea_food red_mullet\WAELZMMH8T2O.jpg,fish sea_food red_mullet,256,256,JPEG
C:/Users/conta/OneDrive/Desktop/Multiclass/data/train\fish sea_food red_mullet\WDJW76JW54EH.jpg,fish sea_food red_mullet,256,256,JPEG
C:/Users/conta/OneDrive/Desktop/Multiclass/data/train\fish sea_food red_mullet\WEMBT856CJQE.jpg,fish sea_food red_mullet,256,256,JPEG
C:/Users/conta/OneDrive/Desktop/Multiclass/data/train\fish sea_food red_mullet\WG4TOT5LCGRF.jpg,fish sea_food red_mullet,256,256,JPEG
C:/Users/conta/OneDrive/Desktop/Multiclass/data/train\fish sea_food red_mullet\WGP7IDFHBBRV.jpg,fish sea_food red_mullet,256,256,JPEG
C:/Users/conta/OneDrive/Desktop/Multiclass/data/train\fish sea_food red_mullet\WH0Y06J2DWEY.jpg,fish sea_food red_mullet,256,256,JPEG
C:/Users/conta/OneDrive/Desktop/Multiclass/data/train\fish sea_food red_mullet\WHB4N252ASYP.jpg,fish sea_food red_mullet,256,256,JPEG
C:/Users/conta/OneDrive/Desktop/Multiclass/data/train\fish sea_food red_mullet\WIR9O9VUTRDH.jpg,fish sea_food red_mullet,256,256,JPEG
C:/Users/conta/OneDrive/Desktop/Multiclass/data/train\fish sea_food red_mullet\WJM0C3PYR6I7.jpg,fish sea_food red_mullet,256,256,JPEG
C:/Users/conta/OneDrive/Desktop/Multiclass/data/train\fish sea_food red_mullet\WJN7NMQKVV4F.jpg,fish sea_food red_mullet,256,256,JPEG
C:/Users/conta/OneDrive/Desktop/Multiclass/data/train\fish sea_food red_mullet\WLEN9SOXXERU.jpg,fish sea_food red_mullet,256,256,JPEG
C:/Users/conta/OneDrive/Desktop/Multiclass/data/train\fish sea_food red_mullet\WNX4X9APUXNR.jpg,fish sea_food red_mullet,256,256,JPEG
C:/Users/conta/OneDrive/Desktop/Multiclass/data/train\fish sea_food red_mullet\WR3MTWA0GN8T.jpg,fish sea_food red_mullet,256,256,JPEG
C:/Users/conta/OneDrive/Desktop/Multiclass/data/train\fish sea_food red_mullet\WRUYD8AXDDSD.jpg,fish sea_food red_mullet,256,256,JPEG
C:/Users/conta/OneDrive/Desktop/Multiclass/data/train\fish sea_food red_mullet\WTF5DM2B6AB3.jpg,fish sea_food red_mullet,256,256,JPEG
C:/Users/conta/OneDrive/Desktop/Multiclass/data/train\fish sea_food red_mullet\WTOU52WSL0MQ.jpg,fish sea_food red_mullet,256,256,JPEG
C:/Users/conta/OneDrive/Desktop/Multiclass/data/train\fish sea_food red_mullet\WU6CO00PQ8DH.jpg,fish sea_food red_mullet,256,256,JPEG
C:/Users/conta/OneDrive/Desktop/Multiclass/data/train\fish sea_food red_mullet\WXB53QAQD4YI.jpg,fish sea_food red_mullet,256,256,JPEG
C:/Users/conta/OneDrive/Desktop/Multiclass/data/train\fish sea_food red_mullet\WZEOPWI5JG99.jpg,fish sea_food red_mullet,256,256,JPEG
C:/Users/conta/OneDrive/Desktop/Multiclass/data/train\fish sea_food red_mullet\X0UURP1EZDXU.jpg,fish sea_food red_mullet,256,256,JPEG
C:/Users/conta/OneDrive/Desktop/Multiclass/data/train\fish sea_food red_mullet\X17DGEG1KTXN.jpg,fish sea_food red_mullet,256,256,JPEG
C:/Users/conta/OneDrive/Desktop/Multiclass/data/train\fish sea_food red_mullet\X2J0BRUPQVRO.jpg,fish sea_food red_mullet,256,256,JPEG
C:/Users/conta/OneDrive/Desktop/Multiclass/data/train\fish sea_food red_mullet\X3R0EC35AJ9U.jpg,fish sea_food red_mullet,256,256,JPEG
C:/Users/conta/OneDrive/Desktop/Multiclass/data/train\fish sea_food red_mullet\X4CCVY59QV2U.jpg,fish sea_food red_mullet,256,256,JPEG
C:/Users/conta/OneDrive/Desktop/Multiclass/data/train\fish sea_food red_mullet\X4J09CS3QMVA.jpg,fish sea_food red_mullet,256,256,JPEG
C:/Users/conta/OneDrive/Desktop/Multiclass/data/train\fish sea_food red_mullet\X5I847HKL3OE.jpg,fish sea_food red_mullet,256,256,JPEG
C:/Users/conta/OneDrive/Desktop/Multiclass/data/train\fish sea_food red_mullet\X8VNHH2FA6P6.jpg,fish sea_food red_mullet,256,256,JPEG
C:/Users/conta/OneDrive/Desktop/Multiclass/data/train\fish sea_food red_mullet\XGCWFUV548RB.jpg,fish sea_food red_mullet,256,256,JPEG
C:/Users/conta/OneDrive/Desktop/Multiclass/data/train\fish sea_food red_mullet\XJAXD3FUL3LH.jpg,fish sea_food red_mullet,256,256,JPEG
C:/Users/conta/OneDrive/Desktop/Multiclass/data/train\fish sea_food red_mullet\XJQ7JM6VFCG3.jpg,fish sea_food red_mullet,256,256,JPEG
C:/Users/conta/OneDrive/Desktop/Multiclass/data/train\fish sea_food red_mullet\XKARKVINB1RS.jpg,fish sea_food red_mullet,256,256,JPEG
C:/Users/conta/OneDrive/Desktop/Multiclass/data/train\fish sea_food red_mullet\XKMALIWU5EGY.jpg,fish sea_food red_mullet,256,256,JPEG
C:/Users/conta/OneDrive/Desktop/Multiclass/data/train\fish sea_food red_mullet\XLTEKAG17N2A.jpg,fish sea_food red_mullet,256,256,JPEG
C:/Users/conta/OneDrive/Desktop/Multiclass/data/train\fish sea_food red_mullet\XTQ2SCF91MEH.jpg,fish sea_food red_mullet,256,256,JPEG
C:/Users/conta/OneDrive/Desktop/Multiclass/data/train\fish sea_food red_mullet\XUFZLB2M56K7.jpg,fish sea_food red_mullet,256,256,JPEG
C:/Users/conta/OneDrive/Desktop/Multiclass/data/train\fish sea_food red_mullet\XWYICYA1N039.jpg,fish sea_food red_mullet,256,256,JPEG
C:/Users/conta/OneDrive/Desktop/Multiclass/data/train\fish sea_food red_mullet\XZQKQQRUZJBM.jpg,fish sea_food red_mullet,256,256,JPEG
C:/Users/conta/OneDrive/Desktop/Multiclass/data/train\fish sea_food red_mullet\Y7K43N7YSVDB.jpg,fish sea_food red_mullet,256,256,JPEG
C:/Users/conta/OneDrive/Desktop/Multiclass/data/train\fish sea_food red_mullet\YBS40WT4RULT.jpg,fish sea_food red_mullet,256,256,JPEG
C:/Users/conta/OneDrive/Desktop/Multiclass/data/train\fish sea_food red_mullet\YD23ESY6002N.jpg,fish sea_food red_mullet,256,256,JPEG
C:/Users/conta/OneDrive/Desktop/Multiclass/data/train\fish sea_food red_mullet\YE8UBQP8ARS6.jpg,fish sea_food red_mullet,256,256,JPEG
C:/Users/conta/OneDrive/Desktop/Multiclass/data/train\fish sea_food red_mullet\YGG9DVB2MIEN.jpg,fish sea_food red_mullet,256,256,JPEG
C:/Users/conta/OneDrive/Desktop/Multiclass/data/train\fish sea_food red_mullet\YH5LR7XV9V47.jpg,fish sea_food red_mullet,256,256,JPEG
C:/Users/conta/OneDrive/Desktop/Multiclass/data/train\fish sea_food red_mullet\YHOD9VFYCOBX.jpg,fish sea_food red_mullet,256,256,JPEG
C:/Users/conta/OneDrive/Desktop/Multiclass/data/train\fish sea_food red_mullet\YHU9EJOIVVLV.jpg,fish sea_food red_mullet,256,256,JPEG
C:/Users/conta/OneDrive/Desktop/Multiclass/data/train\fish sea_food red_mullet\YJ41LME02H4K.jpg,fish sea_food red_mullet,256,256,JPEG
C:/Users/conta/OneDrive/Desktop/Multiclass/data/train\fish sea_food red_mullet\YLD7UT5H65Q1.jpg,fish sea_food red_mullet,256,256,JPEG
C:/Users/conta/OneDrive/Desktop/Multiclass/data/train\fish sea_food red_mullet\YM6485YE6M7L.jpg,fish sea_food red_mullet,256,256,JPEG
C:/Users/conta/OneDrive/Desktop/Multiclass/data/train\fish sea_food red_mullet\YPMAI6SZBM4V.jpg,fish sea_food red_mullet,256,256,JPEG
C:/Users/conta/OneDrive/Desktop/Multiclass/data/train\fish sea_food red_mullet\YSN651PVKD19.jpg,fish sea_food red_mullet,256,256,JPEG
C:/Users/conta/OneDrive/Desktop/Multiclass/data/train\fish sea_food red_mullet\YT3KVLBTVQ5M.jpg,fish sea_food red_mullet,256,256,JPEG
C:/Users/conta/OneDrive/Desktop/Multiclass/data/train\fish sea_food red_mullet\YZ93W4MAYMBN.jpg,fish sea_food red_mullet,256,256,JPEG
C:/Users/conta/OneDrive/Desktop/Multiclass/data/train\fish sea_food red_mullet\Z4D0AX6ZXCFV.jpg,fish sea_food red_mullet,256,256,JPEG
C:/Users/conta/OneDrive/Desktop/Multiclass/data/train\fish sea_food red_mullet\Z55Y910CP4CY.jpg,fish sea_food red_mullet,256,256,JPEG
C:/Users/conta/OneDrive/Desktop/Multiclass/data/train\fish sea_food red_mullet\Z683FBKWJBJY.jpg,fish sea_food red_mullet,256,256,JPEG
C:/Users/conta/OneDrive/Desktop/Multiclass/data/train\fish sea_food red_mullet\Z7WZ78EPAU8H.jpg,fish sea_food red_mullet,256,256,JPEG
C:/Users/conta/OneDrive/Desktop/Multiclass/data/train\fish sea_food red_mullet\Z84FMWOMJ00H.jpg,fish sea_food red_mullet,256,256,JPEG
C:/Users/conta/OneDrive/Desktop/Multiclass/data/train\fish sea_food red_mullet\Z8KF9GJ2I138.jpg,fish sea_food red_mullet,256,256,JPEG
C:/Users/conta/OneDrive/Desktop/Multiclass/data/train\fish sea_food red_mullet\Z9QYU85NHOLF.jpg,fish sea_food red_mullet,256,256,JPEG
C:/Users/conta/OneDrive/Desktop/Multiclass/data/train\fish sea_food red_mullet\ZIUWSJRGBLMC.jpg,fish sea_food red_mullet,256,256,JPEG
C:/Users/conta/OneDrive/Desktop/Multiclass/data/train\fish sea_food red_mullet\ZJ0BTKTL2ZQN.jpg,fish sea_food red_mullet,256,256,JPEG
C:/Users/conta/OneDrive/Desktop/Multiclass/data/train\fish sea_food red_mullet\ZL8QIXYDEV8G.jpg,fish sea_food red_mullet,256,256,JPEG
C:/Users/conta/OneDrive/Desktop/Multiclass/data/train\fish sea_food red_mullet\ZPE5TZ09ME9N.jpg,fish sea_food red_mullet,256,256,JPEG
C:/Users/conta/OneDrive/Desktop/Multiclass/data/train\fish sea_food red_mullet\ZS2VR20PVRCO.jpg,fish sea_food red_mullet,256,256,JPEG
C:/Users/conta/OneDrive/Desktop/Multiclass/data/train\fish sea_food red_mullet\ZWBIV3UFL2NR.jpg,fish sea_food red_mullet,256,256,JPEG
C:/Users/conta/OneDrive/Desktop/Multiclass/data/train\fish sea_food red_mullet\ZXQY405428Z5.jpg,fish sea_food red_mullet,256,256,JPEG
C:/Users/conta/OneDrive/Desktop/Multiclass/data/train\fish sea_food red_sea_bream\008AYVANS2AM.jpg,fish sea_food red_sea_bream,256,256,JPEG
C:/Users/conta/OneDrive/Desktop/Multiclass/data/train\fish sea_food red_sea_bream\0091J90Z84GA.jpg,fish sea_food red_sea_bream,256,256,JPEG
C:/Users/conta/OneDrive/Desktop/Multiclass/data/train\fish sea_food red_sea_bream\00FI3ABRYRRY.jpg,fish sea_food red_sea_bream,256,256,JPEG
C:/Users/conta/OneDrive/Desktop/Multiclass/data/train\fish sea_food red_sea_bream\02SE5VWFUIWI.jpg,fish sea_food red_sea_bream,256,256,JPEG
C:/Users/conta/OneDrive/Desktop/Multiclass/data/train\fish sea_food red_sea_bream\03724QGPCD4F.jpg,fish sea_food red_sea_bream,256,256,JPEG
C:/Users/conta/OneDrive/Desktop/Multiclass/data/train\fish sea_food red_sea_bream\04R900OM1WM5.jpg,fish sea_food red_sea_bream,256,256,JPEG
C:/Users/conta/OneDrive/Desktop/Multiclass/data/train\fish sea_food red_sea_bream\086M4EVSYMQG.jpg,fish sea_food red_sea_bream,256,256,JPEG
C:/Users/conta/OneDrive/Desktop/Multiclass/data/train\fish sea_food red_sea_bream\0IXSJJPEX1DW.jpg,fish sea_food red_sea_bream,256,256,JPEG
C:/Users/conta/OneDrive/Desktop/Multiclass/data/train\fish sea_food red_sea_bream\0JTXUANUUUMQ.jpg,fish sea_food red_sea_bream,256,256,JPEG
C:/Users/conta/OneDrive/Desktop/Multiclass/data/train\fish sea_food red_sea_bream\0LTYFCQW85CI.jpg,fish sea_food red_sea_bream,256,256,JPEG
C:/Users/conta/OneDrive/Desktop/Multiclass/data/train\fish sea_food red_sea_bream\0MF9W3IXD1YZ.jpg,fish sea_food red_sea_bream,256,256,JPEG
C:/Users/conta/OneDrive/Desktop/Multiclass/data/train\fish sea_food red_sea_bream\0O8322ER4FSV.jpg,fish sea_food red_sea_bream,256,256,JPEG
C:/Users/conta/OneDrive/Desktop/Multiclass/data/train\fish sea_food red_sea_bream\0PM0AMP1207Z.jpg,fish sea_food red_sea_bream,256,256,JPEG
C:/Users/conta/OneDrive/Desktop/Multiclass/data/train\fish sea_food red_sea_bream\0TH2Q12RGZNE.jpg,fish sea_food red_sea_bream,256,256,JPEG
C:/Users/conta/OneDrive/Desktop/Multiclass/data/train\fish sea_food red_sea_bream\0UVAIO898MD5.jpg,fish sea_food red_sea_bream,256,256,JPEG
C:/Users/conta/OneDrive/Desktop/Multiclass/data/train\fish sea_food red_sea_bream\0Z34ZPWT2IDD.jpg,fish sea_food red_sea_bream,256,256,JPEG
C:/Users/conta/OneDrive/Desktop/Multiclass/data/train\fish sea_food red_sea_bream\10FL35A1OLKY.jpg,fish sea_food red_sea_bream,256,256,JPEG
C:/Users/conta/OneDrive/Desktop/Multiclass/data/train\fish sea_food red_sea_bream\10T5BH3VYU0F.jpg,fish sea_food red_sea_bream,256,256,JPEG
C:/Users/conta/OneDrive/Desktop/Multiclass/data/train\fish sea_food red_sea_bream\15TJDYG37ZKR.jpg,fish sea_food red_sea_bream,256,256,JPEG
C:/Users/conta/OneDrive/Desktop/Multiclass/data/train\fish sea_food red_sea_bream\1GGC4BQ9VRXV.jpg,fish sea_food red_sea_bream,256,256,JPEG
C:/Users/conta/OneDrive/Desktop/Multiclass/data/train\fish sea_food red_sea_bream\1HZA9XUX129M.jpg,fish sea_food red_sea_bream,256,256,JPEG
C:/Users/conta/OneDrive/Desktop/Multiclass/data/train\fish sea_food red_sea_bream\1JRMDGXLJ96K.jpg,fish sea_food red_sea_bream,256,256,JPEG
C:/Users/conta/OneDrive/Desktop/Multiclass/data/train\fish sea_food red_sea_bream\1KOCJ0LY8P0N.jpg,fish sea_food red_sea_bream,256,256,JPEG
C:/Users/conta/OneDrive/Desktop/Multiclass/data/train\fish sea_food red_sea_bream\1PY8XFVPV8YQ.jpg,fish sea_food red_sea_bream,256,256,JPEG
C:/Users/conta/OneDrive/Desktop/Multiclass/data/train\fish sea_food red_sea_bream\1RUUNYBKEM9Y.jpg,fish sea_food red_sea_bream,256,256,JPEG
C:/Users/conta/OneDrive/Desktop/Multiclass/data/train\fish sea_food red_sea_bream\1TZTWYZPMIQC.jpg,fish sea_food red_sea_bream,256,256,JPEG
C:/Users/conta/OneDrive/Desktop/Multiclass/data/train\fish sea_food red_sea_bream\23X2YFD45OPS.jpg,fish sea_food red_sea_bream,256,256,JPEG
C:/Users/conta/OneDrive/Desktop/Multiclass/data/train\fish sea_food red_sea_bream\25B19QNIKG3F.jpg,fish sea_food red_sea_bream,256,256,JPEG
C:/Users/conta/OneDrive/Desktop/Multiclass/data/train\fish sea_food red_sea_bream\26CKOUMUQXJ3.jpg,fish sea_food red_sea_bream,256,256,JPEG
C:/Users/conta/OneDrive/Desktop/Multiclass/data/train\fish sea_food red_sea_bream\28H9Z6YSIVE6.jpg,fish sea_food red_sea_bream,256,256,JPEG
C:/Users/conta/OneDrive/Desktop/Multiclass/data/train\fish sea_food red_sea_bream\28QVF74B9T9N.jpg,fish sea_food red_sea_bream,256,256,JPEG
C:/Users/conta/OneDrive/Desktop/Multiclass/data/train\fish sea_food red_sea_bream\2C2MYHAD1VBZ.jpg,fish sea_food red_sea_bream,256,256,JPEG
C:/Users/conta/OneDrive/Desktop/Multiclass/data/train\fish sea_food red_sea_bream\2FDQMLSON0E8.jpg,fish sea_food red_sea_bream,256,256,JPEG
C:/Users/conta/OneDrive/Desktop/Multiclass/data/train\fish sea_food red_sea_bream\2HOQ3G3B0QJD.jpg,fish sea_food red_sea_bream,256,256,JPEG
C:/Users/conta/OneDrive/Desktop/Multiclass/data/train\fish sea_food red_sea_bream\2I1M655B3AVB.jpg,fish sea_food red_sea_bream,256,256,JPEG
C:/Users/conta/OneDrive/Desktop/Multiclass/data/train\fish sea_food red_sea_bream\2IBSAJ8VT8XY.jpg,fish sea_food red_sea_bream,256,256,JPEG
C:/Users/conta/OneDrive/Desktop/Multiclass/data/train\fish sea_food red_sea_bream\2QQK89GAT0M6.jpg,fish sea_food red_sea_bream,256,256,JPEG
C:/Users/conta/OneDrive/Desktop/Multiclass/data/train\fish sea_food red_sea_bream\2UMLHZ85C0KR.jpg,fish sea_food red_sea_bream,256,256,JPEG
C:/Users/conta/OneDrive/Desktop/Multiclass/data/train\fish sea_food red_sea_bream\2VNO9IJH4RWI.jpg,fish sea_food red_sea_bream,256,256,JPEG
C:/Users/conta/OneDrive/Desktop/Multiclass/data/train\fish sea_food red_sea_bream\2WKG6YS7GO61.jpg,fish sea_food red_sea_bream,256,256,JPEG
C:/Users/conta/OneDrive/Desktop/Multiclass/data/train\fish sea_food red_sea_bream\2WZBHEJ0BFR7.jpg,fish sea_food red_sea_bream,256,256,JPEG
C:/Users/conta/OneDrive/Desktop/Multiclass/data/train\fish sea_food red_sea_bream\2Y2XV6XAKSNP.jpg,fish sea_food red_sea_bream,256,256,JPEG
C:/Users/conta/OneDrive/Desktop/Multiclass/data/train\fish sea_food red_sea_bream\2ZT9K91F5H9B.jpg,fish sea_food red_sea_bream,256,256,JPEG
C:/Users/conta/OneDrive/Desktop/Multiclass/data/train\fish sea_food red_sea_bream\30OH6M112SM2.jpg,fish sea_food red_sea_bream,256,256,JPEG
C:/Users/conta/OneDrive/Desktop/Multiclass/data/train\fish sea_food red_sea_bream\356IPF1VYF3T.jpg,fish sea_food red_sea_bream,256,256,JPEG
C:/Users/conta/OneDrive/Desktop/Multiclass/data/train\fish sea_food red_sea_bream\36AFA13DLWIA.jpg,fish sea_food red_sea_bream,256,256,JPEG
C:/Users/conta/OneDrive/Desktop/Multiclass/data/train\fish sea_food red_sea_bream\37RMI5DJ5Z26.jpg,fish sea_food red_sea_bream,256,256,JPEG
C:/Users/conta/OneDrive/Desktop/Multiclass/data/train\fish sea_food red_sea_bream\3AQRBLOWZO63.jpg,fish sea_food red_sea_bream,256,256,JPEG
C:/Users/conta/OneDrive/Desktop/Multiclass/data/train\fish sea_food red_sea_bream\3FVOFW9QN6V4.jpg,fish sea_food red_sea_bream,256,256,JPEG
C:/Users/conta/OneDrive/Desktop/Multiclass/data/train\fish sea_food red_sea_bream\3JAJX69DILMG.jpg,fish sea_food red_sea_bream,256,256,JPEG
C:/Users/conta/OneDrive/Desktop/Multiclass/data/train\fish sea_food red_sea_bream\3JVMPS6G1ZNB.jpg,fish sea_food red_sea_bream,256,256,JPEG
C:/Users/conta/OneDrive/Desktop/Multiclass/data/train\fish sea_food red_sea_bream\3JYGH6VO0747.jpg,fish sea_food red_sea_bream,256,256,JPEG
C:/Users/conta/OneDrive/Desktop/Multiclass/data/train\fish sea_food red_sea_bream\3MQZCIU642JV.jpg,fish sea_food red_sea_bream,256,256,JPEG
C:/Users/conta/OneDrive/Desktop/Multiclass/data/train\fish sea_food red_sea_bream\3MUKVAKBLU8X.jpg,fish sea_food red_sea_bream,256,256,JPEG
C:/Users/conta/OneDrive/Desktop/Multiclass/data/train\fish sea_food red_sea_bream\3O61OIK5O8Z4.jpg,fish sea_food red_sea_bream,256,256,JPEG
C:/Users/conta/OneDrive/Desktop/Multiclass/data/train\fish sea_food red_sea_bream\3RVSE5FI6NAE.jpg,fish sea_food red_sea_bream,256,256,JPEG
C:/Users/conta/OneDrive/Desktop/Multiclass/data/train\fish sea_food red_sea_bream\3WPPHQ2CTK83.jpg,fish sea_food red_sea_bream,256,256,JPEG
C:/Users/conta/OneDrive/Desktop/Multiclass/data/train\fish sea_food red_sea_bream\41Y6BXTHWJO5.jpg,fish sea_food red_sea_bream,256,256,JPEG
C:/Users/conta/OneDrive/Desktop/Multiclass/data/train\fish sea_food red_sea_bream\43NLH7DHIPI9.jpg,fish sea_food red_sea_bream,256,256,JPEG
C:/Users/conta/OneDrive/Desktop/Multiclass/data/train\fish sea_food red_sea_bream\45KUT2UMZBSR.jpg,fish sea_food red_sea_bream,256,256,JPEG
C:/Users/conta/OneDrive/Desktop/Multiclass/data/train\fish sea_food red_sea_bream\46F3FTEXSP7W.jpg,fish sea_food red_sea_bream,256,256,JPEG
C:/Users/conta/OneDrive/Desktop/Multiclass/data/train\fish sea_food red_sea_bream\47JF5Z3ZW1YD.jpg,fish sea_food red_sea_bream,256,256,JPEG
C:/Users/conta/OneDrive/Desktop/Multiclass/data/train\fish sea_food red_sea_bream\47TWDXENCLOA.jpg,fish sea_food red_sea_bream,256,256,JPEG
C:/Users/conta/OneDrive/Desktop/Multiclass/data/train\fish sea_food red_sea_bream\484F5DDU1YB6.jpg,fish sea_food red_sea_bream,256,256,JPEG
C:/Users/conta/OneDrive/Desktop/Multiclass/data/train\fish sea_food red_sea_bream\48VHQ8RWYBL1.jpg,fish sea_food red_sea_bream,256,256,JPEG
C:/Users/conta/OneDrive/Desktop/Multiclass/data/train\fish sea_food red_sea_bream\497933H7Z0MH.jpg,fish sea_food red_sea_bream,256,256,JPEG
C:/Users/conta/OneDrive/Desktop/Multiclass/data/train\fish sea_food red_sea_bream\4AHDHYNP2U2U.jpg,fish sea_food red_sea_bream,256,256,JPEG
C:/Users/conta/OneDrive/Desktop/Multiclass/data/train\fish sea_food red_sea_bream\4ASO6505X2E9.jpg,fish sea_food red_sea_bream,256,256,JPEG
C:/Users/conta/OneDrive/Desktop/Multiclass/data/train\fish sea_food red_sea_bream\4B30G8PW80XI.jpg,fish sea_food red_sea_bream,256,256,JPEG
C:/Users/conta/OneDrive/Desktop/Multiclass/data/train\fish sea_food red_sea_bream\4FRARQLEZ7IM.jpg,fish sea_food red_sea_bream,256,256,JPEG
C:/Users/conta/OneDrive/Desktop/Multiclass/data/train\fish sea_food red_sea_bream\4GN9RF10GUWB.jpg,fish sea_food red_sea_bream,256,256,JPEG
C:/Users/conta/OneDrive/Desktop/Multiclass/data/train\fish sea_food red_sea_bream\4JJOR61S88CA.jpg,fish sea_food red_sea_bream,256,256,JPEG
C:/Users/conta/OneDrive/Desktop/Multiclass/data/train\fish sea_food red_sea_bream\4O887162C9XJ.jpg,fish sea_food red_sea_bream,256,256,JPEG
C:/Users/conta/OneDrive/Desktop/Multiclass/data/train\fish sea_food red_sea_bream\4PDN9ZYQM9S2.jpg,fish sea_food red_sea_bream,256,256,JPEG
C:/Users/conta/OneDrive/Desktop/Multiclass/data/train\fish sea_food red_sea_bream\4S69ZFGOU7D5.jpg,fish sea_food red_sea_bream,256,256,JPEG
C:/Users/conta/OneDrive/Desktop/Multiclass/data/train\fish sea_food red_sea_bream\4WODCC0Y4SSH.jpg,fish sea_food red_sea_bream,256,256,JPEG
C:/Users/conta/OneDrive/Desktop/Multiclass/data/train\fish sea_food red_sea_bream\513M7ITBPSKN.jpg,fish sea_food red_sea_bream,256,256,JPEG
C:/Users/conta/OneDrive/Desktop/Multiclass/data/train\fish sea_food red_sea_bream\53WIBH129O3P.jpg,fish sea_food red_sea_bream,256,256,JPEG
C:/Users/conta/OneDrive/Desktop/Multiclass/data/train\fish sea_food red_sea_bream\5F9EL7KP71IN.jpg,fish sea_food red_sea_bream,256,256,JPEG
C:/Users/conta/OneDrive/Desktop/Multiclass/data/train\fish sea_food red_sea_bream\5G6FDWYYN7TT.jpg,fish sea_food red_sea_bream,256,256,JPEG
C:/Users/conta/OneDrive/Desktop/Multiclass/data/train\fish sea_food red_sea_bream\5GZS8CDE6W2O.jpg,fish sea_food red_sea_bream,256,256,JPEG
C:/Users/conta/OneDrive/Desktop/Multiclass/data/train\fish sea_food red_sea_bream\5I2H15T6LFIN.jpg,fish sea_food red_sea_bream,256,256,JPEG
C:/Users/conta/OneDrive/Desktop/Multiclass/data/train\fish sea_food red_sea_bream\5N2H8ON5NJY9.jpg,fish sea_food red_sea_bream,256,256,JPEG
C:/Users/conta/OneDrive/Desktop/Multiclass/data/train\fish sea_food red_sea_bream\5O9GGJMO879D.jpg,fish sea_food red_sea_bream,256,256,JPEG
C:/Users/conta/OneDrive/Desktop/Multiclass/data/train\fish sea_food red_sea_bream\5QG1VDX1EVVR.jpg,fish sea_food red_sea_bream,256,256,JPEG
C:/Users/conta/OneDrive/Desktop/Multiclass/data/train\fish sea_food red_sea_bream\5QUHWGJUPN1W.jpg,fish sea_food red_sea_bream,256,256,JPEG
C:/Users/conta/OneDrive/Desktop/Multiclass/data/train\fish sea_food red_sea_bream\5RDB0NK9ZDWE.jpg,fish sea_food red_sea_bream,256,256,JPEG
C:/Users/conta/OneDrive/Desktop/Multiclass/data/train\fish sea_food red_sea_bream\5T1FHB99I3ZG.jpg,fish sea_food red_sea_bream,256,256,JPEG
C:/Users/conta/OneDrive/Desktop/Multiclass/data/train\fish sea_food red_sea_bream\5VYRS3TN3JVT.jpg,fish sea_food red_sea_bream,256,256,JPEG
C:/Users/conta/OneDrive/Desktop/Multiclass/data/train\fish sea_food red_sea_bream\5WSLKRK8W6AN.jpg,fish sea_food red_sea_bream,256,256,JPEG
C:/Users/conta/OneDrive/Desktop/Multiclass/data/train\fish sea_food red_sea_bream\5XHAMP9NZLYA.jpg,fish sea_food red_sea_bream,256,256,JPEG
C:/Users/conta/OneDrive/Desktop/Multiclass/data/train\fish sea_food red_sea_bream\5YUPX5NQEL0J.jpg,fish sea_food red_sea_bream,256,256,JPEG
C:/Users/conta/OneDrive/Desktop/Multiclass/data/train\fish sea_food red_sea_bream\5ZWH8DIEVJ87.jpg,fish sea_food red_sea_bream,256,256,JPEG
C:/Users/conta/OneDrive/Desktop/Multiclass/data/train\fish sea_food red_sea_bream\615E5KG42GKT.jpg,fish sea_food red_sea_bream,256,256,JPEG
C:/Users/conta/OneDrive/Desktop/Multiclass/data/train\fish sea_food red_sea_bream\62Y2PJP950FO.jpg,fish sea_food red_sea_bream,256,256,JPEG
C:/Users/conta/OneDrive/Desktop/Multiclass/data/train\fish sea_food red_sea_bream\64TAY2W74MFK.jpg,fish sea_food red_sea_bream,256,256,JPEG
C:/Users/conta/OneDrive/Desktop/Multiclass/data/train\fish sea_food red_sea_bream\66K5VMIOQQG2.jpg,fish sea_food red_sea_bream,256,256,JPEG
C:/Users/conta/OneDrive/Desktop/Multiclass/data/train\fish sea_food red_sea_bream\672Q1KA0FJEL.jpg,fish sea_food red_sea_bream,256,256,JPEG
C:/Users/conta/OneDrive/Desktop/Multiclass/data/train\fish sea_food red_sea_bream\67TPS681CQPR.jpg,fish sea_food red_sea_bream,256,256,JPEG
C:/Users/conta/OneDrive/Desktop/Multiclass/data/train\fish sea_food red_sea_bream\67VFXAMXYUE9.jpg,fish sea_food red_sea_bream,256,256,JPEG
C:/Users/conta/OneDrive/Desktop/Multiclass/data/train\fish sea_food red_sea_bream\69IIM32HZJPX.jpg,fish sea_food red_sea_bream,256,256,JPEG
C:/Users/conta/OneDrive/Desktop/Multiclass/data/train\fish sea_food red_sea_bream\69O7O97DWO1A.jpg,fish sea_food red_sea_bream,256,256,JPEG
C:/Users/conta/OneDrive/Desktop/Multiclass/data/train\fish sea_food red_sea_bream\6DQISWPDQ0FF.jpg,fish sea_food red_sea_bream,256,256,JPEG
C:/Users/conta/OneDrive/Desktop/Multiclass/data/train\fish sea_food red_sea_bream\6H7HONH9CLGM.jpg,fish sea_food red_sea_bream,256,256,JPEG
C:/Users/conta/OneDrive/Desktop/Multiclass/data/train\fish sea_food red_sea_bream\6KPLZCYED1SB.jpg,fish sea_food red_sea_bream,256,256,JPEG
C:/Users/conta/OneDrive/Desktop/Multiclass/data/train\fish sea_food red_sea_bream\6MAT1Z6T5RQK.jpg,fish sea_food red_sea_bream,256,256,JPEG
C:/Users/conta/OneDrive/Desktop/Multiclass/data/train\fish sea_food red_sea_bream\6T45N318Q258.jpg,fish sea_food red_sea_bream,256,256,JPEG
C:/Users/conta/OneDrive/Desktop/Multiclass/data/train\fish sea_food red_sea_bream\6WHK9103HX88.jpg,fish sea_food red_sea_bream,256,256,JPEG
C:/Users/conta/OneDrive/Desktop/Multiclass/data/train\fish sea_food red_sea_bream\73DLJKIAK3GO.jpg,fish sea_food red_sea_bream,256,256,JPEG
C:/Users/conta/OneDrive/Desktop/Multiclass/data/train\fish sea_food red_sea_bream\74AVKDH60Z8F.jpg,fish sea_food red_sea_bream,256,256,JPEG
C:/Users/conta/OneDrive/Desktop/Multiclass/data/train\fish sea_food red_sea_bream\76FULTT2IZ6C.jpg,fish sea_food red_sea_bream,256,256,JPEG
C:/Users/conta/OneDrive/Desktop/Multiclass/data/train\fish sea_food red_sea_bream\7A07BNL7EYKM.jpg,fish sea_food red_sea_bream,256,256,JPEG
C:/Users/conta/OneDrive/Desktop/Multiclass/data/train\fish sea_food red_sea_bream\7CFXMB8E8VTD.jpg,fish sea_food red_sea_bream,256,256,JPEG
C:/Users/conta/OneDrive/Desktop/Multiclass/data/train\fish sea_food red_sea_bream\7JIGKCSI6IIQ.jpg,fish sea_food red_sea_bream,256,256,JPEG
C:/Users/conta/OneDrive/Desktop/Multiclass/data/train\fish sea_food red_sea_bream\7M9JW0WVRSYJ.jpg,fish sea_food red_sea_bream,256,256,JPEG
C:/Users/conta/OneDrive/Desktop/Multiclass/data/train\fish sea_food red_sea_bream\7MIL7IA8QT9X.jpg,fish sea_food red_sea_bream,256,256,JPEG
C:/Users/conta/OneDrive/Desktop/Multiclass/data/train\fish sea_food red_sea_bream\7OS5AWT6DWPH.jpg,fish sea_food red_sea_bream,256,256,JPEG
C:/Users/conta/OneDrive/Desktop/Multiclass/data/train\fish sea_food red_sea_bream\7QMD6CUKVWCG.jpg,fish sea_food red_sea_bream,256,256,JPEG
C:/Users/conta/OneDrive/Desktop/Multiclass/data/train\fish sea_food red_sea_bream\7QNWPEJAK2CZ.jpg,fish sea_food red_sea_bream,256,256,JPEG
C:/Users/conta/OneDrive/Desktop/Multiclass/data/train\fish sea_food red_sea_bream\7QORWXJ2JQLM.jpg,fish sea_food red_sea_bream,256,256,JPEG
C:/Users/conta/OneDrive/Desktop/Multiclass/data/train\fish sea_food red_sea_bream\7RG11T42ZPID.jpg,fish sea_food red_sea_bream,256,256,JPEG
C:/Users/conta/OneDrive/Desktop/Multiclass/data/train\fish sea_food red_sea_bream\7SWE0RR435OJ.jpg,fish sea_food red_sea_bream,256,256,JPEG
C:/Users/conta/OneDrive/Desktop/Multiclass/data/train\fish sea_food red_sea_bream\81GJJ5TMCF15.jpg,fish sea_food red_sea_bream,256,256,JPEG
C:/Users/conta/OneDrive/Desktop/Multiclass/data/train\fish sea_food red_sea_bream\8D2WYTOHYO2I.jpg,fish sea_food red_sea_bream,256,256,JPEG
C:/Users/conta/OneDrive/Desktop/Multiclass/data/train\fish sea_food red_sea_bream\8DZE8FS2YZGL.jpg,fish sea_food red_sea_bream,256,256,JPEG
C:/Users/conta/OneDrive/Desktop/Multiclass/data/train\fish sea_food red_sea_bream\8GWLSJQB5B7M.jpg,fish sea_food red_sea_bream,256,256,JPEG
C:/Users/conta/OneDrive/Desktop/Multiclass/data/train\fish sea_food red_sea_bream\8I5MP2DWEQMD.jpg,fish sea_food red_sea_bream,256,256,JPEG
C:/Users/conta/OneDrive/Desktop/Multiclass/data/train\fish sea_food red_sea_bream\8J88DANDACV3.jpg,fish sea_food red_sea_bream,256,256,JPEG
C:/Users/conta/OneDrive/Desktop/Multiclass/data/train\fish sea_food red_sea_bream\8JMEJXXTK3CA.jpg,fish sea_food red_sea_bream,256,256,JPEG
C:/Users/conta/OneDrive/Desktop/Multiclass/data/train\fish sea_food red_sea_bream\8KPD6NDPEUWJ.jpg,fish sea_food red_sea_bream,256,256,JPEG
C:/Users/conta/OneDrive/Desktop/Multiclass/data/train\fish sea_food red_sea_bream\8M5NSJI94LQA.jpg,fish sea_food red_sea_bream,256,256,JPEG
C:/Users/conta/OneDrive/Desktop/Multiclass/data/train\fish sea_food red_sea_bream\8POG59Q59FBK.jpg,fish sea_food red_sea_bream,256,256,JPEG
C:/Users/conta/OneDrive/Desktop/Multiclass/data/train\fish sea_food red_sea_bream\8RPTSMZKDRIX.jpg,fish sea_food red_sea_bream,256,256,JPEG
C:/Users/conta/OneDrive/Desktop/Multiclass/data/train\fish sea_food red_sea_bream\8UGTJEN1KFOF.jpg,fish sea_food red_sea_bream,256,256,JPEG
C:/Users/conta/OneDrive/Desktop/Multiclass/data/train\fish sea_food red_sea_bream\8VX4RQCT21G3.jpg,fish sea_food red_sea_bream,256,256,JPEG
C:/Users/conta/OneDrive/Desktop/Multiclass/data/train\fish sea_food red_sea_bream\8WSD6WFIPQQO.jpg,fish sea_food red_sea_bream,256,256,JPEG
C:/Users/conta/OneDrive/Desktop/Multiclass/data/train\fish sea_food red_sea_bream\8YWPEZ1LZ6S3.jpg,fish sea_food red_sea_bream,256,256,JPEG
C:/Users/conta/OneDrive/Desktop/Multiclass/data/train\fish sea_food red_sea_bream\91FPYQ8S4ABV.jpg,fish sea_food red_sea_bream,256,256,JPEG
C:/Users/conta/OneDrive/Desktop/Multiclass/data/train\fish sea_food red_sea_bream\92RCF112JKIS.jpg,fish sea_food red_sea_bream,256,256,JPEG
C:/Users/conta/OneDrive/Desktop/Multiclass/data/train\fish sea_food red_sea_bream\92V6PUPJ6PXE.jpg,fish sea_food red_sea_bream,256,256,JPEG
C:/Users/conta/OneDrive/Desktop/Multiclass/data/train\fish sea_food red_sea_bream\98NA6JP4YBG2.jpg,fish sea_food red_sea_bream,256,256,JPEG
C:/Users/conta/OneDrive/Desktop/Multiclass/data/train\fish sea_food red_sea_bream\99NMEKKT2DN9.jpg,fish sea_food red_sea_bream,256,256,JPEG
C:/Users/conta/OneDrive/Desktop/Multiclass/data/train\fish sea_food red_sea_bream\9BC2RGB1NOK9.jpg,fish sea_food red_sea_bream,256,256,JPEG
C:/Users/conta/OneDrive/Desktop/Multiclass/data/train\fish sea_food red_sea_bream\9BQPE1LK559Y.jpg,fish sea_food red_sea_bream,256,256,JPEG
C:/Users/conta/OneDrive/Desktop/Multiclass/data/train\fish sea_food red_sea_bream\9CH0UFACUTFB.jpg,fish sea_food red_sea_bream,256,256,JPEG
C:/Users/conta/OneDrive/Desktop/Multiclass/data/train\fish sea_food red_sea_bream\9FO57GS4ZJUZ.jpg,fish sea_food red_sea_bream,256,256,JPEG
C:/Users/conta/OneDrive/Desktop/Multiclass/data/train\fish sea_food red_sea_bream\9I2DY886ANI1.jpg,fish sea_food red_sea_bream,256,256,JPEG
C:/Users/conta/OneDrive/Desktop/Multiclass/data/train\fish sea_food red_sea_bream\9KVP2B7KH3PR.jpg,fish sea_food red_sea_bream,256,256,JPEG
C:/Users/conta/OneDrive/Desktop/Multiclass/data/train\fish sea_food red_sea_bream\9NS2BO470KMS.jpg,fish sea_food red_sea_bream,256,256,JPEG
C:/Users/conta/OneDrive/Desktop/Multiclass/data/train\fish sea_food red_sea_bream\9P63BTY951S9.jpg,fish sea_food red_sea_bream,256,256,JPEG
C:/Users/conta/OneDrive/Desktop/Multiclass/data/train\fish sea_food red_sea_bream\9P6VNLYJE7MM.jpg,fish sea_food red_sea_bream,256,256,JPEG
C:/Users/conta/OneDrive/Desktop/Multiclass/data/train\fish sea_food red_sea_bream\9WEUQSCOSOO2.jpg,fish sea_food red_sea_bream,256,256,JPEG
C:/Users/conta/OneDrive/Desktop/Multiclass/data/train\fish sea_food red_sea_bream\A0MNOPHNZ187.jpg,fish sea_food red_sea_bream,256,256,JPEG
C:/Users/conta/OneDrive/Desktop/Multiclass/data/train\fish sea_food red_sea_bream\A18V9FYIQ4PW.jpg,fish sea_food red_sea_bream,256,256,JPEG
C:/Users/conta/OneDrive/Desktop/Multiclass/data/train\fish sea_food red_sea_bream\A6SFDDLIDOOP.jpg,fish sea_food red_sea_bream,256,256,JPEG
C:/Users/conta/OneDrive/Desktop/Multiclass/data/train\fish sea_food red_sea_bream\A7Z83H5NFPSS.jpg,fish sea_food red_sea_bream,256,256,JPEG
C:/Users/conta/OneDrive/Desktop/Multiclass/data/train\fish sea_food red_sea_bream\A8HDZGIQ56Q5.jpg,fish sea_food red_sea_bream,256,256,JPEG
C:/Users/conta/OneDrive/Desktop/Multiclass/data/train\fish sea_food red_sea_bream\ABZM0XYVNHEX.jpg,fish sea_food red_sea_bream,256,256,JPEG
C:/Users/conta/OneDrive/Desktop/Multiclass/data/train\fish sea_food red_sea_bream\AELN8CXRROY0.jpg,fish sea_food red_sea_bream,256,256,JPEG
C:/Users/conta/OneDrive/Desktop/Multiclass/data/train\fish sea_food red_sea_bream\AMYD79UTAUF5.jpg,fish sea_food red_sea_bream,256,256,JPEG
C:/Users/conta/OneDrive/Desktop/Multiclass/data/train\fish sea_food red_sea_bream\AO1D366YBR8H.jpg,fish sea_food red_sea_bream,256,256,JPEG
C:/Users/conta/OneDrive/Desktop/Multiclass/data/train\fish sea_food red_sea_bream\AOAF7F7MY46G.jpg,fish sea_food red_sea_bream,256,256,JPEG
C:/Users/conta/OneDrive/Desktop/Multiclass/data/train\fish sea_food red_sea_bream\AOMI70NV2HWG.jpg,fish sea_food red_sea_bream,256,256,JPEG
C:/Users/conta/OneDrive/Desktop/Multiclass/data/train\fish sea_food red_sea_bream\AQ67KRBJ1U6G.jpg,fish sea_food red_sea_bream,256,256,JPEG
C:/Users/conta/OneDrive/Desktop/Multiclass/data/train\fish sea_food red_sea_bream\AQQ5SRRMKAEJ.jpg,fish sea_food red_sea_bream,256,256,JPEG
C:/Users/conta/OneDrive/Desktop/Multiclass/data/train\fish sea_food red_sea_bream\AS8GDVT7QYGH.jpg,fish sea_food red_sea_bream,256,256,JPEG
C:/Users/conta/OneDrive/Desktop/Multiclass/data/train\fish sea_food red_sea_bream\ASUJ6T5P7BMG.jpg,fish sea_food red_sea_bream,256,256,JPEG
C:/Users/conta/OneDrive/Desktop/Multiclass/data/train\fish sea_food red_sea_bream\AVE6UWSIRUGG.jpg,fish sea_food red_sea_bream,256,256,JPEG
C:/Users/conta/OneDrive/Desktop/Multiclass/data/train\fish sea_food red_sea_bream\AX65ZTOSUZ91.jpg,fish sea_food red_sea_bream,256,256,JPEG
C:/Users/conta/OneDrive/Desktop/Multiclass/data/train\fish sea_food red_sea_bream\AXBQLQ82A7TA.jpg,fish sea_food red_sea_bream,256,256,JPEG
C:/Users/conta/OneDrive/Desktop/Multiclass/data/train\fish sea_food red_sea_bream\B06RRZW7SO54.jpg,fish sea_food red_sea_bream,256,256,JPEG
C:/Users/conta/OneDrive/Desktop/Multiclass/data/train\fish sea_food red_sea_bream\B129CY2UEVTV.jpg,fish sea_food red_sea_bream,256,256,JPEG
C:/Users/conta/OneDrive/Desktop/Multiclass/data/train\fish sea_food red_sea_bream\B84S3YVMHWZL.jpg,fish sea_food red_sea_bream,256,256,JPEG
C:/Users/conta/OneDrive/Desktop/Multiclass/data/train\fish sea_food red_sea_bream\B9Z9ZJ8OEHK6.jpg,fish sea_food red_sea_bream,256,256,JPEG
C:/Users/conta/OneDrive/Desktop/Multiclass/data/train\fish sea_food red_sea_bream\BIEZI7Y835HI.jpg,fish sea_food red_sea_bream,256,256,JPEG
C:/Users/conta/OneDrive/Desktop/Multiclass/data/train\fish sea_food red_sea_bream\BOYO3AXXIPTB.jpg,fish sea_food red_sea_bream,256,256,JPEG
C:/Users/conta/OneDrive/Desktop/Multiclass/data/train\fish sea_food red_sea_bream\BQTNJA63ECFL.jpg,fish sea_food red_sea_bream,256,256,JPEG
C:/Users/conta/OneDrive/Desktop/Multiclass/data/train\fish sea_food red_sea_bream\BSUUY2S75PVS.jpg,fish sea_food red_sea_bream,256,256,JPEG
C:/Users/conta/OneDrive/Desktop/Multiclass/data/train\fish sea_food red_sea_bream\BY965ZFBR9LZ.jpg,fish sea_food red_sea_bream,256,256,JPEG
C:/Users/conta/OneDrive/Desktop/Multiclass/data/train\fish sea_food red_sea_bream\C03UF7QPDYBW.jpg,fish sea_food red_sea_bream,256,256,JPEG
C:/Users/conta/OneDrive/Desktop/Multiclass/data/train\fish sea_food red_sea_bream\C18PW0Y2DQC9.jpg,fish sea_food red_sea_bream,256,256,JPEG
C:/Users/conta/OneDrive/Desktop/Multiclass/data/train\fish sea_food red_sea_bream\C4T72X4QKPQB.jpg,fish sea_food red_sea_bream,256,256,JPEG
C:/Users/conta/OneDrive/Desktop/Multiclass/data/train\fish sea_food red_sea_bream\C55EKF0TJQFE.jpg,fish sea_food red_sea_bream,256,256,JPEG
C:/Users/conta/OneDrive/Desktop/Multiclass/data/train\fish sea_food red_sea_bream\C588KF663ZAP.jpg,fish sea_food red_sea_bream,256,256,JPEG
C:/Users/conta/OneDrive/Desktop/Multiclass/data/train\fish sea_food red_sea_bream\C5YEX5S6FA5S.jpg,fish sea_food red_sea_bream,256,256,JPEG
C:/Users/conta/OneDrive/Desktop/Multiclass/data/train\fish sea_food red_sea_bream\C692FFQ65KUS.jpg,fish sea_food red_sea_bream,256,256,JPEG
C:/Users/conta/OneDrive/Desktop/Multiclass/data/train\fish sea_food red_sea_bream\CC08ESZAAQM6.jpg,fish sea_food red_sea_bream,256,256,JPEG
C:/Users/conta/OneDrive/Desktop/Multiclass/data/train\fish sea_food red_sea_bream\CCWQMAPBTVEY.jpg,fish sea_food red_sea_bream,256,256,JPEG
C:/Users/conta/OneDrive/Desktop/Multiclass/data/train\fish sea_food red_sea_bream\CFE58EY91RMS.jpg,fish sea_food red_sea_bream,256,256,JPEG
C:/Users/conta/OneDrive/Desktop/Multiclass/data/train\fish sea_food red_sea_bream\CG1RWQWU8AH7.jpg,fish sea_food red_sea_bream,256,256,JPEG
C:/Users/conta/OneDrive/Desktop/Multiclass/data/train\fish sea_food red_sea_bream\CG1SDYVO6CAC.jpg,fish sea_food red_sea_bream,256,256,JPEG
C:/Users/conta/OneDrive/Desktop/Multiclass/data/train\fish sea_food red_sea_bream\CJ4OUFN2EB6G.jpg,fish sea_food red_sea_bream,256,256,JPEG
C:/Users/conta/OneDrive/Desktop/Multiclass/data/train\fish sea_food red_sea_bream\CM46E60J65PB.jpg,fish sea_food red_sea_bream,256,256,JPEG
C:/Users/conta/OneDrive/Desktop/Multiclass/data/train\fish sea_food red_sea_bream\CPCLFYPMUGZA.jpg,fish sea_food red_sea_bream,256,256,JPEG
C:/Users/conta/OneDrive/Desktop/Multiclass/data/train\fish sea_food red_sea_bream\CRXMSTJ4W1XZ.jpg,fish sea_food red_sea_bream,256,256,JPEG
C:/Users/conta/OneDrive/Desktop/Multiclass/data/train\fish sea_food red_sea_bream\CSHJIIVV5VGQ.jpg,fish sea_food red_sea_bream,256,256,JPEG
C:/Users/conta/OneDrive/Desktop/Multiclass/data/train\fish sea_food red_sea_bream\CUXD6Z97O0DJ.jpg,fish sea_food red_sea_bream,256,256,JPEG
C:/Users/conta/OneDrive/Desktop/Multiclass/data/train\fish sea_food red_sea_bream\CVGTGB5ZAOJH.jpg,fish sea_food red_sea_bream,256,256,JPEG
C:/Users/conta/OneDrive/Desktop/Multiclass/data/train\fish sea_food red_sea_bream\D23JFW3VL95T.jpg,fish sea_food red_sea_bream,256,256,JPEG
C:/Users/conta/OneDrive/Desktop/Multiclass/data/train\fish sea_food red_sea_bream\D2WUD3EOOOPR.jpg,fish sea_food red_sea_bream,256,256,JPEG
C:/Users/conta/OneDrive/Desktop/Multiclass/data/train\fish sea_food red_sea_bream\D4M4EPVINCA2.jpg,fish sea_food red_sea_bream,256,256,JPEG
C:/Users/conta/OneDrive/Desktop/Multiclass/data/train\fish sea_food red_sea_bream\DC9KLFU3RER6.jpg,fish sea_food red_sea_bream,256,256,JPEG
C:/Users/conta/OneDrive/Desktop/Multiclass/data/train\fish sea_food red_sea_bream\DIDT2I11IIK5.jpg,fish sea_food red_sea_bream,256,256,JPEG
C:/Users/conta/OneDrive/Desktop/Multiclass/data/train\fish sea_food red_sea_bream\DMMT6XT8BSG2.jpg,fish sea_food red_sea_bream,256,256,JPEG
C:/Users/conta/OneDrive/Desktop/Multiclass/data/train\fish sea_food red_sea_bream\DPF8U1OEUYQC.jpg,fish sea_food red_sea_bream,256,256,JPEG
C:/Users/conta/OneDrive/Desktop/Multiclass/data/train\fish sea_food red_sea_bream\DQL04WNIV8UI.jpg,fish sea_food red_sea_bream,256,256,JPEG
C:/Users/conta/OneDrive/Desktop/Multiclass/data/train\fish sea_food red_sea_bream\DR2SKF8UTD0E.jpg,fish sea_food red_sea_bream,256,256,JPEG
C:/Users/conta/OneDrive/Desktop/Multiclass/data/train\fish sea_food red_sea_bream\DUS4XLV4WL8S.jpg,fish sea_food red_sea_bream,256,256,JPEG
C:/Users/conta/OneDrive/Desktop/Multiclass/data/train\fish sea_food red_sea_bream\DVSBCD804SDP.jpg,fish sea_food red_sea_bream,256,256,JPEG
C:/Users/conta/OneDrive/Desktop/Multiclass/data/train\fish sea_food red_sea_bream\DW8UCGE3OT50.jpg,fish sea_food red_sea_bream,256,256,JPEG
C:/Users/conta/OneDrive/Desktop/Multiclass/data/train\fish sea_food red_sea_bream\DXG0GIOF32OK.jpg,fish sea_food red_sea_bream,256,256,JPEG
C:/Users/conta/OneDrive/Desktop/Multiclass/data/train\fish sea_food red_sea_bream\DYFE442SD5JT.jpg,fish sea_food red_sea_bream,256,256,JPEG
C:/Users/conta/OneDrive/Desktop/Multiclass/data/train\fish sea_food red_sea_bream\DZSFYVKOIO5X.jpg,fish sea_food red_sea_bream,256,256,JPEG
C:/Users/conta/OneDrive/Desktop/Multiclass/data/train\fish sea_food red_sea_bream\E1IGLJDICHDY.jpg,fish sea_food red_sea_bream,256,256,JPEG
C:/Users/conta/OneDrive/Desktop/Multiclass/data/train\fish sea_food red_sea_bream\E8WNY0O8URIA.jpg,fish sea_food red_sea_bream,256,256,JPEG
C:/Users/conta/OneDrive/Desktop/Multiclass/data/train\fish sea_food red_sea_bream\EC35F2NG86D4.jpg,fish sea_food red_sea_bream,256,256,JPEG
C:/Users/conta/OneDrive/Desktop/Multiclass/data/train\fish sea_food red_sea_bream\EEUQ5C617X1S.jpg,fish sea_food red_sea_bream,256,256,JPEG
C:/Users/conta/OneDrive/Desktop/Multiclass/data/train\fish sea_food red_sea_bream\EG631CCMBWPY.jpg,fish sea_food red_sea_bream,256,256,JPEG
C:/Users/conta/OneDrive/Desktop/Multiclass/data/train\fish sea_food red_sea_bream\EGF90BMMV0I2.jpg,fish sea_food red_sea_bream,256,256,JPEG
C:/Users/conta/OneDrive/Desktop/Multiclass/data/train\fish sea_food red_sea_bream\EK3BLIRDG8S0.jpg,fish sea_food red_sea_bream,256,256,JPEG
C:/Users/conta/OneDrive/Desktop/Multiclass/data/train\fish sea_food red_sea_bream\EME3T5HLC1J5.jpg,fish sea_food red_sea_bream,256,256,JPEG
C:/Users/conta/OneDrive/Desktop/Multiclass/data/train\fish sea_food red_sea_bream\ETVLF7DO4OWB.jpg,fish sea_food red_sea_bream,256,256,JPEG
C:/Users/conta/OneDrive/Desktop/Multiclass/data/train\fish sea_food red_sea_bream\EW3RYY5MQIFQ.jpg,fish sea_food red_sea_bream,256,256,JPEG
C:/Users/conta/OneDrive/Desktop/Multiclass/data/train\fish sea_food red_sea_bream\EYL8P34MGYBT.jpg,fish sea_food red_sea_bream,256,256,JPEG
C:/Users/conta/OneDrive/Desktop/Multiclass/data/train\fish sea_food red_sea_bream\F0GV59M3PDGU.jpg,fish sea_food red_sea_bream,256,256,JPEG
C:/Users/conta/OneDrive/Desktop/Multiclass/data/train\fish sea_food red_sea_bream\F1POC1NDBKKS.jpg,fish sea_food red_sea_bream,256,256,JPEG
C:/Users/conta/OneDrive/Desktop/Multiclass/data/train\fish sea_food red_sea_bream\F35JKP5BC3S9.jpg,fish sea_food red_sea_bream,256,256,JPEG
C:/Users/conta/OneDrive/Desktop/Multiclass/data/train\fish sea_food red_sea_bream\F9RUODUPE430.jpg,fish sea_food red_sea_bream,256,256,JPEG
C:/Users/conta/OneDrive/Desktop/Multiclass/data/train\fish sea_food red_sea_bream\FE81UWF51MQ5.jpg,fish sea_food red_sea_bream,256,256,JPEG
C:/Users/conta/OneDrive/Desktop/Multiclass/data/train\fish sea_food red_sea_bream\FFO8F72MSPJ3.jpg,fish sea_food red_sea_bream,256,256,JPEG
C:/Users/conta/OneDrive/Desktop/Multiclass/data/train\fish sea_food red_sea_bream\FFRG40O73CKU.jpg,fish sea_food red_sea_bream,256,256,JPEG
C:/Users/conta/OneDrive/Desktop/Multiclass/data/train\fish sea_food red_sea_bream\FILW7O5HDFEY.jpg,fish sea_food red_sea_bream,256,256,JPEG
C:/Users/conta/OneDrive/Desktop/Multiclass/data/train\fish sea_food red_sea_bream\FK86SQW1BQ0C.jpg,fish sea_food red_sea_bream,256,256,JPEG
C:/Users/conta/OneDrive/Desktop/Multiclass/data/train\fish sea_food red_sea_bream\FLV9HUDMQO91.jpg,fish sea_food red_sea_bream,256,256,JPEG
C:/Users/conta/OneDrive/Desktop/Multiclass/data/train\fish sea_food red_sea_bream\FMH73G4BZ985.jpg,fish sea_food red_sea_bream,256,256,JPEG
C:/Users/conta/OneDrive/Desktop/Multiclass/data/train\fish sea_food red_sea_bream\FSOJ02BLB1O6.jpg,fish sea_food red_sea_bream,256,256,JPEG
C:/Users/conta/OneDrive/Desktop/Multiclass/data/train\fish sea_food red_sea_bream\FW09UAS63WKQ.jpg,fish sea_food red_sea_bream,256,256,JPEG
C:/Users/conta/OneDrive/Desktop/Multiclass/data/train\fish sea_food red_sea_bream\FW9IVMJIUGPQ.jpg,fish sea_food red_sea_bream,256,256,JPEG
C:/Users/conta/OneDrive/Desktop/Multiclass/data/train\fish sea_food red_sea_bream\G37CWMEB592M.jpg,fish sea_food red_sea_bream,256,256,JPEG
C:/Users/conta/OneDrive/Desktop/Multiclass/data/train\fish sea_food red_sea_bream\G5BATIYHKYWB.jpg,fish sea_food red_sea_bream,256,256,JPEG
C:/Users/conta/OneDrive/Desktop/Multiclass/data/train\fish sea_food red_sea_bream\G6HWAGDNWMMS.jpg,fish sea_food red_sea_bream,256,256,JPEG
C:/Users/conta/OneDrive/Desktop/Multiclass/data/train\fish sea_food red_sea_bream\G7NBG3B6Q1DV.jpg,fish sea_food red_sea_bream,256,256,JPEG
C:/Users/conta/OneDrive/Desktop/Multiclass/data/train\fish sea_food red_sea_bream\G937Q4DUGWLE.jpg,fish sea_food red_sea_bream,256,256,JPEG
C:/Users/conta/OneDrive/Desktop/Multiclass/data/train\fish sea_food red_sea_bream\GCMZLA5KZJWL.jpg,fish sea_food red_sea_bream,256,256,JPEG
C:/Users/conta/OneDrive/Desktop/Multiclass/data/train\fish sea_food red_sea_bream\GFDSE2C1H6KL.jpg,fish sea_food red_sea_bream,256,256,JPEG
C:/Users/conta/OneDrive/Desktop/Multiclass/data/train\fish sea_food red_sea_bream\GFIY5GNZV7OF.jpg,fish sea_food red_sea_bream,256,256,JPEG
C:/Users/conta/OneDrive/Desktop/Multiclass/data/train\fish sea_food red_sea_bream\GFUEZ3IO2HEI.jpg,fish sea_food red_sea_bream,256,256,JPEG
C:/Users/conta/OneDrive/Desktop/Multiclass/data/train\fish sea_food red_sea_bream\GGCD6DZME96K.jpg,fish sea_food red_sea_bream,256,256,JPEG
C:/Users/conta/OneDrive/Desktop/Multiclass/data/train\fish sea_food red_sea_bream\GI12XXA9G6LI.jpg,fish sea_food red_sea_bream,256,256,JPEG
C:/Users/conta/OneDrive/Desktop/Multiclass/data/train\fish sea_food red_sea_bream\GPG7E1UC3ZPU.jpg,fish sea_food red_sea_bream,256,256,JPEG
C:/Users/conta/OneDrive/Desktop/Multiclass/data/train\fish sea_food red_sea_bream\GSBC2XAAKVG3.jpg,fish sea_food red_sea_bream,256,256,JPEG
C:/Users/conta/OneDrive/Desktop/Multiclass/data/train\fish sea_food red_sea_bream\GT9L2WLMPF7Z.jpg,fish sea_food red_sea_bream,256,256,JPEG
C:/Users/conta/OneDrive/Desktop/Multiclass/data/train\fish sea_food red_sea_bream\GTS5QVNJNQY5.jpg,fish sea_food red_sea_bream,256,256,JPEG
C:/Users/conta/OneDrive/Desktop/Multiclass/data/train\fish sea_food red_sea_bream\H0XUBQO29HPA.jpg,fish sea_food red_sea_bream,256,256,JPEG
C:/Users/conta/OneDrive/Desktop/Multiclass/data/train\fish sea_food red_sea_bream\H1ZG5D3YYMDW.jpg,fish sea_food red_sea_bream,256,256,JPEG
C:/Users/conta/OneDrive/Desktop/Multiclass/data/train\fish sea_food red_sea_bream\H3K7LOGN57C4.jpg,fish sea_food red_sea_bream,256,256,JPEG
C:/Users/conta/OneDrive/Desktop/Multiclass/data/train\fish sea_food red_sea_bream\H3Y2VIRB2MZM.jpg,fish sea_food red_sea_bream,256,256,JPEG
C:/Users/conta/OneDrive/Desktop/Multiclass/data/train\fish sea_food red_sea_bream\H51UPT79TL65.jpg,fish sea_food red_sea_bream,256,256,JPEG
C:/Users/conta/OneDrive/Desktop/Multiclass/data/train\fish sea_food red_sea_bream\H5S9P7P51XCJ.jpg,fish sea_food red_sea_bream,256,256,JPEG
C:/Users/conta/OneDrive/Desktop/Multiclass/data/train\fish sea_food red_sea_bream\H6F5WIU7VIYF.jpg,fish sea_food red_sea_bream,256,256,JPEG
C:/Users/conta/OneDrive/Desktop/Multiclass/data/train\fish sea_food red_sea_bream\HAFM6UP9UUA3.jpg,fish sea_food red_sea_bream,256,256,JPEG
C:/Users/conta/OneDrive/Desktop/Multiclass/data/train\fish sea_food red_sea_bream\HCBUWVAISI14.jpg,fish sea_food red_sea_bream,256,256,JPEG
C:/Users/conta/OneDrive/Desktop/Multiclass/data/train\fish sea_food red_sea_bream\HHBSE47GDF40.jpg,fish sea_food red_sea_bream,256,256,JPEG
C:/Users/conta/OneDrive/Desktop/Multiclass/data/train\fish sea_food red_sea_bream\HI4RO0AJ6EO3.jpg,fish sea_food red_sea_bream,256,256,JPEG
C:/Users/conta/OneDrive/Desktop/Multiclass/data/train\fish sea_food red_sea_bream\HNACH08PH9PM.jpg,fish sea_food red_sea_bream,256,256,JPEG
C:/Users/conta/OneDrive/Desktop/Multiclass/data/train\fish sea_food red_sea_bream\HQ1MHSOURSS5.jpg,fish sea_food red_sea_bream,256,256,JPEG
C:/Users/conta/OneDrive/Desktop/Multiclass/data/train\fish sea_food red_sea_bream\HR6M3KU08GHA.jpg,fish sea_food red_sea_bream,256,256,JPEG
C:/Users/conta/OneDrive/Desktop/Multiclass/data/train\fish sea_food red_sea_bream\HREW9R59PJVN.jpg,fish sea_food red_sea_bream,256,256,JPEG
C:/Users/conta/OneDrive/Desktop/Multiclass/data/train\fish sea_food red_sea_bream\HU2O6ULUJPF9.jpg,fish sea_food red_sea_bream,256,256,JPEG
C:/Users/conta/OneDrive/Desktop/Multiclass/data/train\fish sea_food red_sea_bream\HU7XEC94B4R1.jpg,fish sea_food red_sea_bream,256,256,JPEG
C:/Users/conta/OneDrive/Desktop/Multiclass/data/train\fish sea_food red_sea_bream\HV2SD6AQ6LQC.jpg,fish sea_food red_sea_bream,256,256,JPEG
C:/Users/conta/OneDrive/Desktop/Multiclass/data/train\fish sea_food red_sea_bream\HXORH5GTJNC7.jpg,fish sea_food red_sea_bream,256,256,JPEG
C:/Users/conta/OneDrive/Desktop/Multiclass/data/train\fish sea_food red_sea_bream\HZNKUXF274NS.jpg,fish sea_food red_sea_bream,256,256,JPEG
C:/Users/conta/OneDrive/Desktop/Multiclass/data/train\fish sea_food red_sea_bream\I1B1V8U0VV3X.jpg,fish sea_food red_sea_bream,256,256,JPEG
C:/Users/conta/OneDrive/Desktop/Multiclass/data/train\fish sea_food red_sea_bream\I1DPTIE3YJAF.jpg,fish sea_food red_sea_bream,256,256,JPEG
C:/Users/conta/OneDrive/Desktop/Multiclass/data/train\fish sea_food red_sea_bream\I542PCKOC0PP.jpg,fish sea_food red_sea_bream,256,256,JPEG
C:/Users/conta/OneDrive/Desktop/Multiclass/data/train\fish sea_food red_sea_bream\I6N6QK7NMDR5.jpg,fish sea_food red_sea_bream,256,256,JPEG
C:/Users/conta/OneDrive/Desktop/Multiclass/data/train\fish sea_food red_sea_bream\ICP4FTHQRUWQ.jpg,fish sea_food red_sea_bream,256,256,JPEG
C:/Users/conta/OneDrive/Desktop/Multiclass/data/train\fish sea_food red_sea_bream\IFU82NH2VIKU.jpg,fish sea_food red_sea_bream,256,256,JPEG
C:/Users/conta/OneDrive/Desktop/Multiclass/data/train\fish sea_food red_sea_bream\IIL3HICBFW14.jpg,fish sea_food red_sea_bream,256,256,JPEG
C:/Users/conta/OneDrive/Desktop/Multiclass/data/train\fish sea_food red_sea_bream\IJ6YRDFH3JIE.jpg,fish sea_food red_sea_bream,256,256,JPEG
C:/Users/conta/OneDrive/Desktop/Multiclass/data/train\fish sea_food red_sea_bream\IJJGE0LHTL9E.jpg,fish sea_food red_sea_bream,256,256,JPEG
C:/Users/conta/OneDrive/Desktop/Multiclass/data/train\fish sea_food red_sea_bream\IN55L9OL10KR.jpg,fish sea_food red_sea_bream,256,256,JPEG
C:/Users/conta/OneDrive/Desktop/Multiclass/data/train\fish sea_food red_sea_bream\INE6N32QVA09.jpg,fish sea_food red_sea_bream,256,256,JPEG
C:/Users/conta/OneDrive/Desktop/Multiclass/data/train\fish sea_food red_sea_bream\IOQJ72AL5TOE.jpg,fish sea_food red_sea_bream,256,256,JPEG
C:/Users/conta/OneDrive/Desktop/Multiclass/data/train\fish sea_food red_sea_bream\IQIUVBDT2IW4.jpg,fish sea_food red_sea_bream,256,256,JPEG
C:/Users/conta/OneDrive/Desktop/Multiclass/data/train\fish sea_food red_sea_bream\ITF4ESLN2E9V.jpg,fish sea_food red_sea_bream,256,256,JPEG
C:/Users/conta/OneDrive/Desktop/Multiclass/data/train\fish sea_food red_sea_bream\IXJL69OTN2QK.jpg,fish sea_food red_sea_bream,256,256,JPEG
C:/Users/conta/OneDrive/Desktop/Multiclass/data/train\fish sea_food red_sea_bream\IZGMK50RR6BC.jpg,fish sea_food red_sea_bream,256,256,JPEG
C:/Users/conta/OneDrive/Desktop/Multiclass/data/train\fish sea_food red_sea_bream\IZXI8PJJ5VFR.jpg,fish sea_food red_sea_bream,256,256,JPEG
C:/Users/conta/OneDrive/Desktop/Multiclass/data/train\fish sea_food red_sea_bream\J07SUB41P46L.jpg,fish sea_food red_sea_bream,256,256,JPEG
C:/Users/conta/OneDrive/Desktop/Multiclass/data/train\fish sea_food red_sea_bream\J0X1E5KWL4P1.jpg,fish sea_food red_sea_bream,256,256,JPEG
C:/Users/conta/OneDrive/Desktop/Multiclass/data/train\fish sea_food red_sea_bream\J1FCT0W2WJHE.jpg,fish sea_food red_sea_bream,256,256,JPEG
C:/Users/conta/OneDrive/Desktop/Multiclass/data/train\fish sea_food red_sea_bream\J2AW3WTY7MPQ.jpg,fish sea_food red_sea_bream,256,256,JPEG
C:/Users/conta/OneDrive/Desktop/Multiclass/data/train\fish sea_food red_sea_bream\J411ADE4L6AA.jpg,fish sea_food red_sea_bream,256,256,JPEG
C:/Users/conta/OneDrive/Desktop/Multiclass/data/train\fish sea_food red_sea_bream\JADKT29XT9VG.jpg,fish sea_food red_sea_bream,256,256,JPEG
C:/Users/conta/OneDrive/Desktop/Multiclass/data/train\fish sea_food red_sea_bream\JBK9AHCU4DYD.jpg,fish sea_food red_sea_bream,256,256,JPEG
C:/Users/conta/OneDrive/Desktop/Multiclass/data/train\fish sea_food red_sea_bream\JJ054U1HVGGD.jpg,fish sea_food red_sea_bream,256,256,JPEG
C:/Users/conta/OneDrive/Desktop/Multiclass/data/train\fish sea_food red_sea_bream\JWXO4K4SEGRU.jpg,fish sea_food red_sea_bream,256,256,JPEG
C:/Users/conta/OneDrive/Desktop/Multiclass/data/train\fish sea_food red_sea_bream\JYQFY4XPIHZO.jpg,fish sea_food red_sea_bream,256,256,JPEG
C:/Users/conta/OneDrive/Desktop/Multiclass/data/train\fish sea_food red_sea_bream\K0IWXJARY4HP.jpg,fish sea_food red_sea_bream,256,256,JPEG
C:/Users/conta/OneDrive/Desktop/Multiclass/data/train\fish sea_food red_sea_bream\K0UBUTCH89R9.jpg,fish sea_food red_sea_bream,256,256,JPEG
C:/Users/conta/OneDrive/Desktop/Multiclass/data/train\fish sea_food red_sea_bream\K6R6UI2ZL3UG.jpg,fish sea_food red_sea_bream,256,256,JPEG
C:/Users/conta/OneDrive/Desktop/Multiclass/data/train\fish sea_food red_sea_bream\K7DCGNCTBO2C.jpg,fish sea_food red_sea_bream,256,256,JPEG
C:/Users/conta/OneDrive/Desktop/Multiclass/data/train\fish sea_food red_sea_bream\K8AIVGIP9YG7.jpg,fish sea_food red_sea_bream,256,256,JPEG
C:/Users/conta/OneDrive/Desktop/Multiclass/data/train\fish sea_food red_sea_bream\KA2H5MAVIC7U.jpg,fish sea_food red_sea_bream,256,256,JPEG
C:/Users/conta/OneDrive/Desktop/Multiclass/data/train\fish sea_food red_sea_bream\KBK5LYSB771K.jpg,fish sea_food red_sea_bream,256,256,JPEG
C:/Users/conta/OneDrive/Desktop/Multiclass/data/train\fish sea_food red_sea_bream\KGBDDK8IJVVT.jpg,fish sea_food red_sea_bream,256,256,JPEG
C:/Users/conta/OneDrive/Desktop/Multiclass/data/train\fish sea_food red_sea_bream\KGMZJ9M2C4R7.jpg,fish sea_food red_sea_bream,256,256,JPEG
C:/Users/conta/OneDrive/Desktop/Multiclass/data/train\fish sea_food red_sea_bream\KGZDD3A8XTGH.jpg,fish sea_food red_sea_bream,256,256,JPEG
C:/Users/conta/OneDrive/Desktop/Multiclass/data/train\fish sea_food red_sea_bream\KI34M22BSLT3.jpg,fish sea_food red_sea_bream,256,256,JPEG
C:/Users/conta/OneDrive/Desktop/Multiclass/data/train\fish sea_food red_sea_bream\KIAOBZ33ABHX.jpg,fish sea_food red_sea_bream,256,256,JPEG
C:/Users/conta/OneDrive/Desktop/Multiclass/data/train\fish sea_food red_sea_bream\KKMK1HCWBRHZ.jpg,fish sea_food red_sea_bream,256,256,JPEG
C:/Users/conta/OneDrive/Desktop/Multiclass/data/train\fish sea_food red_sea_bream\KMKT069JLK6E.jpg,fish sea_food red_sea_bream,256,256,JPEG
C:/Users/conta/OneDrive/Desktop/Multiclass/data/train\fish sea_food red_sea_bream\KOTS0Z3B06UY.jpg,fish sea_food red_sea_bream,256,256,JPEG
C:/Users/conta/OneDrive/Desktop/Multiclass/data/train\fish sea_food red_sea_bream\KWQFUR9LFU12.jpg,fish sea_food red_sea_bream,256,256,JPEG
C:/Users/conta/OneDrive/Desktop/Multiclass/data/train\fish sea_food red_sea_bream\KXUHDVGHHIAW.jpg,fish sea_food red_sea_bream,256,256,JPEG
C:/Users/conta/OneDrive/Desktop/Multiclass/data/train\fish sea_food red_sea_bream\L4LSID91ORYM.jpg,fish sea_food red_sea_bream,256,256,JPEG
C:/Users/conta/OneDrive/Desktop/Multiclass/data/train\fish sea_food red_sea_bream\L629KPKP93G6.jpg,fish sea_food red_sea_bream,256,256,JPEG
C:/Users/conta/OneDrive/Desktop/Multiclass/data/train\fish sea_food red_sea_bream\L7LXCZE4WTFH.jpg,fish sea_food red_sea_bream,256,256,JPEG
C:/Users/conta/OneDrive/Desktop/Multiclass/data/train\fish sea_food red_sea_bream\L8NGXFUSXRO2.jpg,fish sea_food red_sea_bream,256,256,JPEG
C:/Users/conta/OneDrive/Desktop/Multiclass/data/train\fish sea_food red_sea_bream\L90K06T7U3ZF.jpg,fish sea_food red_sea_bream,256,256,JPEG
C:/Users/conta/OneDrive/Desktop/Multiclass/data/train\fish sea_food red_sea_bream\L9ATM9WLNWQA.jpg,fish sea_food red_sea_bream,256,256,JPEG
C:/Users/conta/OneDrive/Desktop/Multiclass/data/train\fish sea_food red_sea_bream\LABIA0T5D7C8.jpg,fish sea_food red_sea_bream,256,256,JPEG
C:/Users/conta/OneDrive/Desktop/Multiclass/data/train\fish sea_food red_sea_bream\LAIYZUHZWYOB.jpg,fish sea_food red_sea_bream,256,256,JPEG
C:/Users/conta/OneDrive/Desktop/Multiclass/data/train\fish sea_food red_sea_bream\LG4AV1KIQ4KQ.jpg,fish sea_food red_sea_bream,256,256,JPEG
C:/Users/conta/OneDrive/Desktop/Multiclass/data/train\fish sea_food red_sea_bream\LGYPAI0RJ8MS.jpg,fish sea_food red_sea_bream,256,256,JPEG
C:/Users/conta/OneDrive/Desktop/Multiclass/data/train\fish sea_food red_sea_bream\LJ5HICZQN3R4.jpg,fish sea_food red_sea_bream,256,256,JPEG
C:/Users/conta/OneDrive/Desktop/Multiclass/data/train\fish sea_food red_sea_bream\LL9NQRYUDG8W.jpg,fish sea_food red_sea_bream,256,256,JPEG
C:/Users/conta/OneDrive/Desktop/Multiclass/data/train\fish sea_food red_sea_bream\LMBQ2XW3UY5G.jpg,fish sea_food red_sea_bream,256,256,JPEG
C:/Users/conta/OneDrive/Desktop/Multiclass/data/train\fish sea_food red_sea_bream\LOWITGYECY7A.jpg,fish sea_food red_sea_bream,256,256,JPEG
C:/Users/conta/OneDrive/Desktop/Multiclass/data/train\fish sea_food red_sea_bream\LTFFILOILBZI.jpg,fish sea_food red_sea_bream,256,256,JPEG
C:/Users/conta/OneDrive/Desktop/Multiclass/data/train\fish sea_food red_sea_bream\LTT78H0SXMI6.jpg,fish sea_food red_sea_bream,256,256,JPEG
C:/Users/conta/OneDrive/Desktop/Multiclass/data/train\fish sea_food red_sea_bream\LWL13YEUGNUU.jpg,fish sea_food red_sea_bream,256,256,JPEG
C:/Users/conta/OneDrive/Desktop/Multiclass/data/train\fish sea_food red_sea_bream\LXGL9LJ3WZXF.jpg,fish sea_food red_sea_bream,256,256,JPEG
C:/Users/conta/OneDrive/Desktop/Multiclass/data/train\fish sea_food red_sea_bream\LY9INXMJD0MZ.jpg,fish sea_food red_sea_bream,256,256,JPEG
C:/Users/conta/OneDrive/Desktop/Multiclass/data/train\fish sea_food red_sea_bream\M0RXK031ALQ9.jpg,fish sea_food red_sea_bream,256,256,JPEG
C:/Users/conta/OneDrive/Desktop/Multiclass/data/train\fish sea_food red_sea_bream\M6429635PN6L.jpg,fish sea_food red_sea_bream,256,256,JPEG
C:/Users/conta/OneDrive/Desktop/Multiclass/data/train\fish sea_food red_sea_bream\M74JWMU597R1.jpg,fish sea_food red_sea_bream,256,256,JPEG
C:/Users/conta/OneDrive/Desktop/Multiclass/data/train\fish sea_food red_sea_bream\M7G31MOE0PBF.jpg,fish sea_food red_sea_bream,256,256,JPEG
C:/Users/conta/OneDrive/Desktop/Multiclass/data/train\fish sea_food red_sea_bream\M8RQPO7V75YN.jpg,fish sea_food red_sea_bream,256,256,JPEG
C:/Users/conta/OneDrive/Desktop/Multiclass/data/train\fish sea_food red_sea_bream\M9JM3X06QSJQ.jpg,fish sea_food red_sea_bream,256,256,JPEG
C:/Users/conta/OneDrive/Desktop/Multiclass/data/train\fish sea_food red_sea_bream\MAMC4XITSE38.jpg,fish sea_food red_sea_bream,256,256,JPEG
C:/Users/conta/OneDrive/Desktop/Multiclass/data/train\fish sea_food red_sea_bream\MB1XM8RH1LVF.jpg,fish sea_food red_sea_bream,256,256,JPEG
C:/Users/conta/OneDrive/Desktop/Multiclass/data/train\fish sea_food red_sea_bream\MGIYSO7OPX1P.jpg,fish sea_food red_sea_bream,256,256,JPEG
C:/Users/conta/OneDrive/Desktop/Multiclass/data/train\fish sea_food red_sea_bream\MKKNH74T0ZYZ.jpg,fish sea_food red_sea_bream,256,256,JPEG
C:/Users/conta/OneDrive/Desktop/Multiclass/data/train\fish sea_food red_sea_bream\ML8HYAKFF3JQ.jpg,fish sea_food red_sea_bream,256,256,JPEG
C:/Users/conta/OneDrive/Desktop/Multiclass/data/train\fish sea_food red_sea_bream\MZC5USBHPKEX.jpg,fish sea_food red_sea_bream,256,256,JPEG
C:/Users/conta/OneDrive/Desktop/Multiclass/data/train\fish sea_food red_sea_bream\N0CRRGAHBY3F.jpg,fish sea_food red_sea_bream,256,256,JPEG
C:/Users/conta/OneDrive/Desktop/Multiclass/data/train\fish sea_food red_sea_bream\N0CYOI7G7B4X.jpg,fish sea_food red_sea_bream,256,256,JPEG
C:/Users/conta/OneDrive/Desktop/Multiclass/data/train\fish sea_food red_sea_bream\N3MINI6XWWI8.jpg,fish sea_food red_sea_bream,256,256,JPEG
C:/Users/conta/OneDrive/Desktop/Multiclass/data/train\fish sea_food red_sea_bream\N5AQ8MGW4FUC.jpg,fish sea_food red_sea_bream,256,256,JPEG
C:/Users/conta/OneDrive/Desktop/Multiclass/data/train\fish sea_food red_sea_bream\N7RKP8XKY9AP.jpg,fish sea_food red_sea_bream,256,256,JPEG
C:/Users/conta/OneDrive/Desktop/Multiclass/data/train\fish sea_food red_sea_bream\N8ZVQKASTAUQ.jpg,fish sea_food red_sea_bream,256,256,JPEG
C:/Users/conta/OneDrive/Desktop/Multiclass/data/train\fish sea_food red_sea_bream\NARNZZ7KRXAJ.jpg,fish sea_food red_sea_bream,256,256,JPEG
C:/Users/conta/OneDrive/Desktop/Multiclass/data/train\fish sea_food red_sea_bream\NFEQX9SLFP7J.jpg,fish sea_food red_sea_bream,256,256,JPEG
C:/Users/conta/OneDrive/Desktop/Multiclass/data/train\fish sea_food red_sea_bream\NI0TDGJQGAFC.jpg,fish sea_food red_sea_bream,256,256,JPEG
C:/Users/conta/OneDrive/Desktop/Multiclass/data/train\fish sea_food red_sea_bream\NI4772TMOAAJ.jpg,fish sea_food red_sea_bream,256,256,JPEG
C:/Users/conta/OneDrive/Desktop/Multiclass/data/train\fish sea_food red_sea_bream\NKA0HBUNEB7F.jpg,fish sea_food red_sea_bream,256,256,JPEG
C:/Users/conta/OneDrive/Desktop/Multiclass/data/train\fish sea_food red_sea_bream\NMM93CVWS9SJ.jpg,fish sea_food red_sea_bream,256,256,JPEG
C:/Users/conta/OneDrive/Desktop/Multiclass/data/train\fish sea_food red_sea_bream\NVT759FZD58D.jpg,fish sea_food red_sea_bream,256,256,JPEG
C:/Users/conta/OneDrive/Desktop/Multiclass/data/train\fish sea_food red_sea_bream\NWL8TJQB6KK6.jpg,fish sea_food red_sea_bream,256,256,JPEG
C:/Users/conta/OneDrive/Desktop/Multiclass/data/train\fish sea_food red_sea_bream\NXRM74WX3IYF.jpg,fish sea_food red_sea_bream,256,256,JPEG
C:/Users/conta/OneDrive/Desktop/Multiclass/data/train\fish sea_food red_sea_bream\NY64IQK08Y0R.jpg,fish sea_food red_sea_bream,256,256,JPEG
C:/Users/conta/OneDrive/Desktop/Multiclass/data/train\fish sea_food red_sea_bream\NYW7LLSQJBI5.jpg,fish sea_food red_sea_bream,256,256,JPEG
C:/Users/conta/OneDrive/Desktop/Multiclass/data/train\fish sea_food red_sea_bream\O2ZLP0VCDB5P.jpg,fish sea_food red_sea_bream,256,256,JPEG
C:/Users/conta/OneDrive/Desktop/Multiclass/data/train\fish sea_food red_sea_bream\O34CW4M92DWH.jpg,fish sea_food red_sea_bream,256,256,JPEG
C:/Users/conta/OneDrive/Desktop/Multiclass/data/train\fish sea_food red_sea_bream\O5LSQL51H5LP.jpg,fish sea_food red_sea_bream,256,256,JPEG
C:/Users/conta/OneDrive/Desktop/Multiclass/data/train\fish sea_food red_sea_bream\O6YQQN7V3T6K.jpg,fish sea_food red_sea_bream,256,256,JPEG
C:/Users/conta/OneDrive/Desktop/Multiclass/data/train\fish sea_food red_sea_bream\O9QRLA8CCBPM.jpg,fish sea_food red_sea_bream,256,256,JPEG
C:/Users/conta/OneDrive/Desktop/Multiclass/data/train\fish sea_food red_sea_bream\OAGRM0W33I8E.jpg,fish sea_food red_sea_bream,256,256,JPEG
C:/Users/conta/OneDrive/Desktop/Multiclass/data/train\fish sea_food red_sea_bream\OCJ8WFPKRE12.jpg,fish sea_food red_sea_bream,256,256,JPEG
C:/Users/conta/OneDrive/Desktop/Multiclass/data/train\fish sea_food red_sea_bream\OE28TRXC1TPM.jpg,fish sea_food red_sea_bream,256,256,JPEG
C:/Users/conta/OneDrive/Desktop/Multiclass/data/train\fish sea_food red_sea_bream\OEYQX5XAPFXF.jpg,fish sea_food red_sea_bream,256,256,JPEG
C:/Users/conta/OneDrive/Desktop/Multiclass/data/train\fish sea_food red_sea_bream\OGJOF80S8MRN.jpg,fish sea_food red_sea_bream,256,256,JPEG
C:/Users/conta/OneDrive/Desktop/Multiclass/data/train\fish sea_food red_sea_bream\OIJQK8LP5EXY.jpg,fish sea_food red_sea_bream,256,256,JPEG
C:/Users/conta/OneDrive/Desktop/Multiclass/data/train\fish sea_food red_sea_bream\OK3ZNL9SVXXG.jpg,fish sea_food red_sea_bream,256,256,JPEG
C:/Users/conta/OneDrive/Desktop/Multiclass/data/train\fish sea_food red_sea_bream\OLD5IKPML07D.jpg,fish sea_food red_sea_bream,256,256,JPEG
C:/Users/conta/OneDrive/Desktop/Multiclass/data/train\fish sea_food red_sea_bream\OM8RB9K13YHX.jpg,fish sea_food red_sea_bream,256,256,JPEG
C:/Users/conta/OneDrive/Desktop/Multiclass/data/train\fish sea_food red_sea_bream\ONZNA2DFHPAJ.jpg,fish sea_food red_sea_bream,256,256,JPEG
C:/Users/conta/OneDrive/Desktop/Multiclass/data/train\fish sea_food red_sea_bream\OP0V6VZ61P5V.jpg,fish sea_food red_sea_bream,256,256,JPEG
C:/Users/conta/OneDrive/Desktop/Multiclass/data/train\fish sea_food red_sea_bream\OPH941V1CAC5.jpg,fish sea_food red_sea_bream,256,256,JPEG
C:/Users/conta/OneDrive/Desktop/Multiclass/data/train\fish sea_food red_sea_bream\OQ2EYROAXKE2.jpg,fish sea_food red_sea_bream,256,256,JPEG
C:/Users/conta/OneDrive/Desktop/Multiclass/data/train\fish sea_food red_sea_bream\OQHDKX4EGM8V.jpg,fish sea_food red_sea_bream,256,256,JPEG
C:/Users/conta/OneDrive/Desktop/Multiclass/data/train\fish sea_food red_sea_bream\OQQSUMXF6HAI.jpg,fish sea_food red_sea_bream,256,256,JPEG
C:/Users/conta/OneDrive/Desktop/Multiclass/data/train\fish sea_food red_sea_bream\OULSYD9NCGCG.jpg,fish sea_food red_sea_bream,256,256,JPEG
C:/Users/conta/OneDrive/Desktop/Multiclass/data/train\fish sea_food red_sea_bream\OWJFDH9LUW6U.jpg,fish sea_food red_sea_bream,256,256,JPEG
C:/Users/conta/OneDrive/Desktop/Multiclass/data/train\fish sea_food red_sea_bream\OXJ7UUUAEY26.jpg,fish sea_food red_sea_bream,256,256,JPEG
C:/Users/conta/OneDrive/Desktop/Multiclass/data/train\fish sea_food red_sea_bream\OZ65VQJ76J5E.jpg,fish sea_food red_sea_bream,256,256,JPEG
C:/Users/conta/OneDrive/Desktop/Multiclass/data/train\fish sea_food red_sea_bream\OZJBE0HPZ6VH.jpg,fish sea_food red_sea_bream,256,256,JPEG
C:/Users/conta/OneDrive/Desktop/Multiclass/data/train\fish sea_food red_sea_bream\P0G8S2BTRWAO.jpg,fish sea_food red_sea_bream,256,256,JPEG
C:/Users/conta/OneDrive/Desktop/Multiclass/data/train\fish sea_food red_sea_bream\P20U5F5R3WS6.jpg,fish sea_food red_sea_bream,256,256,JPEG
C:/Users/conta/OneDrive/Desktop/Multiclass/data/train\fish sea_food red_sea_bream\P2THLJGQ6DA1.jpg,fish sea_food red_sea_bream,256,256,JPEG
C:/Users/conta/OneDrive/Desktop/Multiclass/data/train\fish sea_food red_sea_bream\P5O64OLMA8HC.jpg,fish sea_food red_sea_bream,256,256,JPEG
C:/Users/conta/OneDrive/Desktop/Multiclass/data/train\fish sea_food red_sea_bream\P7XVH05HRSVA.jpg,fish sea_food red_sea_bream,256,256,JPEG
C:/Users/conta/OneDrive/Desktop/Multiclass/data/train\fish sea_food red_sea_bream\PAC05WYVGMFH.jpg,fish sea_food red_sea_bream,256,256,JPEG
C:/Users/conta/OneDrive/Desktop/Multiclass/data/train\fish sea_food red_sea_bream\PBA79SLZNGJL.jpg,fish sea_food red_sea_bream,256,256,JPEG
C:/Users/conta/OneDrive/Desktop/Multiclass/data/train\fish sea_food red_sea_bream\PC5C2B2XHH3T.jpg,fish sea_food red_sea_bream,256,256,JPEG
C:/Users/conta/OneDrive/Desktop/Multiclass/data/train\fish sea_food red_sea_bream\PE1DTB32UN5V.jpg,fish sea_food red_sea_bream,256,256,JPEG
C:/Users/conta/OneDrive/Desktop/Multiclass/data/train\fish sea_food red_sea_bream\PHAPO9JZ6JZL.jpg,fish sea_food red_sea_bream,256,256,JPEG
C:/Users/conta/OneDrive/Desktop/Multiclass/data/train\fish sea_food red_sea_bream\PHEJVGIH7YFF.jpg,fish sea_food red_sea_bream,256,256,JPEG
C:/Users/conta/OneDrive/Desktop/Multiclass/data/train\fish sea_food red_sea_bream\PHT0X7N89I69.jpg,fish sea_food red_sea_bream,256,256,JPEG
C:/Users/conta/OneDrive/Desktop/Multiclass/data/train\fish sea_food red_sea_bream\PM1QL4FHCOJ9.jpg,fish sea_food red_sea_bream,256,256,JPEG
C:/Users/conta/OneDrive/Desktop/Multiclass/data/train\fish sea_food red_sea_bream\PPFGOC6QOJSA.jpg,fish sea_food red_sea_bream,256,256,JPEG
C:/Users/conta/OneDrive/Desktop/Multiclass/data/train\fish sea_food red_sea_bream\PQTGPHOME4VW.jpg,fish sea_food red_sea_bream,256,256,JPEG
C:/Users/conta/OneDrive/Desktop/Multiclass/data/train\fish sea_food red_sea_bream\PQZCLFODLVTV.jpg,fish sea_food red_sea_bream,256,256,JPEG
C:/Users/conta/OneDrive/Desktop/Multiclass/data/train\fish sea_food red_sea_bream\Q0EG9H23H5H7.jpg,fish sea_food red_sea_bream,256,256,JPEG
C:/Users/conta/OneDrive/Desktop/Multiclass/data/train\fish sea_food red_sea_bream\Q2HY00OGK2L3.jpg,fish sea_food red_sea_bream,256,256,JPEG
C:/Users/conta/OneDrive/Desktop/Multiclass/data/train\fish sea_food red_sea_bream\Q3K4RV6IBTBN.jpg,fish sea_food red_sea_bream,256,256,JPEG
C:/Users/conta/OneDrive/Desktop/Multiclass/data/train\fish sea_food red_sea_bream\Q4Y9XNEWXULV.jpg,fish sea_food red_sea_bream,256,256,JPEG
C:/Users/conta/OneDrive/Desktop/Multiclass/data/train\fish sea_food red_sea_bream\Q5LQUGRLMCD8.jpg,fish sea_food red_sea_bream,256,256,JPEG
C:/Users/conta/OneDrive/Desktop/Multiclass/data/train\fish sea_food red_sea_bream\QA0Y6VF3F8I8.jpg,fish sea_food red_sea_bream,256,256,JPEG
C:/Users/conta/OneDrive/Desktop/Multiclass/data/train\fish sea_food red_sea_bream\QBA67VMRPU3X.jpg,fish sea_food red_sea_bream,256,256,JPEG
C:/Users/conta/OneDrive/Desktop/Multiclass/data/train\fish sea_food red_sea_bream\QCAIYVOY3CZQ.jpg,fish sea_food red_sea_bream,256,256,JPEG
C:/Users/conta/OneDrive/Desktop/Multiclass/data/train\fish sea_food red_sea_bream\QH5GR99J7LGP.jpg,fish sea_food red_sea_bream,256,256,JPEG
C:/Users/conta/OneDrive/Desktop/Multiclass/data/train\fish sea_food red_sea_bream\QHBTT9PC8KVP.jpg,fish sea_food red_sea_bream,256,256,JPEG
C:/Users/conta/OneDrive/Desktop/Multiclass/data/train\fish sea_food red_sea_bream\QJSKIZC50TKN.jpg,fish sea_food red_sea_bream,256,256,JPEG
C:/Users/conta/OneDrive/Desktop/Multiclass/data/train\fish sea_food red_sea_bream\QK20YE52XS16.jpg,fish sea_food red_sea_bream,256,256,JPEG
C:/Users/conta/OneDrive/Desktop/Multiclass/data/train\fish sea_food red_sea_bream\QMBNUZT1JV6V.jpg,fish sea_food red_sea_bream,256,256,JPEG
C:/Users/conta/OneDrive/Desktop/Multiclass/data/train\fish sea_food red_sea_bream\QN28M9WKCX80.jpg,fish sea_food red_sea_bream,256,256,JPEG
C:/Users/conta/OneDrive/Desktop/Multiclass/data/train\fish sea_food red_sea_bream\QNXESFEV9QYG.jpg,fish sea_food red_sea_bream,256,256,JPEG
C:/Users/conta/OneDrive/Desktop/Multiclass/data/train\fish sea_food red_sea_bream\QSZAD4XANDO9.jpg,fish sea_food red_sea_bream,256,256,JPEG
C:/Users/conta/OneDrive/Desktop/Multiclass/data/train\fish sea_food red_sea_bream\QW296TAAFYCR.jpg,fish sea_food red_sea_bream,256,256,JPEG
C:/Users/conta/OneDrive/Desktop/Multiclass/data/train\fish sea_food red_sea_bream\R1V1QP1DWYPX.jpg,fish sea_food red_sea_bream,256,256,JPEG
C:/Users/conta/OneDrive/Desktop/Multiclass/data/train\fish sea_food red_sea_bream\R7IULQGKFPAX.jpg,fish sea_food red_sea_bream,256,256,JPEG
C:/Users/conta/OneDrive/Desktop/Multiclass/data/train\fish sea_food red_sea_bream\R7JXVJEZP294.jpg,fish sea_food red_sea_bream,256,256,JPEG
C:/Users/conta/OneDrive/Desktop/Multiclass/data/train\fish sea_food red_sea_bream\R8B4TR2TUU5V.jpg,fish sea_food red_sea_bream,256,256,JPEG
C:/Users/conta/OneDrive/Desktop/Multiclass/data/train\fish sea_food red_sea_bream\RDHJN7TW71IL.jpg,fish sea_food red_sea_bream,256,256,JPEG
C:/Users/conta/OneDrive/Desktop/Multiclass/data/train\fish sea_food red_sea_bream\RGIWIQHYAGBS.jpg,fish sea_food red_sea_bream,256,256,JPEG
C:/Users/conta/OneDrive/Desktop/Multiclass/data/train\fish sea_food red_sea_bream\RGVGDQIKCPK7.jpg,fish sea_food red_sea_bream,256,256,JPEG
C:/Users/conta/OneDrive/Desktop/Multiclass/data/train\fish sea_food red_sea_bream\RI3IX8O6A8PL.jpg,fish sea_food red_sea_bream,256,256,JPEG
C:/Users/conta/OneDrive/Desktop/Multiclass/data/train\fish sea_food red_sea_bream\RJSJ37JH8AEP.jpg,fish sea_food red_sea_bream,256,256,JPEG
C:/Users/conta/OneDrive/Desktop/Multiclass/data/train\fish sea_food red_sea_bream\RJSYVH14TO6G.jpg,fish sea_food red_sea_bream,256,256,JPEG
C:/Users/conta/OneDrive/Desktop/Multiclass/data/train\fish sea_food red_sea_bream\RKBJP0V8RGIL.jpg,fish sea_food red_sea_bream,256,256,JPEG
C:/Users/conta/OneDrive/Desktop/Multiclass/data/train\fish sea_food red_sea_bream\RNM532HZCGVI.jpg,fish sea_food red_sea_bream,256,256,JPEG
C:/Users/conta/OneDrive/Desktop/Multiclass/data/train\fish sea_food red_sea_bream\RO65IWF0EWNX.jpg,fish sea_food red_sea_bream,256,256,JPEG
C:/Users/conta/OneDrive/Desktop/Multiclass/data/train\fish sea_food red_sea_bream\RRFDX7N830OQ.jpg,fish sea_food red_sea_bream,256,256,JPEG
C:/Users/conta/OneDrive/Desktop/Multiclass/data/train\fish sea_food red_sea_bream\RS3YI17ZZ3BO.jpg,fish sea_food red_sea_bream,256,256,JPEG
C:/Users/conta/OneDrive/Desktop/Multiclass/data/train\fish sea_food red_sea_bream\RWI2CCAS2YGM.jpg,fish sea_food red_sea_bream,256,256,JPEG
C:/Users/conta/OneDrive/Desktop/Multiclass/data/train\fish sea_food red_sea_bream\RXZAJDSPCK9E.jpg,fish sea_food red_sea_bream,256,256,JPEG
C:/Users/conta/OneDrive/Desktop/Multiclass/data/train\fish sea_food red_sea_bream\S0ZMELIQ3CM4.jpg,fish sea_food red_sea_bream,256,256,JPEG
C:/Users/conta/OneDrive/Desktop/Multiclass/data/train\fish sea_food red_sea_bream\S1F1YKN6TGXY.jpg,fish sea_food red_sea_bream,256,256,JPEG
C:/Users/conta/OneDrive/Desktop/Multiclass/data/train\fish sea_food red_sea_bream\S314R4GE5WUB.jpg,fish sea_food red_sea_bream,256,256,JPEG
C:/Users/conta/OneDrive/Desktop/Multiclass/data/train\fish sea_food red_sea_bream\S4CZFKSXI8U7.jpg,fish sea_food red_sea_bream,256,256,JPEG
C:/Users/conta/OneDrive/Desktop/Multiclass/data/train\fish sea_food red_sea_bream\S8MFQOJW2BX0.jpg,fish sea_food red_sea_bream,256,256,JPEG
C:/Users/conta/OneDrive/Desktop/Multiclass/data/train\fish sea_food red_sea_bream\S9DM2XQOVIRA.jpg,fish sea_food red_sea_bream,256,256,JPEG
C:/Users/conta/OneDrive/Desktop/Multiclass/data/train\fish sea_food red_sea_bream\SA50T1VLQES3.jpg,fish sea_food red_sea_bream,256,256,JPEG
C:/Users/conta/OneDrive/Desktop/Multiclass/data/train\fish sea_food red_sea_bream\SIWFDDIF1F2I.jpg,fish sea_food red_sea_bream,256,256,JPEG
C:/Users/conta/OneDrive/Desktop/Multiclass/data/train\fish sea_food red_sea_bream\SN30Y0KENQB0.jpg,fish sea_food red_sea_bream,256,256,JPEG
C:/Users/conta/OneDrive/Desktop/Multiclass/data/train\fish sea_food red_sea_bream\SQ1YZM5Q4MF7.jpg,fish sea_food red_sea_bream,256,256,JPEG
C:/Users/conta/OneDrive/Desktop/Multiclass/data/train\fish sea_food red_sea_bream\SZZYWPURC73Z.jpg,fish sea_food red_sea_bream,256,256,JPEG
C:/Users/conta/OneDrive/Desktop/Multiclass/data/train\fish sea_food red_sea_bream\T04OF6B1JSOV.jpg,fish sea_food red_sea_bream,256,256,JPEG
C:/Users/conta/OneDrive/Desktop/Multiclass/data/train\fish sea_food red_sea_bream\T3VZKII7GPTF.jpg,fish sea_food red_sea_bream,256,256,JPEG
C:/Users/conta/OneDrive/Desktop/Multiclass/data/train\fish sea_food red_sea_bream\TACDP9YA3QKB.jpg,fish sea_food red_sea_bream,256,256,JPEG
C:/Users/conta/OneDrive/Desktop/Multiclass/data/train\fish sea_food red_sea_bream\TB21KPACV2A2.jpg,fish sea_food red_sea_bream,256,256,JPEG
C:/Users/conta/OneDrive/Desktop/Multiclass/data/train\fish sea_food red_sea_bream\TDKVQSZ9LF1K.jpg,fish sea_food red_sea_bream,256,256,JPEG
C:/Users/conta/OneDrive/Desktop/Multiclass/data/train\fish sea_food red_sea_bream\TDO3ZWINH667.jpg,fish sea_food red_sea_bream,256,256,JPEG
C:/Users/conta/OneDrive/Desktop/Multiclass/data/train\fish sea_food red_sea_bream\TE6MAUAZVDGU.jpg,fish sea_food red_sea_bream,256,256,JPEG
C:/Users/conta/OneDrive/Desktop/Multiclass/data/train\fish sea_food red_sea_bream\TE7MXU5OBVVE.jpg,fish sea_food red_sea_bream,256,256,JPEG
C:/Users/conta/OneDrive/Desktop/Multiclass/data/train\fish sea_food red_sea_bream\TFHGNT30GW4G.jpg,fish sea_food red_sea_bream,256,256,JPEG
C:/Users/conta/OneDrive/Desktop/Multiclass/data/train\fish sea_food red_sea_bream\TGN1MER4DMW2.jpg,fish sea_food red_sea_bream,256,256,JPEG
C:/Users/conta/OneDrive/Desktop/Multiclass/data/train\fish sea_food red_sea_bream\TJF46W70VQAB.jpg,fish sea_food red_sea_bream,256,256,JPEG
C:/Users/conta/OneDrive/Desktop/Multiclass/data/train\fish sea_food red_sea_bream\TPUMY8OMU0HV.jpg,fish sea_food red_sea_bream,256,256,JPEG
C:/Users/conta/OneDrive/Desktop/Multiclass/data/train\fish sea_food red_sea_bream\TV8E7PIY5AA3.jpg,fish sea_food red_sea_bream,256,256,JPEG
C:/Users/conta/OneDrive/Desktop/Multiclass/data/train\fish sea_food red_sea_bream\TVDLSQU78LMS.jpg,fish sea_food red_sea_bream,256,256,JPEG
C:/Users/conta/OneDrive/Desktop/Multiclass/data/train\fish sea_food red_sea_bream\TXCOXHRB01MI.jpg,fish sea_food red_sea_bream,256,256,JPEG
C:/Users/conta/OneDrive/Desktop/Multiclass/data/train\fish sea_food red_sea_bream\U0MRU1Y1ZJ7S.jpg,fish sea_food red_sea_bream,256,256,JPEG
C:/Users/conta/OneDrive/Desktop/Multiclass/data/train\fish sea_food red_sea_bream\U11OG2FNZAX2.jpg,fish sea_food red_sea_bream,256,256,JPEG
C:/Users/conta/OneDrive/Desktop/Multiclass/data/train\fish sea_food red_sea_bream\U1ZEQ3PC66PM.jpg,fish sea_food red_sea_bream,256,256,JPEG
C:/Users/conta/OneDrive/Desktop/Multiclass/data/train\fish sea_food red_sea_bream\U7KXNWVALCBP.jpg,fish sea_food red_sea_bream,256,256,JPEG
C:/Users/conta/OneDrive/Desktop/Multiclass/data/train\fish sea_food red_sea_bream\U81F7I2EXIZG.jpg,fish sea_food red_sea_bream,256,256,JPEG
C:/Users/conta/OneDrive/Desktop/Multiclass/data/train\fish sea_food red_sea_bream\U8WIKIAN9855.jpg,fish sea_food red_sea_bream,256,256,JPEG
C:/Users/conta/OneDrive/Desktop/Multiclass/data/train\fish sea_food red_sea_bream\U9DPDIV1EBYS.jpg,fish sea_food red_sea_bream,256,256,JPEG
C:/Users/conta/OneDrive/Desktop/Multiclass/data/train\fish sea_food red_sea_bream\U9HS3I6QJ8SZ.jpg,fish sea_food red_sea_bream,256,256,JPEG
C:/Users/conta/OneDrive/Desktop/Multiclass/data/train\fish sea_food red_sea_bream\UAA16491U9YF.jpg,fish sea_food red_sea_bream,256,256,JPEG
C:/Users/conta/OneDrive/Desktop/Multiclass/data/train\fish sea_food red_sea_bream\UAE3TY4M0Z62.jpg,fish sea_food red_sea_bream,256,256,JPEG
C:/Users/conta/OneDrive/Desktop/Multiclass/data/train\fish sea_food red_sea_bream\UD7H9OU938JN.jpg,fish sea_food red_sea_bream,256,256,JPEG
C:/Users/conta/OneDrive/Desktop/Multiclass/data/train\fish sea_food red_sea_bream\UDYJKTYWN6KH.jpg,fish sea_food red_sea_bream,256,256,JPEG
C:/Users/conta/OneDrive/Desktop/Multiclass/data/train\fish sea_food red_sea_bream\UF59X1CWPAC6.jpg,fish sea_food red_sea_bream,256,256,JPEG
C:/Users/conta/OneDrive/Desktop/Multiclass/data/train\fish sea_food red_sea_bream\UJRYGD41I0GC.jpg,fish sea_food red_sea_bream,256,256,JPEG
C:/Users/conta/OneDrive/Desktop/Multiclass/data/train\fish sea_food red_sea_bream\ULLSO2JA70RH.jpg,fish sea_food red_sea_bream,256,256,JPEG
C:/Users/conta/OneDrive/Desktop/Multiclass/data/train\fish sea_food red_sea_bream\USLKLWO5TUI9.jpg,fish sea_food red_sea_bream,256,256,JPEG
C:/Users/conta/OneDrive/Desktop/Multiclass/data/train\fish sea_food red_sea_bream\UZ5XTWGRNPD9.jpg,fish sea_food red_sea_bream,256,256,JPEG
C:/Users/conta/OneDrive/Desktop/Multiclass/data/train\fish sea_food red_sea_bream\V0GRENSGAF7X.jpg,fish sea_food red_sea_bream,256,256,JPEG
C:/Users/conta/OneDrive/Desktop/Multiclass/data/train\fish sea_food red_sea_bream\V3D021NHUL17.jpg,fish sea_food red_sea_bream,256,256,JPEG
C:/Users/conta/OneDrive/Desktop/Multiclass/data/train\fish sea_food red_sea_bream\V3T84FKXDQAK.jpg,fish sea_food red_sea_bream,256,256,JPEG
C:/Users/conta/OneDrive/Desktop/Multiclass/data/train\fish sea_food red_sea_bream\V40HAXYLRHON.jpg,fish sea_food red_sea_bream,256,256,JPEG
C:/Users/conta/OneDrive/Desktop/Multiclass/data/train\fish sea_food red_sea_bream\V5GDJ6OBZPTL.jpg,fish sea_food red_sea_bream,256,256,JPEG
C:/Users/conta/OneDrive/Desktop/Multiclass/data/train\fish sea_food red_sea_bream\V93PHUPE5PY5.jpg,fish sea_food red_sea_bream,256,256,JPEG
C:/Users/conta/OneDrive/Desktop/Multiclass/data/train\fish sea_food red_sea_bream\V9RUYU5QMFMZ.jpg,fish sea_food red_sea_bream,256,256,JPEG
C:/Users/conta/OneDrive/Desktop/Multiclass/data/train\fish sea_food red_sea_bream\VAAF2VM0QH9O.jpg,fish sea_food red_sea_bream,256,256,JPEG
C:/Users/conta/OneDrive/Desktop/Multiclass/data/train\fish sea_food red_sea_bream\VFVY8LE4Q43C.jpg,fish sea_food red_sea_bream,256,256,JPEG
C:/Users/conta/OneDrive/Desktop/Multiclass/data/train\fish sea_food red_sea_bream\VJQMU6JI4HM4.jpg,fish sea_food red_sea_bream,256,256,JPEG
C:/Users/conta/OneDrive/Desktop/Multiclass/data/train\fish sea_food red_sea_bream\VJQY7I1MPK4N.jpg,fish sea_food red_sea_bream,256,256,JPEG
C:/Users/conta/OneDrive/Desktop/Multiclass/data/train\fish sea_food red_sea_bream\VPYB6YO8PWCW.jpg,fish sea_food red_sea_bream,256,256,JPEG
C:/Users/conta/OneDrive/Desktop/Multiclass/data/train\fish sea_food red_sea_bream\VS3S46UZWDM6.jpg,fish sea_food red_sea_bream,256,256,JPEG
C:/Users/conta/OneDrive/Desktop/Multiclass/data/train\fish sea_food red_sea_bream\VTFCRJK6J5CW.jpg,fish sea_food red_sea_bream,256,256,JPEG
C:/Users/conta/OneDrive/Desktop/Multiclass/data/train\fish sea_food red_sea_bream\VXBUOZ7FJGUX.jpg,fish sea_food red_sea_bream,256,256,JPEG
C:/Users/conta/OneDrive/Desktop/Multiclass/data/train\fish sea_food red_sea_bream\VXY6D8PFAJMV.jpg,fish sea_food red_sea_bream,256,256,JPEG
C:/Users/conta/OneDrive/Desktop/Multiclass/data/train\fish sea_food red_sea_bream\VYJMKZ366USW.jpg,fish sea_food red_sea_bream,256,256,JPEG
C:/Users/conta/OneDrive/Desktop/Multiclass/data/train\fish sea_food red_sea_bream\VYMC7XFI46HY.jpg,fish sea_food red_sea_bream,256,256,JPEG
C:/Users/conta/OneDrive/Desktop/Multiclass/data/train\fish sea_food red_sea_bream\W19KE9WL492Z.jpg,fish sea_food red_sea_bream,256,256,JPEG
C:/Users/conta/OneDrive/Desktop/Multiclass/data/train\fish sea_food red_sea_bream\W35669AJM5UJ.jpg,fish sea_food red_sea_bream,256,256,JPEG
C:/Users/conta/OneDrive/Desktop/Multiclass/data/train\fish sea_food red_sea_bream\W7V3V2LQR9KT.jpg,fish sea_food red_sea_bream,256,256,JPEG
C:/Users/conta/OneDrive/Desktop/Multiclass/data/train\fish sea_food red_sea_bream\WGQYNXZD26TD.jpg,fish sea_food red_sea_bream,256,256,JPEG
C:/Users/conta/OneDrive/Desktop/Multiclass/data/train\fish sea_food red_sea_bream\WGRBLZDABICX.jpg,fish sea_food red_sea_bream,256,256,JPEG
C:/Users/conta/OneDrive/Desktop/Multiclass/data/train\fish sea_food red_sea_bream\WK37V9JCUPH3.jpg,fish sea_food red_sea_bream,256,256,JPEG
C:/Users/conta/OneDrive/Desktop/Multiclass/data/train\fish sea_food red_sea_bream\WL8SDK3M54JA.jpg,fish sea_food red_sea_bream,256,256,JPEG
C:/Users/conta/OneDrive/Desktop/Multiclass/data/train\fish sea_food red_sea_bream\WLIE7L111296.jpg,fish sea_food red_sea_bream,256,256,JPEG
C:/Users/conta/OneDrive/Desktop/Multiclass/data/train\fish sea_food red_sea_bream\WLW5P1YEAJQC.jpg,fish sea_food red_sea_bream,256,256,JPEG
C:/Users/conta/OneDrive/Desktop/Multiclass/data/train\fish sea_food red_sea_bream\WO2OELC1PZBF.jpg,fish sea_food red_sea_bream,256,256,JPEG
C:/Users/conta/OneDrive/Desktop/Multiclass/data/train\fish sea_food red_sea_bream\WOMLBL32J55O.jpg,fish sea_food red_sea_bream,256,256,JPEG
C:/Users/conta/OneDrive/Desktop/Multiclass/data/train\fish sea_food red_sea_bream\WP21OX3994XS.jpg,fish sea_food red_sea_bream,256,256,JPEG
C:/Users/conta/OneDrive/Desktop/Multiclass/data/train\fish sea_food red_sea_bream\WTFTJ27Q2ETU.jpg,fish sea_food red_sea_bream,256,256,JPEG
C:/Users/conta/OneDrive/Desktop/Multiclass/data/train\fish sea_food red_sea_bream\WTGW2GNY9KU6.jpg,fish sea_food red_sea_bream,256,256,JPEG
C:/Users/conta/OneDrive/Desktop/Multiclass/data/train\fish sea_food red_sea_bream\WTHDLRGKX6ON.jpg,fish sea_food red_sea_bream,256,256,JPEG
C:/Users/conta/OneDrive/Desktop/Multiclass/data/train\fish sea_food red_sea_bream\WXCF6H3CNCTT.jpg,fish sea_food red_sea_bream,256,256,JPEG
C:/Users/conta/OneDrive/Desktop/Multiclass/data/train\fish sea_food red_sea_bream\WYEUGT941S95.jpg,fish sea_food red_sea_bream,256,256,JPEG
C:/Users/conta/OneDrive/Desktop/Multiclass/data/train\fish sea_food red_sea_bream\WZDFI6WXSULC.jpg,fish sea_food red_sea_bream,256,256,JPEG
C:/Users/conta/OneDrive/Desktop/Multiclass/data/train\fish sea_food red_sea_bream\X4QL1IPA2HHY.jpg,fish sea_food red_sea_bream,256,256,JPEG
C:/Users/conta/OneDrive/Desktop/Multiclass/data/train\fish sea_food red_sea_bream\X7MN3GFGLBQV.jpg,fish sea_food red_sea_bream,256,256,JPEG
C:/Users/conta/OneDrive/Desktop/Multiclass/data/train\fish sea_food red_sea_bream\X8A9PLVKPJ8I.jpg,fish sea_food red_sea_bream,256,256,JPEG
C:/Users/conta/OneDrive/Desktop/Multiclass/data/train\fish sea_food red_sea_bream\X8IOVBLIUUG7.jpg,fish sea_food red_sea_bream,256,256,JPEG
C:/Users/conta/OneDrive/Desktop/Multiclass/data/train\fish sea_food red_sea_bream\X8Y19V45GSQO.jpg,fish sea_food red_sea_bream,256,256,JPEG
C:/Users/conta/OneDrive/Desktop/Multiclass/data/train\fish sea_food red_sea_bream\X9BKVYGPF19C.jpg,fish sea_food red_sea_bream,256,256,JPEG
C:/Users/conta/OneDrive/Desktop/Multiclass/data/train\fish sea_food red_sea_bream\X9RDRG6GKH6D.jpg,fish sea_food red_sea_bream,256,256,JPEG
C:/Users/conta/OneDrive/Desktop/Multiclass/data/train\fish sea_food red_sea_bream\XA1EHT2JOEU7.jpg,fish sea_food red_sea_bream,256,256,JPEG
C:/Users/conta/OneDrive/Desktop/Multiclass/data/train\fish sea_food red_sea_bream\XD86NZL608BN.jpg,fish sea_food red_sea_bream,256,256,JPEG
C:/Users/conta/OneDrive/Desktop/Multiclass/data/train\fish sea_food red_sea_bream\XEEH4IKKGN97.jpg,fish sea_food red_sea_bream,256,256,JPEG
C:/Users/conta/OneDrive/Desktop/Multiclass/data/train\fish sea_food red_sea_bream\XEJC5S3ASMII.jpg,fish sea_food red_sea_bream,256,256,JPEG
C:/Users/conta/OneDrive/Desktop/Multiclass/data/train\fish sea_food red_sea_bream\XF7ZNI4A5DWG.jpg,fish sea_food red_sea_bream,256,256,JPEG
C:/Users/conta/OneDrive/Desktop/Multiclass/data/train\fish sea_food red_sea_bream\XFB7JXDC5T4J.jpg,fish sea_food red_sea_bream,256,256,JPEG
C:/Users/conta/OneDrive/Desktop/Multiclass/data/train\fish sea_food red_sea_bream\XFBYURS1G908.jpg,fish sea_food red_sea_bream,256,256,JPEG
C:/Users/conta/OneDrive/Desktop/Multiclass/data/train\fish sea_food red_sea_bream\XJRXC8O360K5.jpg,fish sea_food red_sea_bream,256,256,JPEG
C:/Users/conta/OneDrive/Desktop/Multiclass/data/train\fish sea_food red_sea_bream\XPXLIEQUZ7HP.jpg,fish sea_food red_sea_bream,256,256,JPEG
C:/Users/conta/OneDrive/Desktop/Multiclass/data/train\fish sea_food red_sea_bream\XR63AHRQRHSU.jpg,fish sea_food red_sea_bream,256,256,JPEG
C:/Users/conta/OneDrive/Desktop/Multiclass/data/train\fish sea_food red_sea_bream\XRATD4ULJXQL.jpg,fish sea_food red_sea_bream,256,256,JPEG
C:/Users/conta/OneDrive/Desktop/Multiclass/data/train\fish sea_food red_sea_bream\XTV2DTERV1B6.jpg,fish sea_food red_sea_bream,256,256,JPEG
C:/Users/conta/OneDrive/Desktop/Multiclass/data/train\fish sea_food red_sea_bream\XVXUEZNFO76V.jpg,fish sea_food red_sea_bream,256,256,JPEG
C:/Users/conta/OneDrive/Desktop/Multiclass/data/train\fish sea_food red_sea_bream\XWW2TW3SRLK7.jpg,fish sea_food red_sea_bream,256,256,JPEG
C:/Users/conta/OneDrive/Desktop/Multiclass/data/train\fish sea_food red_sea_bream\XX0YN1Q6D9DM.jpg,fish sea_food red_sea_bream,256,256,JPEG
C:/Users/conta/OneDrive/Desktop/Multiclass/data/train\fish sea_food red_sea_bream\XX1VXROIHTA5.jpg,fish sea_food red_sea_bream,256,256,JPEG
C:/Users/conta/OneDrive/Desktop/Multiclass/data/train\fish sea_food red_sea_bream\XY28ET25N404.jpg,fish sea_food red_sea_bream,256,256,JPEG
C:/Users/conta/OneDrive/Desktop/Multiclass/data/train\fish sea_food red_sea_bream\XZ967M9RQ8OU.jpg,fish sea_food red_sea_bream,256,256,JPEG
C:/Users/conta/OneDrive/Desktop/Multiclass/data/train\fish sea_food red_sea_bream\Y1FU2UNEC9EB.jpg,fish sea_food red_sea_bream,256,256,JPEG
C:/Users/conta/OneDrive/Desktop/Multiclass/data/train\fish sea_food red_sea_bream\Y1NAT0CA6TB1.jpg,fish sea_food red_sea_bream,256,256,JPEG
C:/Users/conta/OneDrive/Desktop/Multiclass/data/train\fish sea_food red_sea_bream\Y367TOKAW17J.jpg,fish sea_food red_sea_bream,256,256,JPEG
C:/Users/conta/OneDrive/Desktop/Multiclass/data/train\fish sea_food red_sea_bream\Y542QZNE0PMC.jpg,fish sea_food red_sea_bream,256,256,JPEG
C:/Users/conta/OneDrive/Desktop/Multiclass/data/train\fish sea_food red_sea_bream\YAQ59OHZGN30.jpg,fish sea_food red_sea_bream,256,256,JPEG
C:/Users/conta/OneDrive/Desktop/Multiclass/data/train\fish sea_food red_sea_bream\YGDMODYLCB6D.jpg,fish sea_food red_sea_bream,256,256,JPEG
C:/Users/conta/OneDrive/Desktop/Multiclass/data/train\fish sea_food red_sea_bream\YJOWP658FR0S.jpg,fish sea_food red_sea_bream,256,256,JPEG
C:/Users/conta/OneDrive/Desktop/Multiclass/data/train\fish sea_food red_sea_bream\YMZLBGP5L33T.jpg,fish sea_food red_sea_bream,256,256,JPEG
C:/Users/conta/OneDrive/Desktop/Multiclass/data/train\fish sea_food red_sea_bream\YO0VCVNVDKRC.jpg,fish sea_food red_sea_bream,256,256,JPEG
C:/Users/conta/OneDrive/Desktop/Multiclass/data/train\fish sea_food red_sea_bream\YPBP3TYQCH27.jpg,fish sea_food red_sea_bream,256,256,JPEG
C:/Users/conta/OneDrive/Desktop/Multiclass/data/train\fish sea_food red_sea_bream\YPDRYE9NP8TM.jpg,fish sea_food red_sea_bream,256,256,JPEG
C:/Users/conta/OneDrive/Desktop/Multiclass/data/train\fish sea_food red_sea_bream\YQUR0J5QHSWG.jpg,fish sea_food red_sea_bream,256,256,JPEG
C:/Users/conta/OneDrive/Desktop/Multiclass/data/train\fish sea_food red_sea_bream\YVEE0DORF1T3.jpg,fish sea_food red_sea_bream,256,256,JPEG
C:/Users/conta/OneDrive/Desktop/Multiclass/data/train\fish sea_food red_sea_bream\YX3D7ZE2THRJ.jpg,fish sea_food red_sea_bream,256,256,JPEG
C:/Users/conta/OneDrive/Desktop/Multiclass/data/train\fish sea_food red_sea_bream\YYOJ0H05SZQN.jpg,fish sea_food red_sea_bream,256,256,JPEG
C:/Users/conta/OneDrive/Desktop/Multiclass/data/train\fish sea_food red_sea_bream\Z2SXOJHNQQZD.jpg,fish sea_food red_sea_bream,256,256,JPEG
C:/Users/conta/OneDrive/Desktop/Multiclass/data/train\fish sea_food red_sea_bream\Z53M87F0CTJB.jpg,fish sea_food red_sea_bream,256,256,JPEG
C:/Users/conta/OneDrive/Desktop/Multiclass/data/train\fish sea_food red_sea_bream\Z8F07YAI2HFN.jpg,fish sea_food red_sea_bream,256,256,JPEG
C:/Users/conta/OneDrive/Desktop/Multiclass/data/train\fish sea_food red_sea_bream\ZB6X5CD1XUSZ.jpg,fish sea_food red_sea_bream,256,256,JPEG
C:/Users/conta/OneDrive/Desktop/Multiclass/data/train\fish sea_food red_sea_bream\ZGUUWBJ7EP6N.jpg,fish sea_food red_sea_bream,256,256,JPEG
C:/Users/conta/OneDrive/Desktop/Multiclass/data/train\fish sea_food red_sea_bream\ZLABUR8GWMJV.jpg,fish sea_food red_sea_bream,256,256,JPEG
C:/Users/conta/OneDrive/Desktop/Multiclass/data/train\fish sea_food red_sea_bream\ZNHHJ0O11MGS.jpg,fish sea_food red_sea_bream,256,256,JPEG
C:/Users/conta/OneDrive/Desktop/Multiclass/data/train\fish sea_food red_sea_bream\ZODV7UZU0TV5.jpg,fish sea_food red_sea_bream,256,256,JPEG
C:/Users/conta/OneDrive/Desktop/Multiclass/data/train\fish sea_food red_sea_bream\ZQCDRQFGVHQD.jpg,fish sea_food red_sea_bream,256,256,JPEG
C:/Users/conta/OneDrive/Desktop/Multiclass/data/train\fish sea_food red_sea_bream\ZR5V80GLCFR9.jpg,fish sea_food red_sea_bream,256,256,JPEG
C:/Users/conta/OneDrive/Desktop/Multiclass/data/train\fish sea_food red_sea_bream\ZU08UPX71HV5.jpg,fish sea_food red_sea_bream,256,256,JPEG
C:/Users/conta/OneDrive/Desktop/Multiclass/data/train\fish sea_food red_sea_bream\ZW8ST5L3YB7G.jpg,fish sea_food red_sea_bream,256,256,JPEG
C:/Users/conta/OneDrive/Desktop/Multiclass/data/train\fish sea_food sea_bass\035E3ZRVB2QQ.jpg,fish sea_food sea_bass,256,256,JPEG
C:/Users/conta/OneDrive/Desktop/Multiclass/data/train\fish sea_food sea_bass\08FISEE2MGHF.jpg,fish sea_food sea_bass,256,256,JPEG
C:/Users/conta/OneDrive/Desktop/Multiclass/data/train\fish sea_food sea_bass\0BKF1BOYYSVW.jpg,fish sea_food sea_bass,256,256,JPEG
C:/Users/conta/OneDrive/Desktop/Multiclass/data/train\fish sea_food sea_bass\0DC33P7W6FW2.jpg,fish sea_food sea_bass,256,256,JPEG
C:/Users/conta/OneDrive/Desktop/Multiclass/data/train\fish sea_food sea_bass\0GNBX1KYW4RQ.jpg,fish sea_food sea_bass,256,256,JPEG
C:/Users/conta/OneDrive/Desktop/Multiclass/data/train\fish sea_food sea_bass\0IYKGZWXNMPX.jpg,fish sea_food sea_bass,256,256,JPEG
C:/Users/conta/OneDrive/Desktop/Multiclass/data/train\fish sea_food sea_bass\0LTJW8SQR8MD.jpg,fish sea_food sea_bass,256,256,JPEG
C:/Users/conta/OneDrive/Desktop/Multiclass/data/train\fish sea_food sea_bass\0N8G3FTCDL84.jpg,fish sea_food sea_bass,256,256,JPEG
C:/Users/conta/OneDrive/Desktop/Multiclass/data/train\fish sea_food sea_bass\0O9SO39BE8F8.jpg,fish sea_food sea_bass,256,256,JPEG
C:/Users/conta/OneDrive/Desktop/Multiclass/data/train\fish sea_food sea_bass\0R4ZS1OO5O4X.jpg,fish sea_food sea_bass,256,256,JPEG
C:/Users/conta/OneDrive/Desktop/Multiclass/data/train\fish sea_food sea_bass\0SIQUNGYDBU8.jpg,fish sea_food sea_bass,256,256,JPEG
C:/Users/conta/OneDrive/Desktop/Multiclass/data/train\fish sea_food sea_bass\0TA6K1SC886F.jpg,fish sea_food sea_bass,256,256,JPEG
C:/Users/conta/OneDrive/Desktop/Multiclass/data/train\fish sea_food sea_bass\0VYTBF8IAZJR.jpg,fish sea_food sea_bass,256,256,JPEG
C:/Users/conta/OneDrive/Desktop/Multiclass/data/train\fish sea_food sea_bass\11WZAIC52YH9.jpg,fish sea_food sea_bass,256,256,JPEG
C:/Users/conta/OneDrive/Desktop/Multiclass/data/train\fish sea_food sea_bass\124KMHO1897A.jpg,fish sea_food sea_bass,256,256,JPEG
C:/Users/conta/OneDrive/Desktop/Multiclass/data/train\fish sea_food sea_bass\13NQJZDH9VVY.jpg,fish sea_food sea_bass,256,256,JPEG
C:/Users/conta/OneDrive/Desktop/Multiclass/data/train\fish sea_food sea_bass\13OFXNA5PH2G.jpg,fish sea_food sea_bass,256,256,JPEG
C:/Users/conta/OneDrive/Desktop/Multiclass/data/train\fish sea_food sea_bass\18DKGZOFUW2Y.jpg,fish sea_food sea_bass,256,256,JPEG
C:/Users/conta/OneDrive/Desktop/Multiclass/data/train\fish sea_food sea_bass\19GVFUOA54ZB.jpg,fish sea_food sea_bass,256,256,JPEG
C:/Users/conta/OneDrive/Desktop/Multiclass/data/train\fish sea_food sea_bass\1BVQZUWX39GT.jpg,fish sea_food sea_bass,256,256,JPEG
C:/Users/conta/OneDrive/Desktop/Multiclass/data/train\fish sea_food sea_bass\1C8XWZMOJ88W.jpg,fish sea_food sea_bass,256,256,JPEG
C:/Users/conta/OneDrive/Desktop/Multiclass/data/train\fish sea_food sea_bass\1D31YV2LNAO5.jpg,fish sea_food sea_bass,256,256,JPEG
C:/Users/conta/OneDrive/Desktop/Multiclass/data/train\fish sea_food sea_bass\1FJOB1GJ4P98.jpg,fish sea_food sea_bass,256,256,JPEG
C:/Users/conta/OneDrive/Desktop/Multiclass/data/train\fish sea_food sea_bass\1FTEB49TKZC1.jpg,fish sea_food sea_bass,256,256,JPEG
C:/Users/conta/OneDrive/Desktop/Multiclass/data/train\fish sea_food sea_bass\1HNFZ02K1G2G.jpg,fish sea_food sea_bass,256,256,JPEG
C:/Users/conta/OneDrive/Desktop/Multiclass/data/train\fish sea_food sea_bass\1I5GADIQJCZ0.jpg,fish sea_food sea_bass,256,256,JPEG
C:/Users/conta/OneDrive/Desktop/Multiclass/data/train\fish sea_food sea_bass\1JZS5H4J578G.jpg,fish sea_food sea_bass,256,256,JPEG
C:/Users/conta/OneDrive/Desktop/Multiclass/data/train\fish sea_food sea_bass\1KKBVBHT62YI.jpg,fish sea_food sea_bass,256,256,JPEG
C:/Users/conta/OneDrive/Desktop/Multiclass/data/train\fish sea_food sea_bass\1NA3EJYCNDRK.jpg,fish sea_food sea_bass,256,256,JPEG
C:/Users/conta/OneDrive/Desktop/Multiclass/data/train\fish sea_food sea_bass\1PA9TESS5Y7J.jpg,fish sea_food sea_bass,256,256,JPEG
C:/Users/conta/OneDrive/Desktop/Multiclass/data/train\fish sea_food sea_bass\1QYN9GNT7U3H.jpg,fish sea_food sea_bass,256,256,JPEG
C:/Users/conta/OneDrive/Desktop/Multiclass/data/train\fish sea_food sea_bass\1RBBPMAQKARN.jpg,fish sea_food sea_bass,256,256,JPEG
C:/Users/conta/OneDrive/Desktop/Multiclass/data/train\fish sea_food sea_bass\1U99VN0O0DEZ.jpg,fish sea_food sea_bass,256,256,JPEG
C:/Users/conta/OneDrive/Desktop/Multiclass/data/train\fish sea_food sea_bass\1W3LJ93Q3PGE.jpg,fish sea_food sea_bass,256,256,JPEG
C:/Users/conta/OneDrive/Desktop/Multiclass/data/train\fish sea_food sea_bass\1WNWRPJN10LM.jpg,fish sea_food sea_bass,256,256,JPEG
C:/Users/conta/OneDrive/Desktop/Multiclass/data/train\fish sea_food sea_bass\20OGQBLCXX56.jpg,fish sea_food sea_bass,256,256,JPEG
C:/Users/conta/OneDrive/Desktop/Multiclass/data/train\fish sea_food sea_bass\21X1TNWQG0T8.jpg,fish sea_food sea_bass,256,256,JPEG
C:/Users/conta/OneDrive/Desktop/Multiclass/data/train\fish sea_food sea_bass\2KGIG7QQ3EPR.jpg,fish sea_food sea_bass,256,256,JPEG
C:/Users/conta/OneDrive/Desktop/Multiclass/data/train\fish sea_food sea_bass\2RR4GHGES26S.jpg,fish sea_food sea_bass,256,256,JPEG
C:/Users/conta/OneDrive/Desktop/Multiclass/data/train\fish sea_food sea_bass\2VCIQ572R268.jpg,fish sea_food sea_bass,256,256,JPEG
C:/Users/conta/OneDrive/Desktop/Multiclass/data/train\fish sea_food sea_bass\2ZYQA02F16XN.jpg,fish sea_food sea_bass,256,256,JPEG
C:/Users/conta/OneDrive/Desktop/Multiclass/data/train\fish sea_food sea_bass\35OUWYWXZTW5.jpg,fish sea_food sea_bass,256,256,JPEG
C:/Users/conta/OneDrive/Desktop/Multiclass/data/train\fish sea_food sea_bass\38CJJ4Y43L1X.jpg,fish sea_food sea_bass,256,256,JPEG
C:/Users/conta/OneDrive/Desktop/Multiclass/data/train\fish sea_food sea_bass\38L7C1VGT49N.jpg,fish sea_food sea_bass,256,256,JPEG
C:/Users/conta/OneDrive/Desktop/Multiclass/data/train\fish sea_food sea_bass\3AVVPTUA8250.jpg,fish sea_food sea_bass,256,256,JPEG
C:/Users/conta/OneDrive/Desktop/Multiclass/data/train\fish sea_food sea_bass\3E29RYHBXH40.jpg,fish sea_food sea_bass,256,256,JPEG
C:/Users/conta/OneDrive/Desktop/Multiclass/data/train\fish sea_food sea_bass\3HIDOK63YJFA.jpg,fish sea_food sea_bass,256,256,JPEG
C:/Users/conta/OneDrive/Desktop/Multiclass/data/train\fish sea_food sea_bass\3M24TAVJKOVF.jpg,fish sea_food sea_bass,256,256,JPEG
C:/Users/conta/OneDrive/Desktop/Multiclass/data/train\fish sea_food sea_bass\3PCVUHLSALPW.jpg,fish sea_food sea_bass,256,256,JPEG
C:/Users/conta/OneDrive/Desktop/Multiclass/data/train\fish sea_food sea_bass\3PP4CIZ91IZH.jpg,fish sea_food sea_bass,256,256,JPEG
C:/Users/conta/OneDrive/Desktop/Multiclass/data/train\fish sea_food sea_bass\3QAYUZAJVJA9.jpg,fish sea_food sea_bass,256,256,JPEG
C:/Users/conta/OneDrive/Desktop/Multiclass/data/train\fish sea_food sea_bass\3SOG8XTJWPKN.jpg,fish sea_food sea_bass,256,256,JPEG
C:/Users/conta/OneDrive/Desktop/Multiclass/data/train\fish sea_food sea_bass\3SQ94GGNCW6C.jpg,fish sea_food sea_bass,256,256,JPEG
C:/Users/conta/OneDrive/Desktop/Multiclass/data/train\fish sea_food sea_bass\3T3B054D5BMI.jpg,fish sea_food sea_bass,256,256,JPEG
C:/Users/conta/OneDrive/Desktop/Multiclass/data/train\fish sea_food sea_bass\3UD16AQKM90Y.jpg,fish sea_food sea_bass,256,256,JPEG
C:/Users/conta/OneDrive/Desktop/Multiclass/data/train\fish sea_food sea_bass\3XYZET2ZKY6J.jpg,fish sea_food sea_bass,256,256,JPEG
C:/Users/conta/OneDrive/Desktop/Multiclass/data/train\fish sea_food sea_bass\40OYBPDH73R1.jpg,fish sea_food sea_bass,256,256,JPEG
C:/Users/conta/OneDrive/Desktop/Multiclass/data/train\fish sea_food sea_bass\43Y44SSKGS95.jpg,fish sea_food sea_bass,256,256,JPEG
C:/Users/conta/OneDrive/Desktop/Multiclass/data/train\fish sea_food sea_bass\4BE1HCGG560K.jpg,fish sea_food sea_bass,256,256,JPEG
C:/Users/conta/OneDrive/Desktop/Multiclass/data/train\fish sea_food sea_bass\4EQJG5T4IBDE.jpg,fish sea_food sea_bass,256,256,JPEG
C:/Users/conta/OneDrive/Desktop/Multiclass/data/train\fish sea_food sea_bass\4JNUEEFNLY1B.jpg,fish sea_food sea_bass,256,256,JPEG
C:/Users/conta/OneDrive/Desktop/Multiclass/data/train\fish sea_food sea_bass\4LHPIBB1G7V8.jpg,fish sea_food sea_bass,256,256,JPEG
C:/Users/conta/OneDrive/Desktop/Multiclass/data/train\fish sea_food sea_bass\4PMYHYT2X9SQ.jpg,fish sea_food sea_bass,256,256,JPEG
C:/Users/conta/OneDrive/Desktop/Multiclass/data/train\fish sea_food sea_bass\4RER4NP86CFK.jpg,fish sea_food sea_bass,256,256,JPEG
C:/Users/conta/OneDrive/Desktop/Multiclass/data/train\fish sea_food sea_bass\4TEM7Y2WTKTH.jpg,fish sea_food sea_bass,256,256,JPEG
C:/Users/conta/OneDrive/Desktop/Multiclass/data/train\fish sea_food sea_bass\4XLEEP900L58.jpg,fish sea_food sea_bass,256,256,JPEG
C:/Users/conta/OneDrive/Desktop/Multiclass/data/train\fish sea_food sea_bass\4ZWMM0UXZAZC.jpg,fish sea_food sea_bass,256,256,JPEG
C:/Users/conta/OneDrive/Desktop/Multiclass/data/train\fish sea_food sea_bass\53FCR1DAB31Z.jpg,fish sea_food sea_bass,256,256,JPEG
C:/Users/conta/OneDrive/Desktop/Multiclass/data/train\fish sea_food sea_bass\53R4HZ4BXNH8.jpg,fish sea_food sea_bass,256,256,JPEG
C:/Users/conta/OneDrive/Desktop/Multiclass/data/train\fish sea_food sea_bass\5471PKS1SFZO.jpg,fish sea_food sea_bass,256,256,JPEG
C:/Users/conta/OneDrive/Desktop/Multiclass/data/train\fish sea_food sea_bass\551FO2E7RVKP.jpg,fish sea_food sea_bass,256,256,JPEG
C:/Users/conta/OneDrive/Desktop/Multiclass/data/train\fish sea_food sea_bass\55TN8P1LUDQJ.jpg,fish sea_food sea_bass,256,256,JPEG
C:/Users/conta/OneDrive/Desktop/Multiclass/data/train\fish sea_food sea_bass\5CTN7L4HIHEG.jpg,fish sea_food sea_bass,256,256,JPEG
C:/Users/conta/OneDrive/Desktop/Multiclass/data/train\fish sea_food sea_bass\5CV98FOT1F7B.jpg,fish sea_food sea_bass,256,256,JPEG
C:/Users/conta/OneDrive/Desktop/Multiclass/data/train\fish sea_food sea_bass\5HR0PHHMOWO1.jpg,fish sea_food sea_bass,256,256,JPEG
C:/Users/conta/OneDrive/Desktop/Multiclass/data/train\fish sea_food sea_bass\5ITVBIJHNYDB.jpg,fish sea_food sea_bass,256,256,JPEG
C:/Users/conta/OneDrive/Desktop/Multiclass/data/train\fish sea_food sea_bass\5LWBWJFFRXV2.jpg,fish sea_food sea_bass,256,256,JPEG
C:/Users/conta/OneDrive/Desktop/Multiclass/data/train\fish sea_food sea_bass\5MQU2F2X15FU.jpg,fish sea_food sea_bass,256,256,JPEG
C:/Users/conta/OneDrive/Desktop/Multiclass/data/train\fish sea_food sea_bass\5OXA0PVR4GC7.jpg,fish sea_food sea_bass,256,256,JPEG
C:/Users/conta/OneDrive/Desktop/Multiclass/data/train\fish sea_food sea_bass\5PPDPFA9AQ3W.jpg,fish sea_food sea_bass,256,256,JPEG
C:/Users/conta/OneDrive/Desktop/Multiclass/data/train\fish sea_food sea_bass\5Q36S4OPNVOB.jpg,fish sea_food sea_bass,256,256,JPEG
C:/Users/conta/OneDrive/Desktop/Multiclass/data/train\fish sea_food sea_bass\5SL4OEDAROW0.jpg,fish sea_food sea_bass,256,256,JPEG
C:/Users/conta/OneDrive/Desktop/Multiclass/data/train\fish sea_food sea_bass\5STA8ZK076CR.jpg,fish sea_food sea_bass,256,256,JPEG
C:/Users/conta/OneDrive/Desktop/Multiclass/data/train\fish sea_food sea_bass\5SZVJIFRQNKQ.jpg,fish sea_food sea_bass,256,256,JPEG
C:/Users/conta/OneDrive/Desktop/Multiclass/data/train\fish sea_food sea_bass\5TWUN0EEQU7K.jpg,fish sea_food sea_bass,256,256,JPEG
C:/Users/conta/OneDrive/Desktop/Multiclass/data/train\fish sea_food sea_bass\5Y7LOJ37BQO7.jpg,fish sea_food sea_bass,256,256,JPEG
C:/Users/conta/OneDrive/Desktop/Multiclass/data/train\fish sea_food sea_bass\655CBIHOB9QL.jpg,fish sea_food sea_bass,256,256,JPEG
C:/Users/conta/OneDrive/Desktop/Multiclass/data/train\fish sea_food sea_bass\6C14EXAZKAJS.jpg,fish sea_food sea_bass,256,256,JPEG
C:/Users/conta/OneDrive/Desktop/Multiclass/data/train\fish sea_food sea_bass\6DOEMHE9Q1F0.jpg,fish sea_food sea_bass,256,256,JPEG
C:/Users/conta/OneDrive/Desktop/Multiclass/data/train\fish sea_food sea_bass\6E0SVXC2EH4R.jpg,fish sea_food sea_bass,256,256,JPEG
C:/Users/conta/OneDrive/Desktop/Multiclass/data/train\fish sea_food sea_bass\6ES3RJSCZT53.jpg,fish sea_food sea_bass,256,256,JPEG
C:/Users/conta/OneDrive/Desktop/Multiclass/data/train\fish sea_food sea_bass\6FMS1HIEHGRP.jpg,fish sea_food sea_bass,256,256,JPEG
C:/Users/conta/OneDrive/Desktop/Multiclass/data/train\fish sea_food sea_bass\6GHE8TVDBU04.jpg,fish sea_food sea_bass,256,256,JPEG
C:/Users/conta/OneDrive/Desktop/Multiclass/data/train\fish sea_food sea_bass\6HP2M613TU2I.jpg,fish sea_food sea_bass,256,256,JPEG
C:/Users/conta/OneDrive/Desktop/Multiclass/data/train\fish sea_food sea_bass\6HRHFM7O91DX.jpg,fish sea_food sea_bass,256,256,JPEG
C:/Users/conta/OneDrive/Desktop/Multiclass/data/train\fish sea_food sea_bass\6J4B5YQZ3N0X.jpg,fish sea_food sea_bass,256,256,JPEG
C:/Users/conta/OneDrive/Desktop/Multiclass/data/train\fish sea_food sea_bass\6MIUDU37T1WQ.jpg,fish sea_food sea_bass,256,256,JPEG
C:/Users/conta/OneDrive/Desktop/Multiclass/data/train\fish sea_food sea_bass\6RBRERY3VAXH.jpg,fish sea_food sea_bass,256,256,JPEG
C:/Users/conta/OneDrive/Desktop/Multiclass/data/train\fish sea_food sea_bass\6X28E1GA0LB4.jpg,fish sea_food sea_bass,256,256,JPEG
C:/Users/conta/OneDrive/Desktop/Multiclass/data/train\fish sea_food sea_bass\6XA6FW0NQEPH.jpg,fish sea_food sea_bass,256,256,JPEG
C:/Users/conta/OneDrive/Desktop/Multiclass/data/train\fish sea_food sea_bass\6XCKNAFZ6XI8.jpg,fish sea_food sea_bass,256,256,JPEG
C:/Users/conta/OneDrive/Desktop/Multiclass/data/train\fish sea_food sea_bass\6Y8OXKOXP69K.jpg,fish sea_food sea_bass,256,256,JPEG
C:/Users/conta/OneDrive/Desktop/Multiclass/data/train\fish sea_food sea_bass\714A15R42YJA.jpg,fish sea_food sea_bass,256,256,JPEG
C:/Users/conta/OneDrive/Desktop/Multiclass/data/train\fish sea_food sea_bass\71BFLUICN52Z.jpg,fish sea_food sea_bass,256,256,JPEG
C:/Users/conta/OneDrive/Desktop/Multiclass/data/train\fish sea_food sea_bass\733ED7KGK22E.jpg,fish sea_food sea_bass,256,256,JPEG
C:/Users/conta/OneDrive/Desktop/Multiclass/data/train\fish sea_food sea_bass\73KC43USTUZB.jpg,fish sea_food sea_bass,256,256,JPEG
C:/Users/conta/OneDrive/Desktop/Multiclass/data/train\fish sea_food sea_bass\78RC69V0GBWF.jpg,fish sea_food sea_bass,256,256,JPEG
C:/Users/conta/OneDrive/Desktop/Multiclass/data/train\fish sea_food sea_bass\78XF3C3AYQH7.jpg,fish sea_food sea_bass,256,256,JPEG
C:/Users/conta/OneDrive/Desktop/Multiclass/data/train\fish sea_food sea_bass\7B63MQGRTXVF.jpg,fish sea_food sea_bass,256,256,JPEG
C:/Users/conta/OneDrive/Desktop/Multiclass/data/train\fish sea_food sea_bass\7FNWF1SBQ3SF.jpg,fish sea_food sea_bass,256,256,JPEG
C:/Users/conta/OneDrive/Desktop/Multiclass/data/train\fish sea_food sea_bass\7JQURD8OZMT4.jpg,fish sea_food sea_bass,256,256,JPEG
C:/Users/conta/OneDrive/Desktop/Multiclass/data/train\fish sea_food sea_bass\7M1U0JMOA8OT.jpg,fish sea_food sea_bass,256,256,JPEG
C:/Users/conta/OneDrive/Desktop/Multiclass/data/train\fish sea_food sea_bass\7MEYJ2USI74L.jpg,fish sea_food sea_bass,256,256,JPEG
C:/Users/conta/OneDrive/Desktop/Multiclass/data/train\fish sea_food sea_bass\7OSGQERZCHM5.jpg,fish sea_food sea_bass,256,256,JPEG
C:/Users/conta/OneDrive/Desktop/Multiclass/data/train\fish sea_food sea_bass\7V7X6E5YLUBK.jpg,fish sea_food sea_bass,256,256,JPEG
C:/Users/conta/OneDrive/Desktop/Multiclass/data/train\fish sea_food sea_bass\7W34VQ27MJBD.jpg,fish sea_food sea_bass,256,256,JPEG
C:/Users/conta/OneDrive/Desktop/Multiclass/data/train\fish sea_food sea_bass\7X4OKFYDV99P.jpg,fish sea_food sea_bass,256,256,JPEG
C:/Users/conta/OneDrive/Desktop/Multiclass/data/train\fish sea_food sea_bass\7ZN9M8BZZ4QR.jpg,fish sea_food sea_bass,256,256,JPEG
C:/Users/conta/OneDrive/Desktop/Multiclass/data/train\fish sea_food sea_bass\80JBQ6D94MLA.jpg,fish sea_food sea_bass,256,256,JPEG
C:/Users/conta/OneDrive/Desktop/Multiclass/data/train\fish sea_food sea_bass\89D99IH8XT6B.jpg,fish sea_food sea_bass,256,256,JPEG
C:/Users/conta/OneDrive/Desktop/Multiclass/data/train\fish sea_food sea_bass\89K5519QAZTT.jpg,fish sea_food sea_bass,256,256,JPEG
C:/Users/conta/OneDrive/Desktop/Multiclass/data/train\fish sea_food sea_bass\8EIT6652EGBJ.jpg,fish sea_food sea_bass,256,256,JPEG
C:/Users/conta/OneDrive/Desktop/Multiclass/data/train\fish sea_food sea_bass\8G0H43V1XUU3.jpg,fish sea_food sea_bass,256,256,JPEG
C:/Users/conta/OneDrive/Desktop/Multiclass/data/train\fish sea_food sea_bass\8GY39F2GRGTR.jpg,fish sea_food sea_bass,256,256,JPEG
C:/Users/conta/OneDrive/Desktop/Multiclass/data/train\fish sea_food sea_bass\8MSK10BDQZL7.jpg,fish sea_food sea_bass,256,256,JPEG
C:/Users/conta/OneDrive/Desktop/Multiclass/data/train\fish sea_food sea_bass\8OZQR7MWQSUT.jpg,fish sea_food sea_bass,256,256,JPEG
C:/Users/conta/OneDrive/Desktop/Multiclass/data/train\fish sea_food sea_bass\8R4XXWMI8Z12.jpg,fish sea_food sea_bass,256,256,JPEG
C:/Users/conta/OneDrive/Desktop/Multiclass/data/train\fish sea_food sea_bass\8RY1PNO8ROZ7.jpg,fish sea_food sea_bass,256,256,JPEG
C:/Users/conta/OneDrive/Desktop/Multiclass/data/train\fish sea_food sea_bass\8SVQ5G2EHLSQ.jpg,fish sea_food sea_bass,256,256,JPEG
C:/Users/conta/OneDrive/Desktop/Multiclass/data/train\fish sea_food sea_bass\8TYBLLVIBWUT.jpg,fish sea_food sea_bass,256,256,JPEG
C:/Users/conta/OneDrive/Desktop/Multiclass/data/train\fish sea_food sea_bass\8UXCRCN7DCPH.jpg,fish sea_food sea_bass,256,256,JPEG
C:/Users/conta/OneDrive/Desktop/Multiclass/data/train\fish sea_food sea_bass\8Y5RYLW0DMGO.jpg,fish sea_food sea_bass,256,256,JPEG
C:/Users/conta/OneDrive/Desktop/Multiclass/data/train\fish sea_food sea_bass\8ZB2RP0Q8SHI.jpg,fish sea_food sea_bass,256,256,JPEG
C:/Users/conta/OneDrive/Desktop/Multiclass/data/train\fish sea_food sea_bass\937D9K578UCA.jpg,fish sea_food sea_bass,256,256,JPEG
C:/Users/conta/OneDrive/Desktop/Multiclass/data/train\fish sea_food sea_bass\948FPP4STTOW.jpg,fish sea_food sea_bass,256,256,JPEG
C:/Users/conta/OneDrive/Desktop/Multiclass/data/train\fish sea_food sea_bass\95KEQ9E8KGQF.jpg,fish sea_food sea_bass,256,256,JPEG
C:/Users/conta/OneDrive/Desktop/Multiclass/data/train\fish sea_food sea_bass\97595ZCOYBTC.jpg,fish sea_food sea_bass,256,256,JPEG
C:/Users/conta/OneDrive/Desktop/Multiclass/data/train\fish sea_food sea_bass\97HEDPS3ZL4E.jpg,fish sea_food sea_bass,256,256,JPEG
C:/Users/conta/OneDrive/Desktop/Multiclass/data/train\fish sea_food sea_bass\98MGMVINGEMH.jpg,fish sea_food sea_bass,256,256,JPEG
C:/Users/conta/OneDrive/Desktop/Multiclass/data/train\fish sea_food sea_bass\9BRFQ5B58J5G.jpg,fish sea_food sea_bass,256,256,JPEG
C:/Users/conta/OneDrive/Desktop/Multiclass/data/train\fish sea_food sea_bass\9DSO2Y2P4WPF.jpg,fish sea_food sea_bass,256,256,JPEG
C:/Users/conta/OneDrive/Desktop/Multiclass/data/train\fish sea_food sea_bass\9E5XJBUEPEBD.jpg,fish sea_food sea_bass,256,256,JPEG
C:/Users/conta/OneDrive/Desktop/Multiclass/data/train\fish sea_food sea_bass\9HGBV7NQ7HBW.jpg,fish sea_food sea_bass,256,256,JPEG
C:/Users/conta/OneDrive/Desktop/Multiclass/data/train\fish sea_food sea_bass\9HJ5GI5ADG1S.jpg,fish sea_food sea_bass,256,256,JPEG
C:/Users/conta/OneDrive/Desktop/Multiclass/data/train\fish sea_food sea_bass\9K7N37U4KOWL.jpg,fish sea_food sea_bass,256,256,JPEG
C:/Users/conta/OneDrive/Desktop/Multiclass/data/train\fish sea_food sea_bass\9L6BAICDS1E9.jpg,fish sea_food sea_bass,256,256,JPEG
C:/Users/conta/OneDrive/Desktop/Multiclass/data/train\fish sea_food sea_bass\9LTCKW33JMRI.jpg,fish sea_food sea_bass,256,256,JPEG
C:/Users/conta/OneDrive/Desktop/Multiclass/data/train\fish sea_food sea_bass\9NIF1DZV5AV3.jpg,fish sea_food sea_bass,256,256,JPEG
C:/Users/conta/OneDrive/Desktop/Multiclass/data/train\fish sea_food sea_bass\9OBHWDT30ABD.jpg,fish sea_food sea_bass,256,256,JPEG
C:/Users/conta/OneDrive/Desktop/Multiclass/data/train\fish sea_food sea_bass\9P7KWAVFJ6S8.jpg,fish sea_food sea_bass,256,256,JPEG
C:/Users/conta/OneDrive/Desktop/Multiclass/data/train\fish sea_food sea_bass\9PL3MF0UI6MQ.jpg,fish sea_food sea_bass,256,256,JPEG
C:/Users/conta/OneDrive/Desktop/Multiclass/data/train\fish sea_food sea_bass\9Q98P8YDVUVI.jpg,fish sea_food sea_bass,256,256,JPEG
C:/Users/conta/OneDrive/Desktop/Multiclass/data/train\fish sea_food sea_bass\9R47SMDCF3PZ.jpg,fish sea_food sea_bass,256,256,JPEG
C:/Users/conta/OneDrive/Desktop/Multiclass/data/train\fish sea_food sea_bass\9SLJ9HF75AS5.jpg,fish sea_food sea_bass,256,256,JPEG
C:/Users/conta/OneDrive/Desktop/Multiclass/data/train\fish sea_food sea_bass\9SYUS9S9JSZX.jpg,fish sea_food sea_bass,256,256,JPEG
C:/Users/conta/OneDrive/Desktop/Multiclass/data/train\fish sea_food sea_bass\9VCYPYJE8BFI.jpg,fish sea_food sea_bass,256,256,JPEG
C:/Users/conta/OneDrive/Desktop/Multiclass/data/train\fish sea_food sea_bass\9YYRDXTOV2P2.jpg,fish sea_food sea_bass,256,256,JPEG
C:/Users/conta/OneDrive/Desktop/Multiclass/data/train\fish sea_food sea_bass\A7V6K4QC9WM4.jpg,fish sea_food sea_bass,256,256,JPEG
C:/Users/conta/OneDrive/Desktop/Multiclass/data/train\fish sea_food sea_bass\A7ZC02IDTFD5.jpg,fish sea_food sea_bass,256,256,JPEG
C:/Users/conta/OneDrive/Desktop/Multiclass/data/train\fish sea_food sea_bass\ABTULHTBZ8YK.jpg,fish sea_food sea_bass,256,256,JPEG
C:/Users/conta/OneDrive/Desktop/Multiclass/data/train\fish sea_food sea_bass\AFXNLW324MSN.jpg,fish sea_food sea_bass,256,256,JPEG
C:/Users/conta/OneDrive/Desktop/Multiclass/data/train\fish sea_food sea_bass\AHLY52BDLRSV.jpg,fish sea_food sea_bass,256,256,JPEG
C:/Users/conta/OneDrive/Desktop/Multiclass/data/train\fish sea_food sea_bass\AICOBN288RHY.jpg,fish sea_food sea_bass,256,256,JPEG
C:/Users/conta/OneDrive/Desktop/Multiclass/data/train\fish sea_food sea_bass\AJ6TFORVBOPT.jpg,fish sea_food sea_bass,256,256,JPEG
C:/Users/conta/OneDrive/Desktop/Multiclass/data/train\fish sea_food sea_bass\AJN3JIO712VO.jpg,fish sea_food sea_bass,256,256,JPEG
C:/Users/conta/OneDrive/Desktop/Multiclass/data/train\fish sea_food sea_bass\AJZ3NQQ6EOCD.jpg,fish sea_food sea_bass,256,256,JPEG
C:/Users/conta/OneDrive/Desktop/Multiclass/data/train\fish sea_food sea_bass\AKOZFTLV22CK.jpg,fish sea_food sea_bass,256,256,JPEG
C:/Users/conta/OneDrive/Desktop/Multiclass/data/train\fish sea_food sea_bass\AQ15IC3IAUC1.jpg,fish sea_food sea_bass,256,256,JPEG
C:/Users/conta/OneDrive/Desktop/Multiclass/data/train\fish sea_food sea_bass\ARX1NQV8ERUE.jpg,fish sea_food sea_bass,256,256,JPEG
C:/Users/conta/OneDrive/Desktop/Multiclass/data/train\fish sea_food sea_bass\ASUBJVEJOC50.jpg,fish sea_food sea_bass,256,256,JPEG
C:/Users/conta/OneDrive/Desktop/Multiclass/data/train\fish sea_food sea_bass\AUYLW9PR8GHA.jpg,fish sea_food sea_bass,256,256,JPEG
C:/Users/conta/OneDrive/Desktop/Multiclass/data/train\fish sea_food sea_bass\AUYPIZ2B94ZY.jpg,fish sea_food sea_bass,256,256,JPEG
C:/Users/conta/OneDrive/Desktop/Multiclass/data/train\fish sea_food sea_bass\AZG1W97J83BF.jpg,fish sea_food sea_bass,256,256,JPEG
C:/Users/conta/OneDrive/Desktop/Multiclass/data/train\fish sea_food sea_bass\B1HXV85WVXH0.jpg,fish sea_food sea_bass,256,256,JPEG
C:/Users/conta/OneDrive/Desktop/Multiclass/data/train\fish sea_food sea_bass\B3FNP8XIXZBO.jpg,fish sea_food sea_bass,256,256,JPEG
C:/Users/conta/OneDrive/Desktop/Multiclass/data/train\fish sea_food sea_bass\BA02ZN4EFNT8.jpg,fish sea_food sea_bass,256,256,JPEG
C:/Users/conta/OneDrive/Desktop/Multiclass/data/train\fish sea_food sea_bass\BE1B93ADNCQZ.jpg,fish sea_food sea_bass,256,256,JPEG
C:/Users/conta/OneDrive/Desktop/Multiclass/data/train\fish sea_food sea_bass\BFL92SXTMJNJ.jpg,fish sea_food sea_bass,256,256,JPEG
C:/Users/conta/OneDrive/Desktop/Multiclass/data/train\fish sea_food sea_bass\BMVD2FGE3L9X.jpg,fish sea_food sea_bass,256,256,JPEG
C:/Users/conta/OneDrive/Desktop/Multiclass/data/train\fish sea_food sea_bass\BQQU5OAAJB81.jpg,fish sea_food sea_bass,256,256,JPEG
C:/Users/conta/OneDrive/Desktop/Multiclass/data/train\fish sea_food sea_bass\BWK8R7UP3XT7.jpg,fish sea_food sea_bass,256,256,JPEG
C:/Users/conta/OneDrive/Desktop/Multiclass/data/train\fish sea_food sea_bass\C1O164JXGUQB.jpg,fish sea_food sea_bass,256,256,JPEG
C:/Users/conta/OneDrive/Desktop/Multiclass/data/train\fish sea_food sea_bass\C204QVKD92JN.jpg,fish sea_food sea_bass,256,256,JPEG
C:/Users/conta/OneDrive/Desktop/Multiclass/data/train\fish sea_food sea_bass\CB2V6O64CPW3.jpg,fish sea_food sea_bass,256,256,JPEG
C:/Users/conta/OneDrive/Desktop/Multiclass/data/train\fish sea_food sea_bass\CCQKPBSECR2F.jpg,fish sea_food sea_bass,256,256,JPEG
C:/Users/conta/OneDrive/Desktop/Multiclass/data/train\fish sea_food sea_bass\CHEO93ESCWTB.jpg,fish sea_food sea_bass,256,256,JPEG
C:/Users/conta/OneDrive/Desktop/Multiclass/data/train\fish sea_food sea_bass\CMZPZ6PXKZ44.jpg,fish sea_food sea_bass,256,256,JPEG
C:/Users/conta/OneDrive/Desktop/Multiclass/data/train\fish sea_food sea_bass\CNMTMUZ3WPAR.jpg,fish sea_food sea_bass,256,256,JPEG
C:/Users/conta/OneDrive/Desktop/Multiclass/data/train\fish sea_food sea_bass\CUGR3UXZD7BA.jpg,fish sea_food sea_bass,256,256,JPEG
C:/Users/conta/OneDrive/Desktop/Multiclass/data/train\fish sea_food sea_bass\CZHCBIASYODX.jpg,fish sea_food sea_bass,256,256,JPEG
C:/Users/conta/OneDrive/Desktop/Multiclass/data/train\fish sea_food sea_bass\D0I848SL7THB.jpg,fish sea_food sea_bass,256,256,JPEG
C:/Users/conta/OneDrive/Desktop/Multiclass/data/train\fish sea_food sea_bass\D29VDQ1NE7RK.jpg,fish sea_food sea_bass,256,256,JPEG
C:/Users/conta/OneDrive/Desktop/Multiclass/data/train\fish sea_food sea_bass\D6YPYCJ2U3BM.jpg,fish sea_food sea_bass,256,256,JPEG
C:/Users/conta/OneDrive/Desktop/Multiclass/data/train\fish sea_food sea_bass\D7UYTNKUT44X.jpg,fish sea_food sea_bass,256,256,JPEG
C:/Users/conta/OneDrive/Desktop/Multiclass/data/train\fish sea_food sea_bass\DCPHQ6U1Q8D5.jpg,fish sea_food sea_bass,256,256,JPEG
C:/Users/conta/OneDrive/Desktop/Multiclass/data/train\fish sea_food sea_bass\DD4VTMIJUNSX.jpg,fish sea_food sea_bass,256,256,JPEG
C:/Users/conta/OneDrive/Desktop/Multiclass/data/train\fish sea_food sea_bass\DDAY0IF583J6.jpg,fish sea_food sea_bass,256,256,JPEG
C:/Users/conta/OneDrive/Desktop/Multiclass/data/train\fish sea_food sea_bass\DDNJK5C6HMGF.jpg,fish sea_food sea_bass,256,256,JPEG
C:/Users/conta/OneDrive/Desktop/Multiclass/data/train\fish sea_food sea_bass\DH946OF9J3X3.jpg,fish sea_food sea_bass,256,256,JPEG
C:/Users/conta/OneDrive/Desktop/Multiclass/data/train\fish sea_food sea_bass\DPEI5K1XY8CJ.jpg,fish sea_food sea_bass,256,256,JPEG
C:/Users/conta/OneDrive/Desktop/Multiclass/data/train\fish sea_food sea_bass\DRT20CJTXWEN.jpg,fish sea_food sea_bass,256,256,JPEG
C:/Users/conta/OneDrive/Desktop/Multiclass/data/train\fish sea_food sea_bass\DRTCJMF8S5D7.jpg,fish sea_food sea_bass,256,256,JPEG
C:/Users/conta/OneDrive/Desktop/Multiclass/data/train\fish sea_food sea_bass\DVTX8SLQ4HTZ.jpg,fish sea_food sea_bass,256,256,JPEG
C:/Users/conta/OneDrive/Desktop/Multiclass/data/train\fish sea_food sea_bass\DVUU3POMRDFH.jpg,fish sea_food sea_bass,256,256,JPEG
C:/Users/conta/OneDrive/Desktop/Multiclass/data/train\fish sea_food sea_bass\DXPFWOU4SF4S.jpg,fish sea_food sea_bass,256,256,JPEG
C:/Users/conta/OneDrive/Desktop/Multiclass/data/train\fish sea_food sea_bass\E4MDLHC7GZ7I.jpg,fish sea_food sea_bass,256,256,JPEG
C:/Users/conta/OneDrive/Desktop/Multiclass/data/train\fish sea_food sea_bass\E6F55TLQV5QG.jpg,fish sea_food sea_bass,256,256,JPEG
C:/Users/conta/OneDrive/Desktop/Multiclass/data/train\fish sea_food sea_bass\E6W2YLUYM4PH.jpg,fish sea_food sea_bass,256,256,JPEG
C:/Users/conta/OneDrive/Desktop/Multiclass/data/train\fish sea_food sea_bass\E91RW3F7X1EZ.jpg,fish sea_food sea_bass,256,256,JPEG
C:/Users/conta/OneDrive/Desktop/Multiclass/data/train\fish sea_food sea_bass\EE11VNP281PG.jpg,fish sea_food sea_bass,256,256,JPEG
C:/Users/conta/OneDrive/Desktop/Multiclass/data/train\fish sea_food sea_bass\EF58J8NKV1VQ.jpg,fish sea_food sea_bass,256,256,JPEG
C:/Users/conta/OneDrive/Desktop/Multiclass/data/train\fish sea_food sea_bass\EFEJML4J4ETI.jpg,fish sea_food sea_bass,256,256,JPEG
C:/Users/conta/OneDrive/Desktop/Multiclass/data/train\fish sea_food sea_bass\EJLH47IWJ80Z.jpg,fish sea_food sea_bass,256,256,JPEG
C:/Users/conta/OneDrive/Desktop/Multiclass/data/train\fish sea_food sea_bass\EJYD1NCI7RXA.jpg,fish sea_food sea_bass,256,256,JPEG
C:/Users/conta/OneDrive/Desktop/Multiclass/data/train\fish sea_food sea_bass\EK3JCIWGKRPI.jpg,fish sea_food sea_bass,256,256,JPEG
C:/Users/conta/OneDrive/Desktop/Multiclass/data/train\fish sea_food sea_bass\EKD42HSAEID6.jpg,fish sea_food sea_bass,256,256,JPEG
C:/Users/conta/OneDrive/Desktop/Multiclass/data/train\fish sea_food sea_bass\EKU98HAA86UG.jpg,fish sea_food sea_bass,256,256,JPEG
C:/Users/conta/OneDrive/Desktop/Multiclass/data/train\fish sea_food sea_bass\ELJF2LPCFTK6.jpg,fish sea_food sea_bass,256,256,JPEG
C:/Users/conta/OneDrive/Desktop/Multiclass/data/train\fish sea_food sea_bass\EQGVQ1MED6TS.jpg,fish sea_food sea_bass,256,256,JPEG
C:/Users/conta/OneDrive/Desktop/Multiclass/data/train\fish sea_food sea_bass\ERCQX6MS76GA.jpg,fish sea_food sea_bass,256,256,JPEG
C:/Users/conta/OneDrive/Desktop/Multiclass/data/train\fish sea_food sea_bass\EU3XSYCN5Q5G.jpg,fish sea_food sea_bass,256,256,JPEG
C:/Users/conta/OneDrive/Desktop/Multiclass/data/train\fish sea_food sea_bass\EU9VDOLSORDQ.jpg,fish sea_food sea_bass,256,256,JPEG
C:/Users/conta/OneDrive/Desktop/Multiclass/data/train\fish sea_food sea_bass\EYZDMKKP12FN.jpg,fish sea_food sea_bass,256,256,JPEG
C:/Users/conta/OneDrive/Desktop/Multiclass/data/train\fish sea_food sea_bass\F2L2CY6HCFFG.jpg,fish sea_food sea_bass,256,256,JPEG
C:/Users/conta/OneDrive/Desktop/Multiclass/data/train\fish sea_food sea_bass\F5PK15YOLK73.jpg,fish sea_food sea_bass,256,256,JPEG
C:/Users/conta/OneDrive/Desktop/Multiclass/data/train\fish sea_food sea_bass\F77RJ377E265.jpg,fish sea_food sea_bass,256,256,JPEG
C:/Users/conta/OneDrive/Desktop/Multiclass/data/train\fish sea_food sea_bass\FBYRBMG2AYWP.jpg,fish sea_food sea_bass,256,256,JPEG
C:/Users/conta/OneDrive/Desktop/Multiclass/data/train\fish sea_food sea_bass\FEU6ZG8QPK19.jpg,fish sea_food sea_bass,256,256,JPEG
C:/Users/conta/OneDrive/Desktop/Multiclass/data/train\fish sea_food sea_bass\FGAE01SOPJRS.jpg,fish sea_food sea_bass,256,256,JPEG
C:/Users/conta/OneDrive/Desktop/Multiclass/data/train\fish sea_food sea_bass\FGGHVTQYULQS.jpg,fish sea_food sea_bass,256,256,JPEG
C:/Users/conta/OneDrive/Desktop/Multiclass/data/train\fish sea_food sea_bass\FHZGYRPGZ3FX.jpg,fish sea_food sea_bass,256,256,JPEG
C:/Users/conta/OneDrive/Desktop/Multiclass/data/train\fish sea_food sea_bass\FIMGRAFOMAJS.jpg,fish sea_food sea_bass,256,256,JPEG
C:/Users/conta/OneDrive/Desktop/Multiclass/data/train\fish sea_food sea_bass\FRI0J6RVOJKT.jpg,fish sea_food sea_bass,256,256,JPEG
C:/Users/conta/OneDrive/Desktop/Multiclass/data/train\fish sea_food sea_bass\FTTB4YF0J06N.jpg,fish sea_food sea_bass,256,256,JPEG
C:/Users/conta/OneDrive/Desktop/Multiclass/data/train\fish sea_food sea_bass\FXXLAZB2EBZD.jpg,fish sea_food sea_bass,256,256,JPEG
C:/Users/conta/OneDrive/Desktop/Multiclass/data/train\fish sea_food sea_bass\G06ZDMXNAWJT.jpg,fish sea_food sea_bass,256,256,JPEG
C:/Users/conta/OneDrive/Desktop/Multiclass/data/train\fish sea_food sea_bass\G1CFTXV1RJUV.jpg,fish sea_food sea_bass,256,256,JPEG
C:/Users/conta/OneDrive/Desktop/Multiclass/data/train\fish sea_food sea_bass\G2QLNFXYS3O3.jpg,fish sea_food sea_bass,256,256,JPEG
C:/Users/conta/OneDrive/Desktop/Multiclass/data/train\fish sea_food sea_bass\G6TGE96FNLS5.jpg,fish sea_food sea_bass,256,256,JPEG
C:/Users/conta/OneDrive/Desktop/Multiclass/data/train\fish sea_food sea_bass\GCGZJOSD0DZL.jpg,fish sea_food sea_bass,256,256,JPEG
C:/Users/conta/OneDrive/Desktop/Multiclass/data/train\fish sea_food sea_bass\GE16ZKGA1FI3.jpg,fish sea_food sea_bass,256,256,JPEG
C:/Users/conta/OneDrive/Desktop/Multiclass/data/train\fish sea_food sea_bass\GFB3LWHX6SMF.jpg,fish sea_food sea_bass,256,256,JPEG
C:/Users/conta/OneDrive/Desktop/Multiclass/data/train\fish sea_food sea_bass\GGFBKFBOKMLJ.jpg,fish sea_food sea_bass,256,256,JPEG
C:/Users/conta/OneDrive/Desktop/Multiclass/data/train\fish sea_food sea_bass\GGFNIJ9BS636.jpg,fish sea_food sea_bass,256,256,JPEG
C:/Users/conta/OneDrive/Desktop/Multiclass/data/train\fish sea_food sea_bass\GHX1A7LNHFIR.jpg,fish sea_food sea_bass,256,256,JPEG
C:/Users/conta/OneDrive/Desktop/Multiclass/data/train\fish sea_food sea_bass\GLDOQ4YL1TA0.jpg,fish sea_food sea_bass,256,256,JPEG
C:/Users/conta/OneDrive/Desktop/Multiclass/data/train\fish sea_food sea_bass\GLK5OKR6L1NY.jpg,fish sea_food sea_bass,256,256,JPEG
C:/Users/conta/OneDrive/Desktop/Multiclass/data/train\fish sea_food sea_bass\GPIIJX46IYB0.jpg,fish sea_food sea_bass,256,256,JPEG
C:/Users/conta/OneDrive/Desktop/Multiclass/data/train\fish sea_food sea_bass\GW4P63QXOHOX.jpg,fish sea_food sea_bass,256,256,JPEG
C:/Users/conta/OneDrive/Desktop/Multiclass/data/train\fish sea_food sea_bass\H1SA20X1BNUU.jpg,fish sea_food sea_bass,256,256,JPEG
C:/Users/conta/OneDrive/Desktop/Multiclass/data/train\fish sea_food sea_bass\H2GTQHJ4W4IZ.jpg,fish sea_food sea_bass,256,256,JPEG
C:/Users/conta/OneDrive/Desktop/Multiclass/data/train\fish sea_food sea_bass\H305FPWH9O5M.jpg,fish sea_food sea_bass,256,256,JPEG
C:/Users/conta/OneDrive/Desktop/Multiclass/data/train\fish sea_food sea_bass\H689L1XFH301.jpg,fish sea_food sea_bass,256,256,JPEG
C:/Users/conta/OneDrive/Desktop/Multiclass/data/train\fish sea_food sea_bass\H8CKTDM8WV3R.jpg,fish sea_food sea_bass,256,256,JPEG
C:/Users/conta/OneDrive/Desktop/Multiclass/data/train\fish sea_food sea_bass\HE6SFJQ9AGZX.jpg,fish sea_food sea_bass,256,256,JPEG
C:/Users/conta/OneDrive/Desktop/Multiclass/data/train\fish sea_food sea_bass\HFSRNSEJGCZF.jpg,fish sea_food sea_bass,256,256,JPEG
C:/Users/conta/OneDrive/Desktop/Multiclass/data/train\fish sea_food sea_bass\HJ69GTDU2QL6.jpg,fish sea_food sea_bass,256,256,JPEG
C:/Users/conta/OneDrive/Desktop/Multiclass/data/train\fish sea_food sea_bass\HK9WPEBBEGLE.jpg,fish sea_food sea_bass,256,256,JPEG
C:/Users/conta/OneDrive/Desktop/Multiclass/data/train\fish sea_food sea_bass\HKV3P9P6JCEH.jpg,fish sea_food sea_bass,256,256,JPEG
C:/Users/conta/OneDrive/Desktop/Multiclass/data/train\fish sea_food sea_bass\HONLG9NIXPLN.jpg,fish sea_food sea_bass,256,256,JPEG
C:/Users/conta/OneDrive/Desktop/Multiclass/data/train\fish sea_food sea_bass\HPLGY2CCA05K.jpg,fish sea_food sea_bass,256,256,JPEG
C:/Users/conta/OneDrive/Desktop/Multiclass/data/train\fish sea_food sea_bass\HSQCIPH6FX7H.jpg,fish sea_food sea_bass,256,256,JPEG
C:/Users/conta/OneDrive/Desktop/Multiclass/data/train\fish sea_food sea_bass\HVASKK0OME34.jpg,fish sea_food sea_bass,256,256,JPEG
C:/Users/conta/OneDrive/Desktop/Multiclass/data/train\fish sea_food sea_bass\HVPAA257DC0G.jpg,fish sea_food sea_bass,256,256,JPEG
C:/Users/conta/OneDrive/Desktop/Multiclass/data/train\fish sea_food sea_bass\HW55VV6JGCOQ.jpg,fish sea_food sea_bass,256,256,JPEG
C:/Users/conta/OneDrive/Desktop/Multiclass/data/train\fish sea_food sea_bass\HZEMBBY7UICJ.jpg,fish sea_food sea_bass,256,256,JPEG
C:/Users/conta/OneDrive/Desktop/Multiclass/data/train\fish sea_food sea_bass\I12EKM9ZWC02.jpg,fish sea_food sea_bass,256,256,JPEG
C:/Users/conta/OneDrive/Desktop/Multiclass/data/train\fish sea_food sea_bass\I1PJPMQFJUCP.jpg,fish sea_food sea_bass,256,256,JPEG
C:/Users/conta/OneDrive/Desktop/Multiclass/data/train\fish sea_food sea_bass\I392B8RKU4A2.jpg,fish sea_food sea_bass,256,256,JPEG
C:/Users/conta/OneDrive/Desktop/Multiclass/data/train\fish sea_food sea_bass\I42QY71XJITF.jpg,fish sea_food sea_bass,256,256,JPEG
C:/Users/conta/OneDrive/Desktop/Multiclass/data/train\fish sea_food sea_bass\I77S05GYSXZT.jpg,fish sea_food sea_bass,256,256,JPEG
C:/Users/conta/OneDrive/Desktop/Multiclass/data/train\fish sea_food sea_bass\IAK8MYBHKJLU.jpg,fish sea_food sea_bass,256,256,JPEG
C:/Users/conta/OneDrive/Desktop/Multiclass/data/train\fish sea_food sea_bass\IERT2OG9YWH3.jpg,fish sea_food sea_bass,256,256,JPEG
C:/Users/conta/OneDrive/Desktop/Multiclass/data/train\fish sea_food sea_bass\IGN20HQN3EFV.jpg,fish sea_food sea_bass,256,256,JPEG
C:/Users/conta/OneDrive/Desktop/Multiclass/data/train\fish sea_food sea_bass\IJI2QWLXP11J.jpg,fish sea_food sea_bass,256,256,JPEG
C:/Users/conta/OneDrive/Desktop/Multiclass/data/train\fish sea_food sea_bass\IJT2WD66L15U.jpg,fish sea_food sea_bass,256,256,JPEG
C:/Users/conta/OneDrive/Desktop/Multiclass/data/train\fish sea_food sea_bass\IMH762RFREFM.jpg,fish sea_food sea_bass,256,256,JPEG
C:/Users/conta/OneDrive/Desktop/Multiclass/data/train\fish sea_food sea_bass\ISO7Z8W9K7Z8.jpg,fish sea_food sea_bass,256,256,JPEG
C:/Users/conta/OneDrive/Desktop/Multiclass/data/train\fish sea_food sea_bass\ISTBO3DC5WJO.jpg,fish sea_food sea_bass,256,256,JPEG
C:/Users/conta/OneDrive/Desktop/Multiclass/data/train\fish sea_food sea_bass\IUFCWEQIWEXI.jpg,fish sea_food sea_bass,256,256,JPEG
C:/Users/conta/OneDrive/Desktop/Multiclass/data/train\fish sea_food sea_bass\IV4101C6716A.jpg,fish sea_food sea_bass,256,256,JPEG
C:/Users/conta/OneDrive/Desktop/Multiclass/data/train\fish sea_food sea_bass\IX56YY2LPGID.jpg,fish sea_food sea_bass,256,256,JPEG
C:/Users/conta/OneDrive/Desktop/Multiclass/data/train\fish sea_food sea_bass\IYWDXEBPGVXW.jpg,fish sea_food sea_bass,256,256,JPEG
C:/Users/conta/OneDrive/Desktop/Multiclass/data/train\fish sea_food sea_bass\IZNXR4KZVSP1.jpg,fish sea_food sea_bass,256,256,JPEG
C:/Users/conta/OneDrive/Desktop/Multiclass/data/train\fish sea_food sea_bass\J0PWKRWWR3DC.jpg,fish sea_food sea_bass,256,256,JPEG
C:/Users/conta/OneDrive/Desktop/Multiclass/data/train\fish sea_food sea_bass\J1OLMIEVH9JV.jpg,fish sea_food sea_bass,256,256,JPEG
C:/Users/conta/OneDrive/Desktop/Multiclass/data/train\fish sea_food sea_bass\J38JPC85ZTPB.jpg,fish sea_food sea_bass,256,256,JPEG
C:/Users/conta/OneDrive/Desktop/Multiclass/data/train\fish sea_food sea_bass\J3CKF9NUSTTW.jpg,fish sea_food sea_bass,256,256,JPEG
C:/Users/conta/OneDrive/Desktop/Multiclass/data/train\fish sea_food sea_bass\JBVGKM6Q528G.jpg,fish sea_food sea_bass,256,256,JPEG
C:/Users/conta/OneDrive/Desktop/Multiclass/data/train\fish sea_food sea_bass\JCYQFSEBGW8G.jpg,fish sea_food sea_bass,256,256,JPEG
C:/Users/conta/OneDrive/Desktop/Multiclass/data/train\fish sea_food sea_bass\JD9H7WFBACN1.jpg,fish sea_food sea_bass,256,256,JPEG
C:/Users/conta/OneDrive/Desktop/Multiclass/data/train\fish sea_food sea_bass\JF1Z50FTL4B4.jpg,fish sea_food sea_bass,256,256,JPEG
C:/Users/conta/OneDrive/Desktop/Multiclass/data/train\fish sea_food sea_bass\JIR2PIWBLL03.jpg,fish sea_food sea_bass,256,256,JPEG
C:/Users/conta/OneDrive/Desktop/Multiclass/data/train\fish sea_food sea_bass\JJ3CBMRGNLEC.jpg,fish sea_food sea_bass,256,256,JPEG
C:/Users/conta/OneDrive/Desktop/Multiclass/data/train\fish sea_food sea_bass\JRJ6Y3R12PU7.jpg,fish sea_food sea_bass,256,256,JPEG
C:/Users/conta/OneDrive/Desktop/Multiclass/data/train\fish sea_food sea_bass\JSYF8VZHZXS5.jpg,fish sea_food sea_bass,256,256,JPEG
C:/Users/conta/OneDrive/Desktop/Multiclass/data/train\fish sea_food sea_bass\JX19CQQQ509L.jpg,fish sea_food sea_bass,256,256,JPEG
C:/Users/conta/OneDrive/Desktop/Multiclass/data/train\fish sea_food sea_bass\K0ZYRMUIBELH.jpg,fish sea_food sea_bass,256,256,JPEG
C:/Users/conta/OneDrive/Desktop/Multiclass/data/train\fish sea_food sea_bass\K3PF35DXVRML.jpg,fish sea_food sea_bass,256,256,JPEG
C:/Users/conta/OneDrive/Desktop/Multiclass/data/train\fish sea_food sea_bass\K7Q035ZE4X2I.jpg,fish sea_food sea_bass,256,256,JPEG
C:/Users/conta/OneDrive/Desktop/Multiclass/data/train\fish sea_food sea_bass\K8BANTH7NX09.jpg,fish sea_food sea_bass,256,256,JPEG
C:/Users/conta/OneDrive/Desktop/Multiclass/data/train\fish sea_food sea_bass\K8OFS86C7VKC.jpg,fish sea_food sea_bass,256,256,JPEG
C:/Users/conta/OneDrive/Desktop/Multiclass/data/train\fish sea_food sea_bass\K93WKNV9HH2P.jpg,fish sea_food sea_bass,256,256,JPEG
C:/Users/conta/OneDrive/Desktop/Multiclass/data/train\fish sea_food sea_bass\K9WZ4HOPAEBP.jpg,fish sea_food sea_bass,256,256,JPEG
C:/Users/conta/OneDrive/Desktop/Multiclass/data/train\fish sea_food sea_bass\KAQUVZK8A09J.jpg,fish sea_food sea_bass,256,256,JPEG
C:/Users/conta/OneDrive/Desktop/Multiclass/data/train\fish sea_food sea_bass\KC54I2PL49OS.jpg,fish sea_food sea_bass,256,256,JPEG
C:/Users/conta/OneDrive/Desktop/Multiclass/data/train\fish sea_food sea_bass\KF4BJ3397S63.jpg,fish sea_food sea_bass,256,256,JPEG
C:/Users/conta/OneDrive/Desktop/Multiclass/data/train\fish sea_food sea_bass\KFFJKGEOLZBS.jpg,fish sea_food sea_bass,256,256,JPEG
C:/Users/conta/OneDrive/Desktop/Multiclass/data/train\fish sea_food sea_bass\KLSWWOL61089.jpg,fish sea_food sea_bass,256,256,JPEG
C:/Users/conta/OneDrive/Desktop/Multiclass/data/train\fish sea_food sea_bass\KS1CCK48BIS6.jpg,fish sea_food sea_bass,256,256,JPEG
C:/Users/conta/OneDrive/Desktop/Multiclass/data/train\fish sea_food sea_bass\KS26AML3NM0E.jpg,fish sea_food sea_bass,256,256,JPEG
C:/Users/conta/OneDrive/Desktop/Multiclass/data/train\fish sea_food sea_bass\KSJZ0Q9J5YK0.jpg,fish sea_food sea_bass,256,256,JPEG
C:/Users/conta/OneDrive/Desktop/Multiclass/data/train\fish sea_food sea_bass\KWD32AMZUK5H.jpg,fish sea_food sea_bass,256,256,JPEG
C:/Users/conta/OneDrive/Desktop/Multiclass/data/train\fish sea_food sea_bass\L0K6K0WDUIX2.jpg,fish sea_food sea_bass,256,256,JPEG
C:/Users/conta/OneDrive/Desktop/Multiclass/data/train\fish sea_food sea_bass\L3CWB8W1AFO1.jpg,fish sea_food sea_bass,256,256,JPEG
C:/Users/conta/OneDrive/Desktop/Multiclass/data/train\fish sea_food sea_bass\L67HRA3RMW5G.jpg,fish sea_food sea_bass,256,256,JPEG
C:/Users/conta/OneDrive/Desktop/Multiclass/data/train\fish sea_food sea_bass\L88WMVNTA80Z.jpg,fish sea_food sea_bass,256,256,JPEG
C:/Users/conta/OneDrive/Desktop/Multiclass/data/train\fish sea_food sea_bass\L9QV131EHKBS.jpg,fish sea_food sea_bass,256,256,JPEG
C:/Users/conta/OneDrive/Desktop/Multiclass/data/train\fish sea_food sea_bass\LBA3Z7RHLP07.jpg,fish sea_food sea_bass,256,256,JPEG
C:/Users/conta/OneDrive/Desktop/Multiclass/data/train\fish sea_food sea_bass\LGD2T507IH6M.jpg,fish sea_food sea_bass,256,256,JPEG
C:/Users/conta/OneDrive/Desktop/Multiclass/data/train\fish sea_food sea_bass\LJE49QS7N3NO.jpg,fish sea_food sea_bass,256,256,JPEG
C:/Users/conta/OneDrive/Desktop/Multiclass/data/train\fish sea_food sea_bass\LLUA5TV3DY84.jpg,fish sea_food sea_bass,256,256,JPEG
C:/Users/conta/OneDrive/Desktop/Multiclass/data/train\fish sea_food sea_bass\LR98CJPX48L1.jpg,fish sea_food sea_bass,256,256,JPEG
C:/Users/conta/OneDrive/Desktop/Multiclass/data/train\fish sea_food sea_bass\LYHX8GU6VN1U.jpg,fish sea_food sea_bass,256,256,JPEG
C:/Users/conta/OneDrive/Desktop/Multiclass/data/train\fish sea_food sea_bass\LZ7V5V5U9616.jpg,fish sea_food sea_bass,256,256,JPEG
C:/Users/conta/OneDrive/Desktop/Multiclass/data/train\fish sea_food sea_bass\M4FUE9SKUVES.jpg,fish sea_food sea_bass,256,256,JPEG
C:/Users/conta/OneDrive/Desktop/Multiclass/data/train\fish sea_food sea_bass\MANU19B5A93J.jpg,fish sea_food sea_bass,256,256,JPEG
C:/Users/conta/OneDrive/Desktop/Multiclass/data/train\fish sea_food sea_bass\MG29V9SWS8SH.jpg,fish sea_food sea_bass,256,256,JPEG
C:/Users/conta/OneDrive/Desktop/Multiclass/data/train\fish sea_food sea_bass\MGKNC6UJ62X7.jpg,fish sea_food sea_bass,256,256,JPEG
C:/Users/conta/OneDrive/Desktop/Multiclass/data/train\fish sea_food sea_bass\MHLE4N10WIVQ.jpg,fish sea_food sea_bass,256,256,JPEG
C:/Users/conta/OneDrive/Desktop/Multiclass/data/train\fish sea_food sea_bass\MMD8G5L9ER1S.jpg,fish sea_food sea_bass,256,256,JPEG
C:/Users/conta/OneDrive/Desktop/Multiclass/data/train\fish sea_food sea_bass\MMWVS5WMJWZW.jpg,fish sea_food sea_bass,256,256,JPEG
C:/Users/conta/OneDrive/Desktop/Multiclass/data/train\fish sea_food sea_bass\MNSW222KHT2W.jpg,fish sea_food sea_bass,256,256,JPEG
C:/Users/conta/OneDrive/Desktop/Multiclass/data/train\fish sea_food sea_bass\MPC3FV562IZA.jpg,fish sea_food sea_bass,256,256,JPEG
C:/Users/conta/OneDrive/Desktop/Multiclass/data/train\fish sea_food sea_bass\MQGIEG715PDY.jpg,fish sea_food sea_bass,256,256,JPEG
C:/Users/conta/OneDrive/Desktop/Multiclass/data/train\fish sea_food sea_bass\MQLG2NFY6EIP.jpg,fish sea_food sea_bass,256,256,JPEG
C:/Users/conta/OneDrive/Desktop/Multiclass/data/train\fish sea_food sea_bass\MUEKR3O426AP.jpg,fish sea_food sea_bass,256,256,JPEG
C:/Users/conta/OneDrive/Desktop/Multiclass/data/train\fish sea_food sea_bass\MVAG0U9CQAT4.jpg,fish sea_food sea_bass,256,256,JPEG
C:/Users/conta/OneDrive/Desktop/Multiclass/data/train\fish sea_food sea_bass\MZVVZA9BGVYL.jpg,fish sea_food sea_bass,256,256,JPEG
C:/Users/conta/OneDrive/Desktop/Multiclass/data/train\fish sea_food sea_bass\N195GVQRW2P0.jpg,fish sea_food sea_bass,256,256,JPEG
C:/Users/conta/OneDrive/Desktop/Multiclass/data/train\fish sea_food sea_bass\N2II8LVT8I19.jpg,fish sea_food sea_bass,256,256,JPEG
C:/Users/conta/OneDrive/Desktop/Multiclass/data/train\fish sea_food sea_bass\N4E0BA3WSWC6.jpg,fish sea_food sea_bass,256,256,JPEG
C:/Users/conta/OneDrive/Desktop/Multiclass/data/train\fish sea_food sea_bass\N74DP6FV6LRH.jpg,fish sea_food sea_bass,256,256,JPEG
C:/Users/conta/OneDrive/Desktop/Multiclass/data/train\fish sea_food sea_bass\NA5YN9PMABVY.jpg,fish sea_food sea_bass,256,256,JPEG
C:/Users/conta/OneDrive/Desktop/Multiclass/data/train\fish sea_food sea_bass\NBQMJIC0MLUS.jpg,fish sea_food sea_bass,256,256,JPEG
C:/Users/conta/OneDrive/Desktop/Multiclass/data/train\fish sea_food sea_bass\NCVPZUMEDATI.jpg,fish sea_food sea_bass,256,256,JPEG
C:/Users/conta/OneDrive/Desktop/Multiclass/data/train\fish sea_food sea_bass\NEDADHU3PY3J.jpg,fish sea_food sea_bass,256,256,JPEG
C:/Users/conta/OneDrive/Desktop/Multiclass/data/train\fish sea_food sea_bass\NEE4V1KQBIZ2.jpg,fish sea_food sea_bass,256,256,JPEG
C:/Users/conta/OneDrive/Desktop/Multiclass/data/train\fish sea_food sea_bass\NEO3G4GO7A79.jpg,fish sea_food sea_bass,256,256,JPEG
C:/Users/conta/OneDrive/Desktop/Multiclass/data/train\fish sea_food sea_bass\NFDBW312G4AB.jpg,fish sea_food sea_bass,256,256,JPEG
C:/Users/conta/OneDrive/Desktop/Multiclass/data/train\fish sea_food sea_bass\NHECFM40AUCQ.jpg,fish sea_food sea_bass,256,256,JPEG
C:/Users/conta/OneDrive/Desktop/Multiclass/data/train\fish sea_food sea_bass\NIEMZ8HCOZB0.jpg,fish sea_food sea_bass,256,256,JPEG
C:/Users/conta/OneDrive/Desktop/Multiclass/data/train\fish sea_food sea_bass\NO24R4GUB4CO.jpg,fish sea_food sea_bass,256,256,JPEG
C:/Users/conta/OneDrive/Desktop/Multiclass/data/train\fish sea_food sea_bass\NOAPA07OSO2I.jpg,fish sea_food sea_bass,256,256,JPEG
C:/Users/conta/OneDrive/Desktop/Multiclass/data/train\fish sea_food sea_bass\NT00145NDQR6.jpg,fish sea_food sea_bass,256,256,JPEG
C:/Users/conta/OneDrive/Desktop/Multiclass/data/train\fish sea_food sea_bass\NUPF6L6G48DS.jpg,fish sea_food sea_bass,256,256,JPEG
C:/Users/conta/OneDrive/Desktop/Multiclass/data/train\fish sea_food sea_bass\NWY4U2TPN45U.jpg,fish sea_food sea_bass,256,256,JPEG
C:/Users/conta/OneDrive/Desktop/Multiclass/data/train\fish sea_food sea_bass\NY5EIF7BDEHB.jpg,fish sea_food sea_bass,256,256,JPEG
C:/Users/conta/OneDrive/Desktop/Multiclass/data/train\fish sea_food sea_bass\NZ8B4GQ5AALV.jpg,fish sea_food sea_bass,256,256,JPEG
C:/Users/conta/OneDrive/Desktop/Multiclass/data/train\fish sea_food sea_bass\O1HBRYG5ZC9Y.jpg,fish sea_food sea_bass,256,256,JPEG
C:/Users/conta/OneDrive/Desktop/Multiclass/data/train\fish sea_food sea_bass\O4QKCSKB7EWE.jpg,fish sea_food sea_bass,256,256,JPEG
C:/Users/conta/OneDrive/Desktop/Multiclass/data/train\fish sea_food sea_bass\O4YPNNP3EMUF.jpg,fish sea_food sea_bass,256,256,JPEG
C:/Users/conta/OneDrive/Desktop/Multiclass/data/train\fish sea_food sea_bass\O94XAQZZ151E.jpg,fish sea_food sea_bass,256,256,JPEG
C:/Users/conta/OneDrive/Desktop/Multiclass/data/train\fish sea_food sea_bass\O9YFQRW728W3.jpg,fish sea_food sea_bass,256,256,JPEG
C:/Users/conta/OneDrive/Desktop/Multiclass/data/train\fish sea_food sea_bass\OBFTPVNM95C5.jpg,fish sea_food sea_bass,256,256,JPEG
C:/Users/conta/OneDrive/Desktop/Multiclass/data/train\fish sea_food sea_bass\OHJ7DTFYIUYP.jpg,fish sea_food sea_bass,256,256,JPEG
C:/Users/conta/OneDrive/Desktop/Multiclass/data/train\fish sea_food sea_bass\OKXFPJ6JE2UB.jpg,fish sea_food sea_bass,256,256,JPEG
C:/Users/conta/OneDrive/Desktop/Multiclass/data/train\fish sea_food sea_bass\OLP7ZP5MW6H3.jpg,fish sea_food sea_bass,256,256,JPEG
C:/Users/conta/OneDrive/Desktop/Multiclass/data/train\fish sea_food sea_bass\OOTNIDIS333S.jpg,fish sea_food sea_bass,256,256,JPEG
C:/Users/conta/OneDrive/Desktop/Multiclass/data/train\fish sea_food sea_bass\OTRNCXOGUIU2.jpg,fish sea_food sea_bass,256,256,JPEG
C:/Users/conta/OneDrive/Desktop/Multiclass/data/train\fish sea_food sea_bass\OX2VK44K5CKE.jpg,fish sea_food sea_bass,256,256,JPEG
C:/Users/conta/OneDrive/Desktop/Multiclass/data/train\fish sea_food sea_bass\OZ5X9I2XMTA1.jpg,fish sea_food sea_bass,256,256,JPEG
C:/Users/conta/OneDrive/Desktop/Multiclass/data/train\fish sea_food sea_bass\P1GU5JRVKQ9O.jpg,fish sea_food sea_bass,256,256,JPEG
C:/Users/conta/OneDrive/Desktop/Multiclass/data/train\fish sea_food sea_bass\P5Q196R22J2X.jpg,fish sea_food sea_bass,256,256,JPEG
C:/Users/conta/OneDrive/Desktop/Multiclass/data/train\fish sea_food sea_bass\PECRXW3TMR9Q.jpg,fish sea_food sea_bass,256,256,JPEG
C:/Users/conta/OneDrive/Desktop/Multiclass/data/train\fish sea_food sea_bass\PEXM310Y9F4H.jpg,fish sea_food sea_bass,256,256,JPEG
C:/Users/conta/OneDrive/Desktop/Multiclass/data/train\fish sea_food sea_bass\PJOKNTSUR66Q.jpg,fish sea_food sea_bass,256,256,JPEG
C:/Users/conta/OneDrive/Desktop/Multiclass/data/train\fish sea_food sea_bass\PJVZDP1JQT6U.jpg,fish sea_food sea_bass,256,256,JPEG
C:/Users/conta/OneDrive/Desktop/Multiclass/data/train\fish sea_food sea_bass\PL67FZ1A9KZL.jpg,fish sea_food sea_bass,256,256,JPEG
C:/Users/conta/OneDrive/Desktop/Multiclass/data/train\fish sea_food sea_bass\PLW1YM1A35QL.jpg,fish sea_food sea_bass,256,256,JPEG
C:/Users/conta/OneDrive/Desktop/Multiclass/data/train\fish sea_food sea_bass\PMMYYQ0EHXZY.jpg,fish sea_food sea_bass,256,256,JPEG
C:/Users/conta/OneDrive/Desktop/Multiclass/data/train\fish sea_food sea_bass\POYF7N8EEW47.jpg,fish sea_food sea_bass,256,256,JPEG
C:/Users/conta/OneDrive/Desktop/Multiclass/data/train\fish sea_food sea_bass\PP8QKTLO7XFZ.jpg,fish sea_food sea_bass,256,256,JPEG
C:/Users/conta/OneDrive/Desktop/Multiclass/data/train\fish sea_food sea_bass\PSLY6FV41ILW.jpg,fish sea_food sea_bass,256,256,JPEG
C:/Users/conta/OneDrive/Desktop/Multiclass/data/train\fish sea_food sea_bass\PZ9QNSUYINUM.jpg,fish sea_food sea_bass,256,256,JPEG
C:/Users/conta/OneDrive/Desktop/Multiclass/data/train\fish sea_food sea_bass\PZHJT2VE91YP.jpg,fish sea_food sea_bass,256,256,JPEG
C:/Users/conta/OneDrive/Desktop/Multiclass/data/train\fish sea_food sea_bass\Q21CRQNTEASO.jpg,fish sea_food sea_bass,256,256,JPEG
C:/Users/conta/OneDrive/Desktop/Multiclass/data/train\fish sea_food sea_bass\Q246DIQWNZOU.jpg,fish sea_food sea_bass,256,256,JPEG
C:/Users/conta/OneDrive/Desktop/Multiclass/data/train\fish sea_food sea_bass\Q3PCW3FARF39.jpg,fish sea_food sea_bass,256,256,JPEG
C:/Users/conta/OneDrive/Desktop/Multiclass/data/train\fish sea_food sea_bass\Q87QDA0S1M5H.jpg,fish sea_food sea_bass,256,256,JPEG
C:/Users/conta/OneDrive/Desktop/Multiclass/data/train\fish sea_food sea_bass\Q9P5O73JDQ2N.jpg,fish sea_food sea_bass,256,256,JPEG
C:/Users/conta/OneDrive/Desktop/Multiclass/data/train\fish sea_food sea_bass\QB3ZAAVHY55M.jpg,fish sea_food sea_bass,256,256,JPEG
C:/Users/conta/OneDrive/Desktop/Multiclass/data/train\fish sea_food sea_bass\QCKWGEBDE0TT.jpg,fish sea_food sea_bass,256,256,JPEG
C:/Users/conta/OneDrive/Desktop/Multiclass/data/train\fish sea_food sea_bass\QCWPZXID2R2G.jpg,fish sea_food sea_bass,256,256,JPEG
C:/Users/conta/OneDrive/Desktop/Multiclass/data/train\fish sea_food sea_bass\QJH1HX8WCEO8.jpg,fish sea_food sea_bass,256,256,JPEG
C:/Users/conta/OneDrive/Desktop/Multiclass/data/train\fish sea_food sea_bass\QJTDBC5DSRZ7.jpg,fish sea_food sea_bass,256,256,JPEG
C:/Users/conta/OneDrive/Desktop/Multiclass/data/train\fish sea_food sea_bass\QKD4ND5UECYT.jpg,fish sea_food sea_bass,256,256,JPEG
C:/Users/conta/OneDrive/Desktop/Multiclass/data/train\fish sea_food sea_bass\QOHGS7DM98K2.jpg,fish sea_food sea_bass,256,256,JPEG
C:/Users/conta/OneDrive/Desktop/Multiclass/data/train\fish sea_food sea_bass\QQRPCHI9QIXI.jpg,fish sea_food sea_bass,256,256,JPEG
C:/Users/conta/OneDrive/Desktop/Multiclass/data/train\fish sea_food sea_bass\QTV2RGEYTBT5.jpg,fish sea_food sea_bass,256,256,JPEG
C:/Users/conta/OneDrive/Desktop/Multiclass/data/train\fish sea_food sea_bass\QV0PJ7VPJ3WW.jpg,fish sea_food sea_bass,256,256,JPEG
C:/Users/conta/OneDrive/Desktop/Multiclass/data/train\fish sea_food sea_bass\QVEBN35ZRWNS.jpg,fish sea_food sea_bass,256,256,JPEG
C:/Users/conta/OneDrive/Desktop/Multiclass/data/train\fish sea_food sea_bass\QYJSIEAH6D3B.jpg,fish sea_food sea_bass,256,256,JPEG
C:/Users/conta/OneDrive/Desktop/Multiclass/data/train\fish sea_food sea_bass\R303YF0N6IUX.jpg,fish sea_food sea_bass,256,256,JPEG
C:/Users/conta/OneDrive/Desktop/Multiclass/data/train\fish sea_food sea_bass\R51QYIVKOC5Z.jpg,fish sea_food sea_bass,256,256,JPEG
C:/Users/conta/OneDrive/Desktop/Multiclass/data/train\fish sea_food sea_bass\REGTNX2BQIQH.jpg,fish sea_food sea_bass,256,256,JPEG
C:/Users/conta/OneDrive/Desktop/Multiclass/data/train\fish sea_food sea_bass\RG8B82BM1H03.jpg,fish sea_food sea_bass,256,256,JPEG
C:/Users/conta/OneDrive/Desktop/Multiclass/data/train\fish sea_food sea_bass\RHCESLLGER5T.jpg,fish sea_food sea_bass,256,256,JPEG
C:/Users/conta/OneDrive/Desktop/Multiclass/data/train\fish sea_food sea_bass\RJ99ZFMQAGAZ.jpg,fish sea_food sea_bass,256,256,JPEG
C:/Users/conta/OneDrive/Desktop/Multiclass/data/train\fish sea_food sea_bass\RKZZDRORVY8T.jpg,fish sea_food sea_bass,256,256,JPEG
C:/Users/conta/OneDrive/Desktop/Multiclass/data/train\fish sea_food sea_bass\RPLCTZJH2K2C.jpg,fish sea_food sea_bass,256,256,JPEG
C:/Users/conta/OneDrive/Desktop/Multiclass/data/train\fish sea_food sea_bass\RPYDEJWBZGPS.jpg,fish sea_food sea_bass,256,256,JPEG
C:/Users/conta/OneDrive/Desktop/Multiclass/data/train\fish sea_food sea_bass\RSBMUVM167K6.jpg,fish sea_food sea_bass,256,256,JPEG
C:/Users/conta/OneDrive/Desktop/Multiclass/data/train\fish sea_food sea_bass\RUMWPKYBZL8X.jpg,fish sea_food sea_bass,256,256,JPEG
C:/Users/conta/OneDrive/Desktop/Multiclass/data/train\fish sea_food sea_bass\RVM14OKOLF8U.jpg,fish sea_food sea_bass,256,256,JPEG
C:/Users/conta/OneDrive/Desktop/Multiclass/data/train\fish sea_food sea_bass\RXO8TTJN4X9P.jpg,fish sea_food sea_bass,256,256,JPEG
C:/Users/conta/OneDrive/Desktop/Multiclass/data/train\fish sea_food sea_bass\RXOMDHFJYEOZ.jpg,fish sea_food sea_bass,256,256,JPEG
C:/Users/conta/OneDrive/Desktop/Multiclass/data/train\fish sea_food sea_bass\S0R7LV0OXCGH.jpg,fish sea_food sea_bass,256,256,JPEG
C:/Users/conta/OneDrive/Desktop/Multiclass/data/train\fish sea_food sea_bass\S11NVCVT2DCY.jpg,fish sea_food sea_bass,256,256,JPEG
C:/Users/conta/OneDrive/Desktop/Multiclass/data/train\fish sea_food sea_bass\S27SB1HWN1PQ.jpg,fish sea_food sea_bass,256,256,JPEG
C:/Users/conta/OneDrive/Desktop/Multiclass/data/train\fish sea_food sea_bass\S2CTZPVXXYR7.jpg,fish sea_food sea_bass,256,256,JPEG
C:/Users/conta/OneDrive/Desktop/Multiclass/data/train\fish sea_food sea_bass\S49O7PDEUDIM.jpg,fish sea_food sea_bass,256,256,JPEG
C:/Users/conta/OneDrive/Desktop/Multiclass/data/train\fish sea_food sea_bass\S7MUCGJIGMA7.jpg,fish sea_food sea_bass,256,256,JPEG
C:/Users/conta/OneDrive/Desktop/Multiclass/data/train\fish sea_food sea_bass\S9NLTEAD2W1G.jpg,fish sea_food sea_bass,256,256,JPEG
C:/Users/conta/OneDrive/Desktop/Multiclass/data/train\fish sea_food sea_bass\S9NRKHKR8KYD.jpg,fish sea_food sea_bass,256,256,JPEG
C:/Users/conta/OneDrive/Desktop/Multiclass/data/train\fish sea_food sea_bass\SAT3Z9PYBRFX.jpg,fish sea_food sea_bass,256,256,JPEG
C:/Users/conta/OneDrive/Desktop/Multiclass/data/train\fish sea_food sea_bass\SBM33XNFP124.jpg,fish sea_food sea_bass,256,256,JPEG
C:/Users/conta/OneDrive/Desktop/Multiclass/data/train\fish sea_food sea_bass\SLZSLPYNVHVL.jpg,fish sea_food sea_bass,256,256,JPEG
C:/Users/conta/OneDrive/Desktop/Multiclass/data/train\fish sea_food sea_bass\SON643A3GA4Z.jpg,fish sea_food sea_bass,256,256,JPEG
C:/Users/conta/OneDrive/Desktop/Multiclass/data/train\fish sea_food sea_bass\ST0ONB47TDBB.jpg,fish sea_food sea_bass,256,256,JPEG
C:/Users/conta/OneDrive/Desktop/Multiclass/data/train\fish sea_food sea_bass\SWH7A1NQZ2KL.jpg,fish sea_food sea_bass,256,256,JPEG
C:/Users/conta/OneDrive/Desktop/Multiclass/data/train\fish sea_food sea_bass\T038A8L2DG9H.jpg,fish sea_food sea_bass,256,256,JPEG
C:/Users/conta/OneDrive/Desktop/Multiclass/data/train\fish sea_food sea_bass\T26C4VYUEJQV.jpg,fish sea_food sea_bass,256,256,JPEG
C:/Users/conta/OneDrive/Desktop/Multiclass/data/train\fish sea_food sea_bass\T45WHK4DXN1N.jpg,fish sea_food sea_bass,256,256,JPEG
C:/Users/conta/OneDrive/Desktop/Multiclass/data/train\fish sea_food sea_bass\T4XTX246SHE4.jpg,fish sea_food sea_bass,256,256,JPEG
C:/Users/conta/OneDrive/Desktop/Multiclass/data/train\fish sea_food sea_bass\T83WPEY3UHSC.jpg,fish sea_food sea_bass,256,256,JPEG
C:/Users/conta/OneDrive/Desktop/Multiclass/data/train\fish sea_food sea_bass\T9GRYKBH29LM.jpg,fish sea_food sea_bass,256,256,JPEG
C:/Users/conta/OneDrive/Desktop/Multiclass/data/train\fish sea_food sea_bass\THYQTVDTJR5P.jpg,fish sea_food sea_bass,256,256,JPEG
C:/Users/conta/OneDrive/Desktop/Multiclass/data/train\fish sea_food sea_bass\TKG84VT309YH.jpg,fish sea_food sea_bass,256,256,JPEG
C:/Users/conta/OneDrive/Desktop/Multiclass/data/train\fish sea_food sea_bass\TKXL6MSECPVN.jpg,fish sea_food sea_bass,256,256,JPEG
C:/Users/conta/OneDrive/Desktop/Multiclass/data/train\fish sea_food sea_bass\TMBKWWE2YBB2.jpg,fish sea_food sea_bass,256,256,JPEG
C:/Users/conta/OneDrive/Desktop/Multiclass/data/train\fish sea_food sea_bass\TMSVN2G65324.jpg,fish sea_food sea_bass,256,256,JPEG
C:/Users/conta/OneDrive/Desktop/Multiclass/data/train\fish sea_food sea_bass\TQEJ54XDX12G.jpg,fish sea_food sea_bass,256,256,JPEG
C:/Users/conta/OneDrive/Desktop/Multiclass/data/train\fish sea_food sea_bass\TQRY18OAC7NL.jpg,fish sea_food sea_bass,256,256,JPEG
C:/Users/conta/OneDrive/Desktop/Multiclass/data/train\fish sea_food sea_bass\TSDBZ3Z9E7BY.jpg,fish sea_food sea_bass,256,256,JPEG
C:/Users/conta/OneDrive/Desktop/Multiclass/data/train\fish sea_food sea_bass\TTP8KR9PXMNL.jpg,fish sea_food sea_bass,256,256,JPEG
C:/Users/conta/OneDrive/Desktop/Multiclass/data/train\fish sea_food sea_bass\TV7AVN0GBQ2K.jpg,fish sea_food sea_bass,256,256,JPEG
C:/Users/conta/OneDrive/Desktop/Multiclass/data/train\fish sea_food sea_bass\U4TVNWOIRFIO.jpg,fish sea_food sea_bass,256,256,JPEG
C:/Users/conta/OneDrive/Desktop/Multiclass/data/train\fish sea_food sea_bass\U54NMO97ULF4.jpg,fish sea_food sea_bass,256,256,JPEG
C:/Users/conta/OneDrive/Desktop/Multiclass/data/train\fish sea_food sea_bass\U5EYU1ABITCN.jpg,fish sea_food sea_bass,256,256,JPEG
C:/Users/conta/OneDrive/Desktop/Multiclass/data/train\fish sea_food sea_bass\U5NU02RZBAPF.jpg,fish sea_food sea_bass,256,256,JPEG
C:/Users/conta/OneDrive/Desktop/Multiclass/data/train\fish sea_food sea_bass\UBW3HSLZNNOW.jpg,fish sea_food sea_bass,256,256,JPEG
C:/Users/conta/OneDrive/Desktop/Multiclass/data/train\fish sea_food sea_bass\UCP50Z2MA3KW.jpg,fish sea_food sea_bass,256,256,JPEG
C:/Users/conta/OneDrive/Desktop/Multiclass/data/train\fish sea_food sea_bass\UDHNRO7LLJHA.jpg,fish sea_food sea_bass,256,256,JPEG
C:/Users/conta/OneDrive/Desktop/Multiclass/data/train\fish sea_food sea_bass\UH1Y7RU8L0G3.jpg,fish sea_food sea_bass,256,256,JPEG
C:/Users/conta/OneDrive/Desktop/Multiclass/data/train\fish sea_food sea_bass\UHDS31UZTLZL.jpg,fish sea_food sea_bass,256,256,JPEG
C:/Users/conta/OneDrive/Desktop/Multiclass/data/train\fish sea_food sea_bass\UHMAHI0N50GZ.jpg,fish sea_food sea_bass,256,256,JPEG
C:/Users/conta/OneDrive/Desktop/Multiclass/data/train\fish sea_food sea_bass\UHZREIPUWI4O.jpg,fish sea_food sea_bass,256,256,JPEG
C:/Users/conta/OneDrive/Desktop/Multiclass/data/train\fish sea_food sea_bass\UJ7VQGQP6FHX.jpg,fish sea_food sea_bass,256,256,JPEG
C:/Users/conta/OneDrive/Desktop/Multiclass/data/train\fish sea_food sea_bass\UNWAELMXJAT6.jpg,fish sea_food sea_bass,256,256,JPEG
C:/Users/conta/OneDrive/Desktop/Multiclass/data/train\fish sea_food sea_bass\UPKGXRRQNQN2.jpg,fish sea_food sea_bass,256,256,JPEG
C:/Users/conta/OneDrive/Desktop/Multiclass/data/train\fish sea_food sea_bass\URX0KH3SRTG9.jpg,fish sea_food sea_bass,256,256,JPEG
C:/Users/conta/OneDrive/Desktop/Multiclass/data/train\fish sea_food sea_bass\UUU2UOVIXWAY.jpg,fish sea_food sea_bass,256,256,JPEG
C:/Users/conta/OneDrive/Desktop/Multiclass/data/train\fish sea_food sea_bass\V1RNS5YA1MJU.jpg,fish sea_food sea_bass,256,256,JPEG
C:/Users/conta/OneDrive/Desktop/Multiclass/data/train\fish sea_food sea_bass\V4PCWEQP6NFY.jpg,fish sea_food sea_bass,256,256,JPEG
C:/Users/conta/OneDrive/Desktop/Multiclass/data/train\fish sea_food sea_bass\V7ORRL1BP67F.jpg,fish sea_food sea_bass,256,256,JPEG
C:/Users/conta/OneDrive/Desktop/Multiclass/data/train\fish sea_food sea_bass\V9W0RVBCFDX2.jpg,fish sea_food sea_bass,256,256,JPEG
C:/Users/conta/OneDrive/Desktop/Multiclass/data/train\fish sea_food sea_bass\VB0OBDKXLPQV.jpg,fish sea_food sea_bass,256,256,JPEG
C:/Users/conta/OneDrive/Desktop/Multiclass/data/train\fish sea_food sea_bass\VFEKY81X3I0Z.jpg,fish sea_food sea_bass,256,256,JPEG
C:/Users/conta/OneDrive/Desktop/Multiclass/data/train\fish sea_food sea_bass\VG45BPZQF4LV.jpg,fish sea_food sea_bass,256,256,JPEG
C:/Users/conta/OneDrive/Desktop/Multiclass/data/train\fish sea_food sea_bass\VG6NVHYTM68I.jpg,fish sea_food sea_bass,256,256,JPEG
C:/Users/conta/OneDrive/Desktop/Multiclass/data/train\fish sea_food sea_bass\VL7Q2I28HAB7.jpg,fish sea_food sea_bass,256,256,JPEG
C:/Users/conta/OneDrive/Desktop/Multiclass/data/train\fish sea_food sea_bass\VN90BAWHY490.jpg,fish sea_food sea_bass,256,256,JPEG
C:/Users/conta/OneDrive/Desktop/Multiclass/data/train\fish sea_food sea_bass\VQ74E902YTHQ.jpg,fish sea_food sea_bass,256,256,JPEG
C:/Users/conta/OneDrive/Desktop/Multiclass/data/train\fish sea_food sea_bass\VZO8F2SH9O0A.jpg,fish sea_food sea_bass,256,256,JPEG
C:/Users/conta/OneDrive/Desktop/Multiclass/data/train\fish sea_food sea_bass\W1BEGYN22R49.jpg,fish sea_food sea_bass,256,256,JPEG
C:/Users/conta/OneDrive/Desktop/Multiclass/data/train\fish sea_food sea_bass\W1K7LU8SF56X.jpg,fish sea_food sea_bass,256,256,JPEG
C:/Users/conta/OneDrive/Desktop/Multiclass/data/train\fish sea_food sea_bass\W2VS03GPE2JM.jpg,fish sea_food sea_bass,256,256,JPEG
C:/Users/conta/OneDrive/Desktop/Multiclass/data/train\fish sea_food sea_bass\W7I6QDCTA48S.jpg,fish sea_food sea_bass,256,256,JPEG
C:/Users/conta/OneDrive/Desktop/Multiclass/data/train\fish sea_food sea_bass\W93BNINIMU0X.jpg,fish sea_food sea_bass,256,256,JPEG
C:/Users/conta/OneDrive/Desktop/Multiclass/data/train\fish sea_food sea_bass\W9XUFYD9511C.jpg,fish sea_food sea_bass,256,256,JPEG
C:/Users/conta/OneDrive/Desktop/Multiclass/data/train\fish sea_food sea_bass\WB8O79LY27C8.jpg,fish sea_food sea_bass,256,256,JPEG
C:/Users/conta/OneDrive/Desktop/Multiclass/data/train\fish sea_food sea_bass\WBSN61OEZT0N.jpg,fish sea_food sea_bass,256,256,JPEG
C:/Users/conta/OneDrive/Desktop/Multiclass/data/train\fish sea_food sea_bass\WBWG35G6OUO6.jpg,fish sea_food sea_bass,256,256,JPEG
C:/Users/conta/OneDrive/Desktop/Multiclass/data/train\fish sea_food sea_bass\WG01UOZZIMHF.jpg,fish sea_food sea_bass,256,256,JPEG
C:/Users/conta/OneDrive/Desktop/Multiclass/data/train\fish sea_food sea_bass\WHWWOO84K4IG.jpg,fish sea_food sea_bass,256,256,JPEG
C:/Users/conta/OneDrive/Desktop/Multiclass/data/train\fish sea_food sea_bass\WI5QFIB3PVX7.jpg,fish sea_food sea_bass,256,256,JPEG
C:/Users/conta/OneDrive/Desktop/Multiclass/data/train\fish sea_food sea_bass\WIDCNZUACDX7.jpg,fish sea_food sea_bass,256,256,JPEG
C:/Users/conta/OneDrive/Desktop/Multiclass/data/train\fish sea_food sea_bass\WIQ0SPGOMXQC.jpg,fish sea_food sea_bass,256,256,JPEG
C:/Users/conta/OneDrive/Desktop/Multiclass/data/train\fish sea_food sea_bass\WKUB4BBUMZEX.jpg,fish sea_food sea_bass,256,256,JPEG
C:/Users/conta/OneDrive/Desktop/Multiclass/data/train\fish sea_food sea_bass\WNJM14QA508C.jpg,fish sea_food sea_bass,256,256,JPEG
C:/Users/conta/OneDrive/Desktop/Multiclass/data/train\fish sea_food sea_bass\WQS5PI6EYNPG.jpg,fish sea_food sea_bass,256,256,JPEG
C:/Users/conta/OneDrive/Desktop/Multiclass/data/train\fish sea_food sea_bass\WS12Y6MVQX99.jpg,fish sea_food sea_bass,256,256,JPEG
C:/Users/conta/OneDrive/Desktop/Multiclass/data/train\fish sea_food sea_bass\WXYBMZW6DB2K.jpg,fish sea_food sea_bass,256,256,JPEG
C:/Users/conta/OneDrive/Desktop/Multiclass/data/train\fish sea_food sea_bass\WYA86A518JN9.jpg,fish sea_food sea_bass,256,256,JPEG
C:/Users/conta/OneDrive/Desktop/Multiclass/data/train\fish sea_food sea_bass\WZARFB74A9OT.jpg,fish sea_food sea_bass,256,256,JPEG
C:/Users/conta/OneDrive/Desktop/Multiclass/data/train\fish sea_food sea_bass\WZZTMYVYT6IY.jpg,fish sea_food sea_bass,256,256,JPEG
C:/Users/conta/OneDrive/Desktop/Multiclass/data/train\fish sea_food sea_bass\X1TCOPN2GU11.jpg,fish sea_food sea_bass,256,256,JPEG
C:/Users/conta/OneDrive/Desktop/Multiclass/data/train\fish sea_food sea_bass\X4WPZLTQRAXP.jpg,fish sea_food sea_bass,256,256,JPEG
C:/Users/conta/OneDrive/Desktop/Multiclass/data/train\fish sea_food sea_bass\X818R2GXSPMW.jpg,fish sea_food sea_bass,256,256,JPEG
C:/Users/conta/OneDrive/Desktop/Multiclass/data/train\fish sea_food sea_bass\XBY0QTV8UN6B.jpg,fish sea_food sea_bass,256,256,JPEG
C:/Users/conta/OneDrive/Desktop/Multiclass/data/train\fish sea_food sea_bass\XDYZWR7EP07J.jpg,fish sea_food sea_bass,256,256,JPEG
C:/Users/conta/OneDrive/Desktop/Multiclass/data/train\fish sea_food sea_bass\XEPLQZE5HV0F.jpg,fish sea_food sea_bass,256,256,JPEG
C:/Users/conta/OneDrive/Desktop/Multiclass/data/train\fish sea_food sea_bass\XO7XC282QVVV.jpg,fish sea_food sea_bass,256,256,JPEG
C:/Users/conta/OneDrive/Desktop/Multiclass/data/train\fish sea_food sea_bass\XRKX9YHA1ZQA.jpg,fish sea_food sea_bass,256,256,JPEG
C:/Users/conta/OneDrive/Desktop/Multiclass/data/train\fish sea_food sea_bass\XUMZB0JVPDJ5.jpg,fish sea_food sea_bass,256,256,JPEG
C:/Users/conta/OneDrive/Desktop/Multiclass/data/train\fish sea_food sea_bass\XWKLJ73QF3Z7.jpg,fish sea_food sea_bass,256,256,JPEG
C:/Users/conta/OneDrive/Desktop/Multiclass/data/train\fish sea_food sea_bass\XXN5XHYL7OVP.jpg,fish sea_food sea_bass,256,256,JPEG
C:/Users/conta/OneDrive/Desktop/Multiclass/data/train\fish sea_food sea_bass\XZRO16S7ISSW.jpg,fish sea_food sea_bass,256,256,JPEG
C:/Users/conta/OneDrive/Desktop/Multiclass/data/train\fish sea_food sea_bass\Y0XVVHACG0LB.jpg,fish sea_food sea_bass,256,256,JPEG
C:/Users/conta/OneDrive/Desktop/Multiclass/data/train\fish sea_food sea_bass\Y6SNRMT051Y7.jpg,fish sea_food sea_bass,256,256,JPEG
C:/Users/conta/OneDrive/Desktop/Multiclass/data/train\fish sea_food sea_bass\Y8FTFDV37TK2.jpg,fish sea_food sea_bass,256,256,JPEG
C:/Users/conta/OneDrive/Desktop/Multiclass/data/train\fish sea_food sea_bass\Y9OQ7GCFTA26.jpg,fish sea_food sea_bass,256,256,JPEG
C:/Users/conta/OneDrive/Desktop/Multiclass/data/train\fish sea_food sea_bass\Y9TMLSP5AP1K.jpg,fish sea_food sea_bass,256,256,JPEG
C:/Users/conta/OneDrive/Desktop/Multiclass/data/train\fish sea_food sea_bass\YG23MU7MKMOE.jpg,fish sea_food sea_bass,256,256,JPEG
C:/Users/conta/OneDrive/Desktop/Multiclass/data/train\fish sea_food sea_bass\YJTZ3EF78CEY.jpg,fish sea_food sea_bass,256,256,JPEG
C:/Users/conta/OneDrive/Desktop/Multiclass/data/train\fish sea_food sea_bass\YL3XV553Y5D6.jpg,fish sea_food sea_bass,256,256,JPEG
C:/Users/conta/OneDrive/Desktop/Multiclass/data/train\fish sea_food sea_bass\YQQFDYA9JQ28.jpg,fish sea_food sea_bass,256,256,JPEG
C:/Users/conta/OneDrive/Desktop/Multiclass/data/train\fish sea_food sea_bass\YURL9ARBWD2V.jpg,fish sea_food sea_bass,256,256,JPEG
C:/Users/conta/OneDrive/Desktop/Multiclass/data/train\fish sea_food sea_bass\YWRM89GUS261.jpg,fish sea_food sea_bass,256,256,JPEG
C:/Users/conta/OneDrive/Desktop/Multiclass/data/train\fish sea_food sea_bass\YWW664XTC2SP.jpg,fish sea_food sea_bass,256,256,JPEG
C:/Users/conta/OneDrive/Desktop/Multiclass/data/train\fish sea_food sea_bass\YXT8QNJZL97E.jpg,fish sea_food sea_bass,256,256,JPEG
C:/Users/conta/OneDrive/Desktop/Multiclass/data/train\fish sea_food sea_bass\Z620GOX77ZAO.jpg,fish sea_food sea_bass,256,256,JPEG
C:/Users/conta/OneDrive/Desktop/Multiclass/data/train\fish sea_food sea_bass\Z838YHZYWCRW.jpg,fish sea_food sea_bass,256,256,JPEG
C:/Users/conta/OneDrive/Desktop/Multiclass/data/train\fish sea_food sea_bass\Z98FSQ551UF1.jpg,fish sea_food sea_bass,256,256,JPEG
C:/Users/conta/OneDrive/Desktop/Multiclass/data/train\fish sea_food sea_bass\ZBJM36NKUMT8.jpg,fish sea_food sea_bass,256,256,JPEG
C:/Users/conta/OneDrive/Desktop/Multiclass/data/train\fish sea_food sea_bass\ZCGV30Y8SHZB.jpg,fish sea_food sea_bass,256,256,JPEG
C:/Users/conta/OneDrive/Desktop/Multiclass/data/train\fish sea_food sea_bass\ZDEKOE8S28O7.jpg,fish sea_food sea_bass,256,256,JPEG
C:/Users/conta/OneDrive/Desktop/Multiclass/data/train\fish sea_food sea_bass\ZE6QEUUPQ00C.jpg,fish sea_food sea_bass,256,256,JPEG
C:/Users/conta/OneDrive/Desktop/Multiclass/data/train\fish sea_food sea_bass\ZGF01B0R0KVV.jpg,fish sea_food sea_bass,256,256,JPEG
C:/Users/conta/OneDrive/Desktop/Multiclass/data/train\fish sea_food sea_bass\ZK3OUVUQ4CKR.jpg,fish sea_food sea_bass,256,256,JPEG
C:/Users/conta/OneDrive/Desktop/Multiclass/data/train\fish sea_food sea_bass\ZLKXH7J9JEE4.jpg,fish sea_food sea_bass,256,256,JPEG
C:/Users/conta/OneDrive/Desktop/Multiclass/data/train\fish sea_food sea_bass\ZMFP5W20I7PG.jpg,fish sea_food sea_bass,256,256,JPEG
C:/Users/conta/OneDrive/Desktop/Multiclass/data/train\fish sea_food sea_bass\ZPRX00DGS7JI.jpg,fish sea_food sea_bass,256,256,JPEG
C:/Users/conta/OneDrive/Desktop/Multiclass/data/train\fish sea_food sea_bass\ZR1GFC5N8J9W.jpg,fish sea_food sea_bass,256,256,JPEG
C:/Users/conta/OneDrive/Desktop/Multiclass/data/train\fish sea_food sea_bass\ZSJ8A7Y3U9EZ.jpg,fish sea_food sea_bass,256,256,JPEG
C:/Users/conta/OneDrive/Desktop/Multiclass/data/train\fish sea_food sea_bass\ZSZY5UIAKQ34.jpg,fish sea_food sea_bass,256,256,JPEG
C:/Users/conta/OneDrive/Desktop/Multiclass/data/train\fish sea_food sea_bass\ZVOAT81HCSYB.jpg,fish sea_food sea_bass,256,256,JPEG
C:/Users/conta/OneDrive/Desktop/Multiclass/data/train\fish sea_food shrimp\03UWF6M1FLKW.jpg,fish sea_food shrimp,256,256,JPEG
C:/Users/conta/OneDrive/Desktop/Multiclass/data/train\fish sea_food shrimp\07IDHIZ755F0.jpg,fish sea_food shrimp,256,256,JPEG
C:/Users/conta/OneDrive/Desktop/Multiclass/data/train\fish sea_food shrimp\0BQMWHAJQY3I.jpg,fish sea_food shrimp,256,256,JPEG
C:/Users/conta/OneDrive/Desktop/Multiclass/data/train\fish sea_food shrimp\0D12108M3GQA.jpg,fish sea_food shrimp,256,256,JPEG
C:/Users/conta/OneDrive/Desktop/Multiclass/data/train\fish sea_food shrimp\0FDINZK2N2P3.jpg,fish sea_food shrimp,256,256,JPEG
C:/Users/conta/OneDrive/Desktop/Multiclass/data/train\fish sea_food shrimp\0FRFVNGLS80K.jpg,fish sea_food shrimp,256,256,JPEG
C:/Users/conta/OneDrive/Desktop/Multiclass/data/train\fish sea_food shrimp\0H6NHV054X9B.jpg,fish sea_food shrimp,256,256,JPEG
C:/Users/conta/OneDrive/Desktop/Multiclass/data/train\fish sea_food shrimp\0JM3R2QX41JW.jpg,fish sea_food shrimp,256,256,JPEG
C:/Users/conta/OneDrive/Desktop/Multiclass/data/train\fish sea_food shrimp\0R6ASU5Y1MGD.jpg,fish sea_food shrimp,256,256,JPEG
C:/Users/conta/OneDrive/Desktop/Multiclass/data/train\fish sea_food shrimp\0RXA9T7WF8SL.jpg,fish sea_food shrimp,256,256,JPEG
C:/Users/conta/OneDrive/Desktop/Multiclass/data/train\fish sea_food shrimp\0S0BDL2U3DNR.jpg,fish sea_food shrimp,256,256,JPEG
C:/Users/conta/OneDrive/Desktop/Multiclass/data/train\fish sea_food shrimp\0V6QL88JLKV0.jpg,fish sea_food shrimp,256,256,JPEG
C:/Users/conta/OneDrive/Desktop/Multiclass/data/train\fish sea_food shrimp\119RKD8VKO9B.jpg,fish sea_food shrimp,256,256,JPEG
C:/Users/conta/OneDrive/Desktop/Multiclass/data/train\fish sea_food shrimp\13C4UJKPGDD7.jpg,fish sea_food shrimp,256,256,JPEG
C:/Users/conta/OneDrive/Desktop/Multiclass/data/train\fish sea_food shrimp\19X05MUC1X6B.jpg,fish sea_food shrimp,256,256,JPEG
C:/Users/conta/OneDrive/Desktop/Multiclass/data/train\fish sea_food shrimp\1BWXV3KQVNLG.jpg,fish sea_food shrimp,256,256,JPEG
C:/Users/conta/OneDrive/Desktop/Multiclass/data/train\fish sea_food shrimp\1C1QRGY4A47U.jpg,fish sea_food shrimp,256,256,JPEG
C:/Users/conta/OneDrive/Desktop/Multiclass/data/train\fish sea_food shrimp\1C25CLAS9UZD.jpg,fish sea_food shrimp,256,256,JPEG
C:/Users/conta/OneDrive/Desktop/Multiclass/data/train\fish sea_food shrimp\1C6YWAM37J8H.jpg,fish sea_food shrimp,256,256,JPEG
C:/Users/conta/OneDrive/Desktop/Multiclass/data/train\fish sea_food shrimp\1C9IAX1Q7X4F.jpg,fish sea_food shrimp,256,256,JPEG
C:/Users/conta/OneDrive/Desktop/Multiclass/data/train\fish sea_food shrimp\1DD4FZBJIT96.jpg,fish sea_food shrimp,256,256,JPEG
C:/Users/conta/OneDrive/Desktop/Multiclass/data/train\fish sea_food shrimp\1ETF1GM5EGW3.jpg,fish sea_food shrimp,256,256,JPEG
C:/Users/conta/OneDrive/Desktop/Multiclass/data/train\fish sea_food shrimp\1FSD61S27663.jpg,fish sea_food shrimp,256,256,JPEG
C:/Users/conta/OneDrive/Desktop/Multiclass/data/train\fish sea_food shrimp\1K8XMPCAMN8L.jpg,fish sea_food shrimp,256,256,JPEG
C:/Users/conta/OneDrive/Desktop/Multiclass/data/train\fish sea_food shrimp\1M12RBBHRQYH.jpg,fish sea_food shrimp,256,256,JPEG
C:/Users/conta/OneDrive/Desktop/Multiclass/data/train\fish sea_food shrimp\1MRWTOX0UZ1H.jpg,fish sea_food shrimp,256,256,JPEG
C:/Users/conta/OneDrive/Desktop/Multiclass/data/train\fish sea_food shrimp\1QWXXDV34VT6.jpg,fish sea_food shrimp,256,256,JPEG
C:/Users/conta/OneDrive/Desktop/Multiclass/data/train\fish sea_food shrimp\1TR0TJIE2ZQM.jpg,fish sea_food shrimp,256,256,JPEG
C:/Users/conta/OneDrive/Desktop/Multiclass/data/train\fish sea_food shrimp\1W3JFJRTK0AR.jpg,fish sea_food shrimp,256,256,JPEG
C:/Users/conta/OneDrive/Desktop/Multiclass/data/train\fish sea_food shrimp\1XSBXMUPYW98.jpg,fish sea_food shrimp,256,256,JPEG
C:/Users/conta/OneDrive/Desktop/Multiclass/data/train\fish sea_food shrimp\1ZLCTHI5NJ7P.jpg,fish sea_food shrimp,256,256,JPEG
C:/Users/conta/OneDrive/Desktop/Multiclass/data/train\fish sea_food shrimp\20CH4KUTCUGT.jpg,fish sea_food shrimp,256,256,JPEG
C:/Users/conta/OneDrive/Desktop/Multiclass/data/train\fish sea_food shrimp\23GXOXIHZDVH.jpg,fish sea_food shrimp,256,256,JPEG
C:/Users/conta/OneDrive/Desktop/Multiclass/data/train\fish sea_food shrimp\275YTDG9ED16.jpg,fish sea_food shrimp,256,256,JPEG
C:/Users/conta/OneDrive/Desktop/Multiclass/data/train\fish sea_food shrimp\28ETHIY9A24A.jpg,fish sea_food shrimp,256,256,JPEG
C:/Users/conta/OneDrive/Desktop/Multiclass/data/train\fish sea_food shrimp\28WMN72EHNU8.jpg,fish sea_food shrimp,256,256,JPEG
C:/Users/conta/OneDrive/Desktop/Multiclass/data/train\fish sea_food shrimp\2AJPK2K4T8AQ.jpg,fish sea_food shrimp,256,256,JPEG
C:/Users/conta/OneDrive/Desktop/Multiclass/data/train\fish sea_food shrimp\2AWOB4FLUNM1.jpg,fish sea_food shrimp,256,256,JPEG
C:/Users/conta/OneDrive/Desktop/Multiclass/data/train\fish sea_food shrimp\2BF0GKV64GUE.jpg,fish sea_food shrimp,256,256,JPEG
C:/Users/conta/OneDrive/Desktop/Multiclass/data/train\fish sea_food shrimp\2EZWMAYUJFIR.jpg,fish sea_food shrimp,256,256,JPEG
C:/Users/conta/OneDrive/Desktop/Multiclass/data/train\fish sea_food shrimp\2GC57B3YN1W3.jpg,fish sea_food shrimp,256,256,JPEG
C:/Users/conta/OneDrive/Desktop/Multiclass/data/train\fish sea_food shrimp\2IYIHNJU55G3.jpg,fish sea_food shrimp,256,256,JPEG
C:/Users/conta/OneDrive/Desktop/Multiclass/data/train\fish sea_food shrimp\2LEL8QVCFD8U.jpg,fish sea_food shrimp,256,256,JPEG
C:/Users/conta/OneDrive/Desktop/Multiclass/data/train\fish sea_food shrimp\2LNNHE856VPN.jpg,fish sea_food shrimp,256,256,JPEG
C:/Users/conta/OneDrive/Desktop/Multiclass/data/train\fish sea_food shrimp\2M341894VNOU.jpg,fish sea_food shrimp,256,256,JPEG
C:/Users/conta/OneDrive/Desktop/Multiclass/data/train\fish sea_food shrimp\2ML0KJUWFBBF.jpg,fish sea_food shrimp,256,256,JPEG
C:/Users/conta/OneDrive/Desktop/Multiclass/data/train\fish sea_food shrimp\2OGEYYFK5SSQ.jpg,fish sea_food shrimp,256,256,JPEG
C:/Users/conta/OneDrive/Desktop/Multiclass/data/train\fish sea_food shrimp\2P7LW4ETWE3U.jpg,fish sea_food shrimp,256,256,JPEG
C:/Users/conta/OneDrive/Desktop/Multiclass/data/train\fish sea_food shrimp\2T58V79FSSGQ.jpg,fish sea_food shrimp,256,256,JPEG
C:/Users/conta/OneDrive/Desktop/Multiclass/data/train\fish sea_food shrimp\2VZRD3RXZIL4.jpg,fish sea_food shrimp,256,256,JPEG
C:/Users/conta/OneDrive/Desktop/Multiclass/data/train\fish sea_food shrimp\2WX7ZB3SCV3S.jpg,fish sea_food shrimp,256,256,JPEG
C:/Users/conta/OneDrive/Desktop/Multiclass/data/train\fish sea_food shrimp\2XEGNIUXPUOL.jpg,fish sea_food shrimp,256,256,JPEG
C:/Users/conta/OneDrive/Desktop/Multiclass/data/train\fish sea_food shrimp\2ZPTD4RRIL3Z.jpg,fish sea_food shrimp,256,256,JPEG
C:/Users/conta/OneDrive/Desktop/Multiclass/data/train\fish sea_food shrimp\31BLPPR0B4KN.jpg,fish sea_food shrimp,256,256,JPEG
C:/Users/conta/OneDrive/Desktop/Multiclass/data/train\fish sea_food shrimp\32FRO5YNPZ2D.jpg,fish sea_food shrimp,256,256,JPEG
C:/Users/conta/OneDrive/Desktop/Multiclass/data/train\fish sea_food shrimp\3COOF4KYVP9O.jpg,fish sea_food shrimp,256,256,JPEG
C:/Users/conta/OneDrive/Desktop/Multiclass/data/train\fish sea_food shrimp\3DDDBV594KG7.jpg,fish sea_food shrimp,256,256,JPEG
C:/Users/conta/OneDrive/Desktop/Multiclass/data/train\fish sea_food shrimp\3DIKE43U79V2.jpg,fish sea_food shrimp,256,256,JPEG
C:/Users/conta/OneDrive/Desktop/Multiclass/data/train\fish sea_food shrimp\3GJPF7BVNLGH.jpg,fish sea_food shrimp,256,256,JPEG
C:/Users/conta/OneDrive/Desktop/Multiclass/data/train\fish sea_food shrimp\3GW9A186BYAF.jpg,fish sea_food shrimp,256,256,JPEG
C:/Users/conta/OneDrive/Desktop/Multiclass/data/train\fish sea_food shrimp\3JBAIZIIOUTV.jpg,fish sea_food shrimp,256,256,JPEG
C:/Users/conta/OneDrive/Desktop/Multiclass/data/train\fish sea_food shrimp\3O629MDJGCMJ.jpg,fish sea_food shrimp,256,256,JPEG
C:/Users/conta/OneDrive/Desktop/Multiclass/data/train\fish sea_food shrimp\3TY34Y1JB382.jpg,fish sea_food shrimp,256,256,JPEG
C:/Users/conta/OneDrive/Desktop/Multiclass/data/train\fish sea_food shrimp\3W1O3U23FAPQ.jpg,fish sea_food shrimp,256,256,JPEG
C:/Users/conta/OneDrive/Desktop/Multiclass/data/train\fish sea_food shrimp\3XUM5EYP8UZ7.jpg,fish sea_food shrimp,256,256,JPEG
C:/Users/conta/OneDrive/Desktop/Multiclass/data/train\fish sea_food shrimp\3ZV3HIUN7ZC4.jpg,fish sea_food shrimp,256,256,JPEG
C:/Users/conta/OneDrive/Desktop/Multiclass/data/train\fish sea_food shrimp\407HFY9QFWXA.jpg,fish sea_food shrimp,256,256,JPEG
C:/Users/conta/OneDrive/Desktop/Multiclass/data/train\fish sea_food shrimp\40H5OEGC1TC1.jpg,fish sea_food shrimp,256,256,JPEG
C:/Users/conta/OneDrive/Desktop/Multiclass/data/train\fish sea_food shrimp\41NRI04UBJMO.jpg,fish sea_food shrimp,256,256,JPEG
C:/Users/conta/OneDrive/Desktop/Multiclass/data/train\fish sea_food shrimp\430IJP29HDWG.jpg,fish sea_food shrimp,256,256,JPEG
C:/Users/conta/OneDrive/Desktop/Multiclass/data/train\fish sea_food shrimp\44IZSZKUFIKG.jpg,fish sea_food shrimp,256,256,JPEG
C:/Users/conta/OneDrive/Desktop/Multiclass/data/train\fish sea_food shrimp\4693UO6G9V6G.jpg,fish sea_food shrimp,256,256,JPEG
C:/Users/conta/OneDrive/Desktop/Multiclass/data/train\fish sea_food shrimp\46Z3FRGKL0IE.jpg,fish sea_food shrimp,256,256,JPEG
C:/Users/conta/OneDrive/Desktop/Multiclass/data/train\fish sea_food shrimp\48F56PS1QQV8.jpg,fish sea_food shrimp,256,256,JPEG
C:/Users/conta/OneDrive/Desktop/Multiclass/data/train\fish sea_food shrimp\4AJQ8S0JVXM9.jpg,fish sea_food shrimp,256,256,JPEG
C:/Users/conta/OneDrive/Desktop/Multiclass/data/train\fish sea_food shrimp\4BVMXXTNUJNX.jpg,fish sea_food shrimp,256,256,JPEG
C:/Users/conta/OneDrive/Desktop/Multiclass/data/train\fish sea_food shrimp\4CI5RB2BY5OU.jpg,fish sea_food shrimp,256,256,JPEG
C:/Users/conta/OneDrive/Desktop/Multiclass/data/train\fish sea_food shrimp\4DLOQTQD9M6L.jpg,fish sea_food shrimp,256,256,JPEG
C:/Users/conta/OneDrive/Desktop/Multiclass/data/train\fish sea_food shrimp\4FTZUHN96TIW.jpg,fish sea_food shrimp,256,256,JPEG
C:/Users/conta/OneDrive/Desktop/Multiclass/data/train\fish sea_food shrimp\4LZ9X9CDF78Y.jpg,fish sea_food shrimp,256,256,JPEG
C:/Users/conta/OneDrive/Desktop/Multiclass/data/train\fish sea_food shrimp\4NKTJ3B3ZLT7.jpg,fish sea_food shrimp,256,256,JPEG
C:/Users/conta/OneDrive/Desktop/Multiclass/data/train\fish sea_food shrimp\4OUQ59XOELIX.jpg,fish sea_food shrimp,256,256,JPEG
C:/Users/conta/OneDrive/Desktop/Multiclass/data/train\fish sea_food shrimp\4P057NBSJR39.jpg,fish sea_food shrimp,256,256,JPEG
C:/Users/conta/OneDrive/Desktop/Multiclass/data/train\fish sea_food shrimp\4RX1OZAE1SST.jpg,fish sea_food shrimp,256,256,JPEG
C:/Users/conta/OneDrive/Desktop/Multiclass/data/train\fish sea_food shrimp\4UCBBIQQSPHO.jpg,fish sea_food shrimp,256,256,JPEG
C:/Users/conta/OneDrive/Desktop/Multiclass/data/train\fish sea_food shrimp\4XWS7XHY26WA.jpg,fish sea_food shrimp,256,256,JPEG
C:/Users/conta/OneDrive/Desktop/Multiclass/data/train\fish sea_food shrimp\54QI5W2L5TX0.jpg,fish sea_food shrimp,256,256,JPEG
C:/Users/conta/OneDrive/Desktop/Multiclass/data/train\fish sea_food shrimp\56DOMQEG5YBB.jpg,fish sea_food shrimp,256,256,JPEG
C:/Users/conta/OneDrive/Desktop/Multiclass/data/train\fish sea_food shrimp\5AG14DFPUAYS.jpg,fish sea_food shrimp,256,256,JPEG
C:/Users/conta/OneDrive/Desktop/Multiclass/data/train\fish sea_food shrimp\5BGB6IO9H8MM.jpg,fish sea_food shrimp,256,256,JPEG
C:/Users/conta/OneDrive/Desktop/Multiclass/data/train\fish sea_food shrimp\5D4J53VTZJPZ.jpg,fish sea_food shrimp,256,256,JPEG
C:/Users/conta/OneDrive/Desktop/Multiclass/data/train\fish sea_food shrimp\5H0QLIOX8SCG.jpg,fish sea_food shrimp,256,256,JPEG
C:/Users/conta/OneDrive/Desktop/Multiclass/data/train\fish sea_food shrimp\5LDX1AMRZH6N.jpg,fish sea_food shrimp,256,256,JPEG
C:/Users/conta/OneDrive/Desktop/Multiclass/data/train\fish sea_food shrimp\5Q3DENKX6U8J.jpg,fish sea_food shrimp,256,256,JPEG
C:/Users/conta/OneDrive/Desktop/Multiclass/data/train\fish sea_food shrimp\5SKQL973778C.jpg,fish sea_food shrimp,256,256,JPEG
C:/Users/conta/OneDrive/Desktop/Multiclass/data/train\fish sea_food shrimp\5T91LT39G22X.jpg,fish sea_food shrimp,256,256,JPEG
C:/Users/conta/OneDrive/Desktop/Multiclass/data/train\fish sea_food shrimp\5XA6CHLC9NMX.jpg,fish sea_food shrimp,256,256,JPEG
C:/Users/conta/OneDrive/Desktop/Multiclass/data/train\fish sea_food shrimp\5XDNENAGKFWN.jpg,fish sea_food shrimp,256,256,JPEG
C:/Users/conta/OneDrive/Desktop/Multiclass/data/train\fish sea_food shrimp\5XM5AEVYBEC6.jpg,fish sea_food shrimp,256,256,JPEG
C:/Users/conta/OneDrive/Desktop/Multiclass/data/train\fish sea_food shrimp\5YQZ02CVB5UY.jpg,fish sea_food shrimp,256,256,JPEG
C:/Users/conta/OneDrive/Desktop/Multiclass/data/train\fish sea_food shrimp\5YYZ6LLC3HBM.jpg,fish sea_food shrimp,256,256,JPEG
C:/Users/conta/OneDrive/Desktop/Multiclass/data/train\fish sea_food shrimp\5ZGLVQ950S2W.jpg,fish sea_food shrimp,256,256,JPEG
C:/Users/conta/OneDrive/Desktop/Multiclass/data/train\fish sea_food shrimp\60OX5D2DPKJ2.jpg,fish sea_food shrimp,256,256,JPEG
C:/Users/conta/OneDrive/Desktop/Multiclass/data/train\fish sea_food shrimp\62BXHUOCERPQ.jpg,fish sea_food shrimp,256,256,JPEG
C:/Users/conta/OneDrive/Desktop/Multiclass/data/train\fish sea_food shrimp\64BI99MX3QC0.jpg,fish sea_food shrimp,256,256,JPEG
C:/Users/conta/OneDrive/Desktop/Multiclass/data/train\fish sea_food shrimp\6C2GFLNSPF44.jpg,fish sea_food shrimp,256,256,JPEG
C:/Users/conta/OneDrive/Desktop/Multiclass/data/train\fish sea_food shrimp\6DLMGYFX2GIH.jpg,fish sea_food shrimp,256,256,JPEG
C:/Users/conta/OneDrive/Desktop/Multiclass/data/train\fish sea_food shrimp\6ENPMVMMGF8H.jpg,fish sea_food shrimp,256,256,JPEG
C:/Users/conta/OneDrive/Desktop/Multiclass/data/train\fish sea_food shrimp\6FEFIIKLXIM0.jpg,fish sea_food shrimp,256,256,JPEG
C:/Users/conta/OneDrive/Desktop/Multiclass/data/train\fish sea_food shrimp\6HG0XSR2K7D4.jpg,fish sea_food shrimp,256,256,JPEG
C:/Users/conta/OneDrive/Desktop/Multiclass/data/train\fish sea_food shrimp\6J19VVVUPSFJ.jpg,fish sea_food shrimp,256,256,JPEG
C:/Users/conta/OneDrive/Desktop/Multiclass/data/train\fish sea_food shrimp\6JNZ2PPBWN4H.jpg,fish sea_food shrimp,256,256,JPEG
C:/Users/conta/OneDrive/Desktop/Multiclass/data/train\fish sea_food shrimp\6MYUPVWH4JGA.jpg,fish sea_food shrimp,256,256,JPEG
C:/Users/conta/OneDrive/Desktop/Multiclass/data/train\fish sea_food shrimp\6R8S5U033JZF.jpg,fish sea_food shrimp,256,256,JPEG
C:/Users/conta/OneDrive/Desktop/Multiclass/data/train\fish sea_food shrimp\6Y7WEO1RVYWF.jpg,fish sea_food shrimp,256,256,JPEG
C:/Users/conta/OneDrive/Desktop/Multiclass/data/train\fish sea_food shrimp\6Z2UEAFRHQ4Z.jpg,fish sea_food shrimp,256,256,JPEG
C:/Users/conta/OneDrive/Desktop/Multiclass/data/train\fish sea_food shrimp\6Z4H8WK2YNZA.jpg,fish sea_food shrimp,256,256,JPEG
C:/Users/conta/OneDrive/Desktop/Multiclass/data/train\fish sea_food shrimp\6ZRQGNSBEA5A.jpg,fish sea_food shrimp,256,256,JPEG
C:/Users/conta/OneDrive/Desktop/Multiclass/data/train\fish sea_food shrimp\70PXOOYVUDQM.jpg,fish sea_food shrimp,256,256,JPEG
C:/Users/conta/OneDrive/Desktop/Multiclass/data/train\fish sea_food shrimp\73KQJTUJSWLW.jpg,fish sea_food shrimp,256,256,JPEG
C:/Users/conta/OneDrive/Desktop/Multiclass/data/train\fish sea_food shrimp\77QWG58LR57D.jpg,fish sea_food shrimp,256,256,JPEG
C:/Users/conta/OneDrive/Desktop/Multiclass/data/train\fish sea_food shrimp\78LHDA6QH0YP.jpg,fish sea_food shrimp,256,256,JPEG
C:/Users/conta/OneDrive/Desktop/Multiclass/data/train\fish sea_food shrimp\7DKPGJ42OS37.jpg,fish sea_food shrimp,256,256,JPEG
C:/Users/conta/OneDrive/Desktop/Multiclass/data/train\fish sea_food shrimp\7ENHC93HP9RJ.jpg,fish sea_food shrimp,256,256,JPEG
C:/Users/conta/OneDrive/Desktop/Multiclass/data/train\fish sea_food shrimp\7FHSOGRNK6LM.jpg,fish sea_food shrimp,256,256,JPEG
C:/Users/conta/OneDrive/Desktop/Multiclass/data/train\fish sea_food shrimp\7NHVHXOQQK2K.jpg,fish sea_food shrimp,256,256,JPEG
C:/Users/conta/OneDrive/Desktop/Multiclass/data/train\fish sea_food shrimp\7P6JYXU7YJOE.jpg,fish sea_food shrimp,256,256,JPEG
C:/Users/conta/OneDrive/Desktop/Multiclass/data/train\fish sea_food shrimp\7QHS1KTKDXKX.jpg,fish sea_food shrimp,256,256,JPEG
C:/Users/conta/OneDrive/Desktop/Multiclass/data/train\fish sea_food shrimp\7RKO2I65WZQ3.jpg,fish sea_food shrimp,256,256,JPEG
C:/Users/conta/OneDrive/Desktop/Multiclass/data/train\fish sea_food shrimp\7SEAVAF17DC4.jpg,fish sea_food shrimp,256,256,JPEG
C:/Users/conta/OneDrive/Desktop/Multiclass/data/train\fish sea_food shrimp\7Y18GPUYLCOR.jpg,fish sea_food shrimp,256,256,JPEG
C:/Users/conta/OneDrive/Desktop/Multiclass/data/train\fish sea_food shrimp\7ZJUQGE1UW3D.jpg,fish sea_food shrimp,256,256,JPEG
C:/Users/conta/OneDrive/Desktop/Multiclass/data/train\fish sea_food shrimp\81Q5G9APIDYE.jpg,fish sea_food shrimp,256,256,JPEG
C:/Users/conta/OneDrive/Desktop/Multiclass/data/train\fish sea_food shrimp\84G0L8WNP510.jpg,fish sea_food shrimp,256,256,JPEG
C:/Users/conta/OneDrive/Desktop/Multiclass/data/train\fish sea_food shrimp\875ADHEX15VJ.jpg,fish sea_food shrimp,256,256,JPEG
C:/Users/conta/OneDrive/Desktop/Multiclass/data/train\fish sea_food shrimp\882QHX28YM9E.jpg,fish sea_food shrimp,256,256,JPEG
C:/Users/conta/OneDrive/Desktop/Multiclass/data/train\fish sea_food shrimp\8DBZI9P6DSGI.jpg,fish sea_food shrimp,256,256,JPEG
C:/Users/conta/OneDrive/Desktop/Multiclass/data/train\fish sea_food shrimp\8DJP8Q6JAFQL.jpg,fish sea_food shrimp,256,256,JPEG
C:/Users/conta/OneDrive/Desktop/Multiclass/data/train\fish sea_food shrimp\8FUASW66715Z.jpg,fish sea_food shrimp,256,256,JPEG
C:/Users/conta/OneDrive/Desktop/Multiclass/data/train\fish sea_food shrimp\8I7WCDACDVVE.jpg,fish sea_food shrimp,256,256,JPEG
C:/Users/conta/OneDrive/Desktop/Multiclass/data/train\fish sea_food shrimp\8JUD3KC3I2SY.jpg,fish sea_food shrimp,256,256,JPEG
C:/Users/conta/OneDrive/Desktop/Multiclass/data/train\fish sea_food shrimp\8LHGTX4TVXYL.jpg,fish sea_food shrimp,256,256,JPEG
C:/Users/conta/OneDrive/Desktop/Multiclass/data/train\fish sea_food shrimp\8ZB4KSS8C5X0.jpg,fish sea_food shrimp,256,256,JPEG
C:/Users/conta/OneDrive/Desktop/Multiclass/data/train\fish sea_food shrimp\92JPXBALZBVQ.jpg,fish sea_food shrimp,256,256,JPEG
C:/Users/conta/OneDrive/Desktop/Multiclass/data/train\fish sea_food shrimp\9328DKA8KOIA.jpg,fish sea_food shrimp,256,256,JPEG
C:/Users/conta/OneDrive/Desktop/Multiclass/data/train\fish sea_food shrimp\98OHU1F0KABC.jpg,fish sea_food shrimp,256,256,JPEG
C:/Users/conta/OneDrive/Desktop/Multiclass/data/train\fish sea_food shrimp\9C6515QV028Y.jpg,fish sea_food shrimp,256,256,JPEG
C:/Users/conta/OneDrive/Desktop/Multiclass/data/train\fish sea_food shrimp\9CTK922TWOI6.jpg,fish sea_food shrimp,256,256,JPEG
C:/Users/conta/OneDrive/Desktop/Multiclass/data/train\fish sea_food shrimp\9D7RPM2ARMON.jpg,fish sea_food shrimp,256,256,JPEG
C:/Users/conta/OneDrive/Desktop/Multiclass/data/train\fish sea_food shrimp\9H7UCV84VQDN.jpg,fish sea_food shrimp,256,256,JPEG
C:/Users/conta/OneDrive/Desktop/Multiclass/data/train\fish sea_food shrimp\9HA6DEG9E9VF.jpg,fish sea_food shrimp,256,256,JPEG
C:/Users/conta/OneDrive/Desktop/Multiclass/data/train\fish sea_food shrimp\9MSP9UJKRA2Z.jpg,fish sea_food shrimp,256,256,JPEG
C:/Users/conta/OneDrive/Desktop/Multiclass/data/train\fish sea_food shrimp\9MX16AA0UDL6.jpg,fish sea_food shrimp,256,256,JPEG
C:/Users/conta/OneDrive/Desktop/Multiclass/data/train\fish sea_food shrimp\9UTNBKGMPJFC.jpg,fish sea_food shrimp,256,256,JPEG
C:/Users/conta/OneDrive/Desktop/Multiclass/data/train\fish sea_food shrimp\9WO9ZLZ42Q38.jpg,fish sea_food shrimp,256,256,JPEG
C:/Users/conta/OneDrive/Desktop/Multiclass/data/train\fish sea_food shrimp\9WVCCC4XSPSK.jpg,fish sea_food shrimp,256,256,JPEG
C:/Users/conta/OneDrive/Desktop/Multiclass/data/train\fish sea_food shrimp\9X5Y6JSXROH7.jpg,fish sea_food shrimp,256,256,JPEG
C:/Users/conta/OneDrive/Desktop/Multiclass/data/train\fish sea_food shrimp\9XR2CJC0PS06.jpg,fish sea_food shrimp,256,256,JPEG
C:/Users/conta/OneDrive/Desktop/Multiclass/data/train\fish sea_food shrimp\9Z8MOV9CMFCI.jpg,fish sea_food shrimp,256,256,JPEG
C:/Users/conta/OneDrive/Desktop/Multiclass/data/train\fish sea_food shrimp\A0FU37N252TX.jpg,fish sea_food shrimp,256,256,JPEG
C:/Users/conta/OneDrive/Desktop/Multiclass/data/train\fish sea_food shrimp\A60TNBGDJ2CC.jpg,fish sea_food shrimp,256,256,JPEG
C:/Users/conta/OneDrive/Desktop/Multiclass/data/train\fish sea_food shrimp\A62GGLPHDWVV.jpg,fish sea_food shrimp,256,256,JPEG
C:/Users/conta/OneDrive/Desktop/Multiclass/data/train\fish sea_food shrimp\AAEYG177CVOS.jpg,fish sea_food shrimp,256,256,JPEG
C:/Users/conta/OneDrive/Desktop/Multiclass/data/train\fish sea_food shrimp\ADFRYD0JYZMV.jpg,fish sea_food shrimp,256,256,JPEG
C:/Users/conta/OneDrive/Desktop/Multiclass/data/train\fish sea_food shrimp\AEKF8KUW0ZQD.jpg,fish sea_food shrimp,256,256,JPEG
C:/Users/conta/OneDrive/Desktop/Multiclass/data/train\fish sea_food shrimp\AHYEA9Y55OSM.jpg,fish sea_food shrimp,256,256,JPEG
C:/Users/conta/OneDrive/Desktop/Multiclass/data/train\fish sea_food shrimp\AIYK075B8LW5.jpg,fish sea_food shrimp,256,256,JPEG
C:/Users/conta/OneDrive/Desktop/Multiclass/data/train\fish sea_food shrimp\AJIW7GAC6212.jpg,fish sea_food shrimp,256,256,JPEG
C:/Users/conta/OneDrive/Desktop/Multiclass/data/train\fish sea_food shrimp\AK2E4B1L7GEG.jpg,fish sea_food shrimp,256,256,JPEG
C:/Users/conta/OneDrive/Desktop/Multiclass/data/train\fish sea_food shrimp\AOQUUP5P0BA9.jpg,fish sea_food shrimp,256,256,JPEG
C:/Users/conta/OneDrive/Desktop/Multiclass/data/train\fish sea_food shrimp\ASHVWRLN9NAM.jpg,fish sea_food shrimp,256,256,JPEG
C:/Users/conta/OneDrive/Desktop/Multiclass/data/train\fish sea_food shrimp\AUY311FR09FE.jpg,fish sea_food shrimp,256,256,JPEG
C:/Users/conta/OneDrive/Desktop/Multiclass/data/train\fish sea_food shrimp\B3XQZU9RG831.jpg,fish sea_food shrimp,256,256,JPEG
C:/Users/conta/OneDrive/Desktop/Multiclass/data/train\fish sea_food shrimp\BBT04C6RCGJ6.jpg,fish sea_food shrimp,256,256,JPEG
C:/Users/conta/OneDrive/Desktop/Multiclass/data/train\fish sea_food shrimp\BCC0CEI0IRO7.jpg,fish sea_food shrimp,256,256,JPEG
C:/Users/conta/OneDrive/Desktop/Multiclass/data/train\fish sea_food shrimp\BDGW9R1J0MD4.jpg,fish sea_food shrimp,256,256,JPEG
C:/Users/conta/OneDrive/Desktop/Multiclass/data/train\fish sea_food shrimp\BEKRP0BKSC2C.jpg,fish sea_food shrimp,256,256,JPEG
C:/Users/conta/OneDrive/Desktop/Multiclass/data/train\fish sea_food shrimp\BGMZA3L3NXV1.jpg,fish sea_food shrimp,256,256,JPEG
C:/Users/conta/OneDrive/Desktop/Multiclass/data/train\fish sea_food shrimp\BGWP07LEIM8A.jpg,fish sea_food shrimp,256,256,JPEG
C:/Users/conta/OneDrive/Desktop/Multiclass/data/train\fish sea_food shrimp\BHDQGJX8938A.jpg,fish sea_food shrimp,256,256,JPEG
C:/Users/conta/OneDrive/Desktop/Multiclass/data/train\fish sea_food shrimp\BINHWZUXOW1A.jpg,fish sea_food shrimp,256,256,JPEG
C:/Users/conta/OneDrive/Desktop/Multiclass/data/train\fish sea_food shrimp\BJFAJU55ULXZ.jpg,fish sea_food shrimp,256,256,JPEG
C:/Users/conta/OneDrive/Desktop/Multiclass/data/train\fish sea_food shrimp\BLEFKZ9W55A0.jpg,fish sea_food shrimp,256,256,JPEG
C:/Users/conta/OneDrive/Desktop/Multiclass/data/train\fish sea_food shrimp\BNMIQFK1PC0K.jpg,fish sea_food shrimp,256,256,JPEG
C:/Users/conta/OneDrive/Desktop/Multiclass/data/train\fish sea_food shrimp\BRFO5TJWO0Z2.jpg,fish sea_food shrimp,256,256,JPEG
C:/Users/conta/OneDrive/Desktop/Multiclass/data/train\fish sea_food shrimp\BS4DV1ABNJ4Y.jpg,fish sea_food shrimp,256,256,JPEG
C:/Users/conta/OneDrive/Desktop/Multiclass/data/train\fish sea_food shrimp\BTCVLECAIODP.jpg,fish sea_food shrimp,256,256,JPEG
C:/Users/conta/OneDrive/Desktop/Multiclass/data/train\fish sea_food shrimp\BUYQEOXRTV1R.jpg,fish sea_food shrimp,256,256,JPEG
C:/Users/conta/OneDrive/Desktop/Multiclass/data/train\fish sea_food shrimp\BYPIGWWW2Q1S.jpg,fish sea_food shrimp,256,256,JPEG
C:/Users/conta/OneDrive/Desktop/Multiclass/data/train\fish sea_food shrimp\C2DRA9A1B2P1.jpg,fish sea_food shrimp,256,256,JPEG
C:/Users/conta/OneDrive/Desktop/Multiclass/data/train\fish sea_food shrimp\C8XCWNT1C891.jpg,fish sea_food shrimp,256,256,JPEG
C:/Users/conta/OneDrive/Desktop/Multiclass/data/train\fish sea_food shrimp\C92X06XBEKL9.jpg,fish sea_food shrimp,256,256,JPEG
C:/Users/conta/OneDrive/Desktop/Multiclass/data/train\fish sea_food shrimp\C97OPAXNKJML.jpg,fish sea_food shrimp,256,256,JPEG
C:/Users/conta/OneDrive/Desktop/Multiclass/data/train\fish sea_food shrimp\C9OCU56ECGMD.jpg,fish sea_food shrimp,256,256,JPEG
C:/Users/conta/OneDrive/Desktop/Multiclass/data/train\fish sea_food shrimp\CC480M6P39C6.jpg,fish sea_food shrimp,256,256,JPEG
C:/Users/conta/OneDrive/Desktop/Multiclass/data/train\fish sea_food shrimp\CCPDZV4RHQTD.jpg,fish sea_food shrimp,256,256,JPEG
C:/Users/conta/OneDrive/Desktop/Multiclass/data/train\fish sea_food shrimp\CEPUC4VN82PT.jpg,fish sea_food shrimp,256,256,JPEG
C:/Users/conta/OneDrive/Desktop/Multiclass/data/train\fish sea_food shrimp\CGNC3HUWU5XR.jpg,fish sea_food shrimp,256,256,JPEG
C:/Users/conta/OneDrive/Desktop/Multiclass/data/train\fish sea_food shrimp\CKNPRAKKB84Z.jpg,fish sea_food shrimp,256,256,JPEG
C:/Users/conta/OneDrive/Desktop/Multiclass/data/train\fish sea_food shrimp\CNV3YR4CVIHR.jpg,fish sea_food shrimp,256,256,JPEG
C:/Users/conta/OneDrive/Desktop/Multiclass/data/train\fish sea_food shrimp\CPPRCT3ZX80W.jpg,fish sea_food shrimp,256,256,JPEG
C:/Users/conta/OneDrive/Desktop/Multiclass/data/train\fish sea_food shrimp\CRMTXQ4KQE3W.jpg,fish sea_food shrimp,256,256,JPEG
C:/Users/conta/OneDrive/Desktop/Multiclass/data/train\fish sea_food shrimp\CTOGEOHIO9SZ.jpg,fish sea_food shrimp,256,256,JPEG
C:/Users/conta/OneDrive/Desktop/Multiclass/data/train\fish sea_food shrimp\CX9HHT4SK3I9.jpg,fish sea_food shrimp,256,256,JPEG
C:/Users/conta/OneDrive/Desktop/Multiclass/data/train\fish sea_food shrimp\CZIKJSAA2N38.jpg,fish sea_food shrimp,256,256,JPEG
C:/Users/conta/OneDrive/Desktop/Multiclass/data/train\fish sea_food shrimp\D18ZQ9M84RHA.jpg,fish sea_food shrimp,256,256,JPEG
C:/Users/conta/OneDrive/Desktop/Multiclass/data/train\fish sea_food shrimp\D1EOGHHFB0PG.jpg,fish sea_food shrimp,256,256,JPEG
C:/Users/conta/OneDrive/Desktop/Multiclass/data/train\fish sea_food shrimp\D1S5B6PG9W6V.jpg,fish sea_food shrimp,256,256,JPEG
C:/Users/conta/OneDrive/Desktop/Multiclass/data/train\fish sea_food shrimp\D53ZD47ZWMGG.jpg,fish sea_food shrimp,256,256,JPEG
C:/Users/conta/OneDrive/Desktop/Multiclass/data/train\fish sea_food shrimp\D5VNMT8TJTGH.jpg,fish sea_food shrimp,256,256,JPEG
C:/Users/conta/OneDrive/Desktop/Multiclass/data/train\fish sea_food shrimp\D934LIL123UR.jpg,fish sea_food shrimp,256,256,JPEG
C:/Users/conta/OneDrive/Desktop/Multiclass/data/train\fish sea_food shrimp\DLPPSN30NAPH.jpg,fish sea_food shrimp,256,256,JPEG
C:/Users/conta/OneDrive/Desktop/Multiclass/data/train\fish sea_food shrimp\DMLP2HCZIBKM.jpg,fish sea_food shrimp,256,256,JPEG
C:/Users/conta/OneDrive/Desktop/Multiclass/data/train\fish sea_food shrimp\DP4XFEULM8YN.jpg,fish sea_food shrimp,256,256,JPEG
C:/Users/conta/OneDrive/Desktop/Multiclass/data/train\fish sea_food shrimp\DPDENE3I109N.jpg,fish sea_food shrimp,256,256,JPEG
C:/Users/conta/OneDrive/Desktop/Multiclass/data/train\fish sea_food shrimp\DQUXFVK7R1KI.jpg,fish sea_food shrimp,256,256,JPEG
C:/Users/conta/OneDrive/Desktop/Multiclass/data/train\fish sea_food shrimp\DTS3597IPAI9.jpg,fish sea_food shrimp,256,256,JPEG
C:/Users/conta/OneDrive/Desktop/Multiclass/data/train\fish sea_food shrimp\DU576WHY9DBB.jpg,fish sea_food shrimp,256,256,JPEG
C:/Users/conta/OneDrive/Desktop/Multiclass/data/train\fish sea_food shrimp\DUL692K6GACP.jpg,fish sea_food shrimp,256,256,JPEG
C:/Users/conta/OneDrive/Desktop/Multiclass/data/train\fish sea_food shrimp\DUMEAIKO04QH.jpg,fish sea_food shrimp,256,256,JPEG
C:/Users/conta/OneDrive/Desktop/Multiclass/data/train\fish sea_food shrimp\DUYEVM013BW5.jpg,fish sea_food shrimp,256,256,JPEG
C:/Users/conta/OneDrive/Desktop/Multiclass/data/train\fish sea_food shrimp\DVXWCGPV9YYW.jpg,fish sea_food shrimp,256,256,JPEG
C:/Users/conta/OneDrive/Desktop/Multiclass/data/train\fish sea_food shrimp\E06G6NM02HTD.jpg,fish sea_food shrimp,256,256,JPEG
C:/Users/conta/OneDrive/Desktop/Multiclass/data/train\fish sea_food shrimp\E2H4256CT8X9.jpg,fish sea_food shrimp,256,256,JPEG
C:/Users/conta/OneDrive/Desktop/Multiclass/data/train\fish sea_food shrimp\E43ZVNVMG284.jpg,fish sea_food shrimp,256,256,JPEG
C:/Users/conta/OneDrive/Desktop/Multiclass/data/train\fish sea_food shrimp\E97KV3TH5V7I.jpg,fish sea_food shrimp,256,256,JPEG
C:/Users/conta/OneDrive/Desktop/Multiclass/data/train\fish sea_food shrimp\EA05P5S78YT5.jpg,fish sea_food shrimp,256,256,JPEG
C:/Users/conta/OneDrive/Desktop/Multiclass/data/train\fish sea_food shrimp\EA64JA1179T1.jpg,fish sea_food shrimp,256,256,JPEG
C:/Users/conta/OneDrive/Desktop/Multiclass/data/train\fish sea_food shrimp\EDDOF6H5R3CN.jpg,fish sea_food shrimp,256,256,JPEG
C:/Users/conta/OneDrive/Desktop/Multiclass/data/train\fish sea_food shrimp\EEXF9L5HRUXS.jpg,fish sea_food shrimp,256,256,JPEG
C:/Users/conta/OneDrive/Desktop/Multiclass/data/train\fish sea_food shrimp\EH1PJROPJ1XX.jpg,fish sea_food shrimp,256,256,JPEG
C:/Users/conta/OneDrive/Desktop/Multiclass/data/train\fish sea_food shrimp\EIECYNJSP3W5.jpg,fish sea_food shrimp,256,256,JPEG
C:/Users/conta/OneDrive/Desktop/Multiclass/data/train\fish sea_food shrimp\EK7WMZWBN5P2.jpg,fish sea_food shrimp,256,256,JPEG
C:/Users/conta/OneDrive/Desktop/Multiclass/data/train\fish sea_food shrimp\EP6DJEMW8O4U.jpg,fish sea_food shrimp,256,256,JPEG
C:/Users/conta/OneDrive/Desktop/Multiclass/data/train\fish sea_food shrimp\ET0CHSMVO0CR.jpg,fish sea_food shrimp,256,256,JPEG
C:/Users/conta/OneDrive/Desktop/Multiclass/data/train\fish sea_food shrimp\EU0VUOZ55LPZ.jpg,fish sea_food shrimp,256,256,JPEG
C:/Users/conta/OneDrive/Desktop/Multiclass/data/train\fish sea_food shrimp\EU88VXXEA9SB.jpg,fish sea_food shrimp,256,256,JPEG
C:/Users/conta/OneDrive/Desktop/Multiclass/data/train\fish sea_food shrimp\EX8OPG78BGTH.jpg,fish sea_food shrimp,256,256,JPEG
C:/Users/conta/OneDrive/Desktop/Multiclass/data/train\fish sea_food shrimp\F14U6K8MTS40.jpg,fish sea_food shrimp,256,256,JPEG
C:/Users/conta/OneDrive/Desktop/Multiclass/data/train\fish sea_food shrimp\F27SQNE0P5XI.jpg,fish sea_food shrimp,256,256,JPEG
C:/Users/conta/OneDrive/Desktop/Multiclass/data/train\fish sea_food shrimp\F7P2E558ZLJU.jpg,fish sea_food shrimp,256,256,JPEG
C:/Users/conta/OneDrive/Desktop/Multiclass/data/train\fish sea_food shrimp\FA7FJPZ2KF4H.jpg,fish sea_food shrimp,256,256,JPEG
C:/Users/conta/OneDrive/Desktop/Multiclass/data/train\fish sea_food shrimp\FA9PBXPHLHT5.jpg,fish sea_food shrimp,256,256,JPEG
C:/Users/conta/OneDrive/Desktop/Multiclass/data/train\fish sea_food shrimp\FAC6LXJB81VP.jpg,fish sea_food shrimp,256,256,JPEG
C:/Users/conta/OneDrive/Desktop/Multiclass/data/train\fish sea_food shrimp\FD8FD91IM56B.jpg,fish sea_food shrimp,256,256,JPEG
C:/Users/conta/OneDrive/Desktop/Multiclass/data/train\fish sea_food shrimp\FHICX6XUD9LK.jpg,fish sea_food shrimp,256,256,JPEG
C:/Users/conta/OneDrive/Desktop/Multiclass/data/train\fish sea_food shrimp\FJU02XEKWMX9.jpg,fish sea_food shrimp,256,256,JPEG
C:/Users/conta/OneDrive/Desktop/Multiclass/data/train\fish sea_food shrimp\FMAAMSGQH1T8.jpg,fish sea_food shrimp,256,256,JPEG
C:/Users/conta/OneDrive/Desktop/Multiclass/data/train\fish sea_food shrimp\FN85LB71PNB8.jpg,fish sea_food shrimp,256,256,JPEG
C:/Users/conta/OneDrive/Desktop/Multiclass/data/train\fish sea_food shrimp\FNM1AH2EXYIV.jpg,fish sea_food shrimp,256,256,JPEG
C:/Users/conta/OneDrive/Desktop/Multiclass/data/train\fish sea_food shrimp\FPBXEVM5DQY8.jpg,fish sea_food shrimp,256,256,JPEG
C:/Users/conta/OneDrive/Desktop/Multiclass/data/train\fish sea_food shrimp\FTL3MI7AYCPH.jpg,fish sea_food shrimp,256,256,JPEG
C:/Users/conta/OneDrive/Desktop/Multiclass/data/train\fish sea_food shrimp\FUHYWS0KCC39.jpg,fish sea_food shrimp,256,256,JPEG
C:/Users/conta/OneDrive/Desktop/Multiclass/data/train\fish sea_food shrimp\FW7YJYTGVNBC.jpg,fish sea_food shrimp,256,256,JPEG
C:/Users/conta/OneDrive/Desktop/Multiclass/data/train\fish sea_food shrimp\FXLCW8GDAFXP.jpg,fish sea_food shrimp,256,256,JPEG
C:/Users/conta/OneDrive/Desktop/Multiclass/data/train\fish sea_food shrimp\FY53CCT2FVEX.jpg,fish sea_food shrimp,256,256,JPEG
C:/Users/conta/OneDrive/Desktop/Multiclass/data/train\fish sea_food shrimp\FYGDPX3BN6FM.jpg,fish sea_food shrimp,256,256,JPEG
C:/Users/conta/OneDrive/Desktop/Multiclass/data/train\fish sea_food shrimp\FYGDQZND18OY.jpg,fish sea_food shrimp,256,256,JPEG
C:/Users/conta/OneDrive/Desktop/Multiclass/data/train\fish sea_food shrimp\G0B3MMEIEWFT.jpg,fish sea_food shrimp,256,256,JPEG
C:/Users/conta/OneDrive/Desktop/Multiclass/data/train\fish sea_food shrimp\G1KSOMO65Q4U.jpg,fish sea_food shrimp,256,256,JPEG
C:/Users/conta/OneDrive/Desktop/Multiclass/data/train\fish sea_food shrimp\G2TJTCAT1DGR.jpg,fish sea_food shrimp,256,256,JPEG
C:/Users/conta/OneDrive/Desktop/Multiclass/data/train\fish sea_food shrimp\G3SZJ0WUUZ8E.jpg,fish sea_food shrimp,256,256,JPEG
C:/Users/conta/OneDrive/Desktop/Multiclass/data/train\fish sea_food shrimp\G4Y1XC7ET5CA.jpg,fish sea_food shrimp,256,256,JPEG
C:/Users/conta/OneDrive/Desktop/Multiclass/data/train\fish sea_food shrimp\G7TUAROZJF74.jpg,fish sea_food shrimp,256,256,JPEG
C:/Users/conta/OneDrive/Desktop/Multiclass/data/train\fish sea_food shrimp\GA6C8C4JPKMN.jpg,fish sea_food shrimp,256,256,JPEG
C:/Users/conta/OneDrive/Desktop/Multiclass/data/train\fish sea_food shrimp\GARXZVO83YDT.jpg,fish sea_food shrimp,256,256,JPEG
C:/Users/conta/OneDrive/Desktop/Multiclass/data/train\fish sea_food shrimp\GBWH7ADXYGA1.jpg,fish sea_food shrimp,256,256,JPEG
C:/Users/conta/OneDrive/Desktop/Multiclass/data/train\fish sea_food shrimp\GDAX3HQFAHNR.jpg,fish sea_food shrimp,256,256,JPEG
C:/Users/conta/OneDrive/Desktop/Multiclass/data/train\fish sea_food shrimp\GJ5T9EZVON9L.jpg,fish sea_food shrimp,256,256,JPEG
C:/Users/conta/OneDrive/Desktop/Multiclass/data/train\fish sea_food shrimp\GK373HEM4KLM.jpg,fish sea_food shrimp,256,256,JPEG
C:/Users/conta/OneDrive/Desktop/Multiclass/data/train\fish sea_food shrimp\GMKVGIBHDGOD.jpg,fish sea_food shrimp,256,256,JPEG
C:/Users/conta/OneDrive/Desktop/Multiclass/data/train\fish sea_food shrimp\GMLAT2J29OH9.jpg,fish sea_food shrimp,256,256,JPEG
C:/Users/conta/OneDrive/Desktop/Multiclass/data/train\fish sea_food shrimp\GPFVFHM5SYV8.jpg,fish sea_food shrimp,256,256,JPEG
C:/Users/conta/OneDrive/Desktop/Multiclass/data/train\fish sea_food shrimp\GPT22WP7K8U4.jpg,fish sea_food shrimp,256,256,JPEG
C:/Users/conta/OneDrive/Desktop/Multiclass/data/train\fish sea_food shrimp\GRESJEZXIK3F.jpg,fish sea_food shrimp,256,256,JPEG
C:/Users/conta/OneDrive/Desktop/Multiclass/data/train\fish sea_food shrimp\GRNXYV3TVRPV.jpg,fish sea_food shrimp,256,256,JPEG
C:/Users/conta/OneDrive/Desktop/Multiclass/data/train\fish sea_food shrimp\GUWTKKZO1ERS.jpg,fish sea_food shrimp,256,256,JPEG
C:/Users/conta/OneDrive/Desktop/Multiclass/data/train\fish sea_food shrimp\GV4VZWCUIT23.jpg,fish sea_food shrimp,256,256,JPEG
C:/Users/conta/OneDrive/Desktop/Multiclass/data/train\fish sea_food shrimp\GYERS967SAIK.jpg,fish sea_food shrimp,256,256,JPEG
C:/Users/conta/OneDrive/Desktop/Multiclass/data/train\fish sea_food shrimp\GZGHHB3GY254.jpg,fish sea_food shrimp,256,256,JPEG
C:/Users/conta/OneDrive/Desktop/Multiclass/data/train\fish sea_food shrimp\H1I4ZJ16FY1X.jpg,fish sea_food shrimp,256,256,JPEG
C:/Users/conta/OneDrive/Desktop/Multiclass/data/train\fish sea_food shrimp\H3QTNN6XXX42.jpg,fish sea_food shrimp,256,256,JPEG
C:/Users/conta/OneDrive/Desktop/Multiclass/data/train\fish sea_food shrimp\H3ZAY86B6TJE.jpg,fish sea_food shrimp,256,256,JPEG
C:/Users/conta/OneDrive/Desktop/Multiclass/data/train\fish sea_food shrimp\H50X0L5G61OW.jpg,fish sea_food shrimp,256,256,JPEG
C:/Users/conta/OneDrive/Desktop/Multiclass/data/train\fish sea_food shrimp\H7I3IT68EKHV.jpg,fish sea_food shrimp,256,256,JPEG
C:/Users/conta/OneDrive/Desktop/Multiclass/data/train\fish sea_food shrimp\HBM7M79XUUGA.jpg,fish sea_food shrimp,256,256,JPEG
C:/Users/conta/OneDrive/Desktop/Multiclass/data/train\fish sea_food shrimp\HGPM5SE1QRBT.jpg,fish sea_food shrimp,256,256,JPEG
C:/Users/conta/OneDrive/Desktop/Multiclass/data/train\fish sea_food shrimp\HGU3GRST9272.jpg,fish sea_food shrimp,256,256,JPEG
C:/Users/conta/OneDrive/Desktop/Multiclass/data/train\fish sea_food shrimp\HGZHK4IBJW82.jpg,fish sea_food shrimp,256,256,JPEG
C:/Users/conta/OneDrive/Desktop/Multiclass/data/train\fish sea_food shrimp\HHTTHOJW5PWM.jpg,fish sea_food shrimp,256,256,JPEG
C:/Users/conta/OneDrive/Desktop/Multiclass/data/train\fish sea_food shrimp\HIVP9Z3V9B8V.jpg,fish sea_food shrimp,256,256,JPEG
C:/Users/conta/OneDrive/Desktop/Multiclass/data/train\fish sea_food shrimp\HJXTBC9527E0.jpg,fish sea_food shrimp,256,256,JPEG
C:/Users/conta/OneDrive/Desktop/Multiclass/data/train\fish sea_food shrimp\HKMK6HOVCW3U.jpg,fish sea_food shrimp,256,256,JPEG
C:/Users/conta/OneDrive/Desktop/Multiclass/data/train\fish sea_food shrimp\HLMII3LD3EKS.jpg,fish sea_food shrimp,256,256,JPEG
C:/Users/conta/OneDrive/Desktop/Multiclass/data/train\fish sea_food shrimp\HM1YL7HJ7S2Z.jpg,fish sea_food shrimp,256,256,JPEG
C:/Users/conta/OneDrive/Desktop/Multiclass/data/train\fish sea_food shrimp\HU5R8N48L19G.jpg,fish sea_food shrimp,256,256,JPEG
C:/Users/conta/OneDrive/Desktop/Multiclass/data/train\fish sea_food shrimp\HVIW2A9OIGKL.jpg,fish sea_food shrimp,256,256,JPEG
C:/Users/conta/OneDrive/Desktop/Multiclass/data/train\fish sea_food shrimp\I2BI0BIOKTPS.jpg,fish sea_food shrimp,256,256,JPEG
C:/Users/conta/OneDrive/Desktop/Multiclass/data/train\fish sea_food shrimp\I4OYO9FR3Y3A.jpg,fish sea_food shrimp,256,256,JPEG
C:/Users/conta/OneDrive/Desktop/Multiclass/data/train\fish sea_food shrimp\I5S78E54NR1F.jpg,fish sea_food shrimp,256,256,JPEG
C:/Users/conta/OneDrive/Desktop/Multiclass/data/train\fish sea_food shrimp\I80Y2OSEKZTW.jpg,fish sea_food shrimp,256,256,JPEG
C:/Users/conta/OneDrive/Desktop/Multiclass/data/train\fish sea_food shrimp\IBMSBTLKXH5L.jpg,fish sea_food shrimp,256,256,JPEG
C:/Users/conta/OneDrive/Desktop/Multiclass/data/train\fish sea_food shrimp\ICZNEEPA388E.jpg,fish sea_food shrimp,256,256,JPEG
C:/Users/conta/OneDrive/Desktop/Multiclass/data/train\fish sea_food shrimp\IFSV1MATT3HF.jpg,fish sea_food shrimp,256,256,JPEG
C:/Users/conta/OneDrive/Desktop/Multiclass/data/train\fish sea_food shrimp\ILA8UUCD4DWM.jpg,fish sea_food shrimp,256,256,JPEG
C:/Users/conta/OneDrive/Desktop/Multiclass/data/train\fish sea_food shrimp\ILYKO22QV021.jpg,fish sea_food shrimp,256,256,JPEG
C:/Users/conta/OneDrive/Desktop/Multiclass/data/train\fish sea_food shrimp\IPGFNUURXZLP.jpg,fish sea_food shrimp,256,256,JPEG
C:/Users/conta/OneDrive/Desktop/Multiclass/data/train\fish sea_food shrimp\IRWY5JDL19KK.jpg,fish sea_food shrimp,256,256,JPEG
C:/Users/conta/OneDrive/Desktop/Multiclass/data/train\fish sea_food shrimp\IZVAR4YEX9YV.jpg,fish sea_food shrimp,256,256,JPEG
C:/Users/conta/OneDrive/Desktop/Multiclass/data/train\fish sea_food shrimp\IZZ235YJ14A7.jpg,fish sea_food shrimp,256,256,JPEG
C:/Users/conta/OneDrive/Desktop/Multiclass/data/train\fish sea_food shrimp\J23VC2OZ476C.jpg,fish sea_food shrimp,256,256,JPEG
C:/Users/conta/OneDrive/Desktop/Multiclass/data/train\fish sea_food shrimp\J2J6N0MUP1XG.jpg,fish sea_food shrimp,256,256,JPEG
C:/Users/conta/OneDrive/Desktop/Multiclass/data/train\fish sea_food shrimp\J7IF5J4JVVG9.jpg,fish sea_food shrimp,256,256,JPEG
C:/Users/conta/OneDrive/Desktop/Multiclass/data/train\fish sea_food shrimp\J9QY7ZLKFCKK.jpg,fish sea_food shrimp,256,256,JPEG
C:/Users/conta/OneDrive/Desktop/Multiclass/data/train\fish sea_food shrimp\JBLWV65ADMGC.jpg,fish sea_food shrimp,256,256,JPEG
C:/Users/conta/OneDrive/Desktop/Multiclass/data/train\fish sea_food shrimp\JCX4XIBKOUYG.jpg,fish sea_food shrimp,256,256,JPEG
C:/Users/conta/OneDrive/Desktop/Multiclass/data/train\fish sea_food shrimp\JD26ARD5WVJ8.jpg,fish sea_food shrimp,256,256,JPEG
C:/Users/conta/OneDrive/Desktop/Multiclass/data/train\fish sea_food shrimp\JELEVN22H6MT.jpg,fish sea_food shrimp,256,256,JPEG
C:/Users/conta/OneDrive/Desktop/Multiclass/data/train\fish sea_food shrimp\JEN4ZVQ1KRNC.jpg,fish sea_food shrimp,256,256,JPEG
C:/Users/conta/OneDrive/Desktop/Multiclass/data/train\fish sea_food shrimp\JF4YW5U2U81F.jpg,fish sea_food shrimp,256,256,JPEG
C:/Users/conta/OneDrive/Desktop/Multiclass/data/train\fish sea_food shrimp\JGKJ9O562LOC.jpg,fish sea_food shrimp,256,256,JPEG
C:/Users/conta/OneDrive/Desktop/Multiclass/data/train\fish sea_food shrimp\JHI0SZEDK4JD.jpg,fish sea_food shrimp,256,256,JPEG
C:/Users/conta/OneDrive/Desktop/Multiclass/data/train\fish sea_food shrimp\JOG59QU6KJNJ.jpg,fish sea_food shrimp,256,256,JPEG
C:/Users/conta/OneDrive/Desktop/Multiclass/data/train\fish sea_food shrimp\JOPQIP2B9YXX.jpg,fish sea_food shrimp,256,256,JPEG
C:/Users/conta/OneDrive/Desktop/Multiclass/data/train\fish sea_food shrimp\JS6FZW5AQT3H.jpg,fish sea_food shrimp,256,256,JPEG
C:/Users/conta/OneDrive/Desktop/Multiclass/data/train\fish sea_food shrimp\JV0TXLQ79KJW.jpg,fish sea_food shrimp,256,256,JPEG
C:/Users/conta/OneDrive/Desktop/Multiclass/data/train\fish sea_food shrimp\JV5RS3MOHABF.jpg,fish sea_food shrimp,256,256,JPEG
C:/Users/conta/OneDrive/Desktop/Multiclass/data/train\fish sea_food shrimp\JY1AJPXTOGW0.jpg,fish sea_food shrimp,256,256,JPEG
C:/Users/conta/OneDrive/Desktop/Multiclass/data/train\fish sea_food shrimp\JYB9D0BM9A0B.jpg,fish sea_food shrimp,256,256,JPEG
C:/Users/conta/OneDrive/Desktop/Multiclass/data/train\fish sea_food shrimp\JZPY5SEQ1V10.jpg,fish sea_food shrimp,256,256,JPEG
C:/Users/conta/OneDrive/Desktop/Multiclass/data/train\fish sea_food shrimp\K4B6AS06L76X.jpg,fish sea_food shrimp,256,256,JPEG
C:/Users/conta/OneDrive/Desktop/Multiclass/data/train\fish sea_food shrimp\K75HPZCTN3MK.jpg,fish sea_food shrimp,256,256,JPEG
C:/Users/conta/OneDrive/Desktop/Multiclass/data/train\fish sea_food shrimp\K8N2AS8RB2BQ.jpg,fish sea_food shrimp,256,256,JPEG
C:/Users/conta/OneDrive/Desktop/Multiclass/data/train\fish sea_food shrimp\KD20OXMDBBO4.jpg,fish sea_food shrimp,256,256,JPEG
C:/Users/conta/OneDrive/Desktop/Multiclass/data/train\fish sea_food shrimp\KDNYSOV2AW03.jpg,fish sea_food shrimp,256,256,JPEG
C:/Users/conta/OneDrive/Desktop/Multiclass/data/train\fish sea_food shrimp\KDQ422SA1FE2.jpg,fish sea_food shrimp,256,256,JPEG
C:/Users/conta/OneDrive/Desktop/Multiclass/data/train\fish sea_food shrimp\KFARDVBOFM2D.jpg,fish sea_food shrimp,256,256,JPEG
C:/Users/conta/OneDrive/Desktop/Multiclass/data/train\fish sea_food shrimp\KIFSJZDQ0ZHA.jpg,fish sea_food shrimp,256,256,JPEG
C:/Users/conta/OneDrive/Desktop/Multiclass/data/train\fish sea_food shrimp\KMTUYZSNA8QL.jpg,fish sea_food shrimp,256,256,JPEG
C:/Users/conta/OneDrive/Desktop/Multiclass/data/train\fish sea_food shrimp\KMW66RFDUDZ1.jpg,fish sea_food shrimp,256,256,JPEG
C:/Users/conta/OneDrive/Desktop/Multiclass/data/train\fish sea_food shrimp\KOCC8I17IDMI.jpg,fish sea_food shrimp,256,256,JPEG
C:/Users/conta/OneDrive/Desktop/Multiclass/data/train\fish sea_food shrimp\KTZGVW48DSJL.jpg,fish sea_food shrimp,256,256,JPEG
C:/Users/conta/OneDrive/Desktop/Multiclass/data/train\fish sea_food shrimp\KW7CRU1HR46H.jpg,fish sea_food shrimp,256,256,JPEG
C:/Users/conta/OneDrive/Desktop/Multiclass/data/train\fish sea_food shrimp\KXTV2IW59V11.jpg,fish sea_food shrimp,256,256,JPEG
C:/Users/conta/OneDrive/Desktop/Multiclass/data/train\fish sea_food shrimp\L1JSQGBHKA8J.jpg,fish sea_food shrimp,256,256,JPEG
C:/Users/conta/OneDrive/Desktop/Multiclass/data/train\fish sea_food shrimp\L2SNJPY3A81U.jpg,fish sea_food shrimp,256,256,JPEG
C:/Users/conta/OneDrive/Desktop/Multiclass/data/train\fish sea_food shrimp\L2X9F50DG1CP.jpg,fish sea_food shrimp,256,256,JPEG
C:/Users/conta/OneDrive/Desktop/Multiclass/data/train\fish sea_food shrimp\L41DG5KSMTFH.jpg,fish sea_food shrimp,256,256,JPEG
C:/Users/conta/OneDrive/Desktop/Multiclass/data/train\fish sea_food shrimp\L64DMWRWSC0H.jpg,fish sea_food shrimp,256,256,JPEG
C:/Users/conta/OneDrive/Desktop/Multiclass/data/train\fish sea_food shrimp\L884QSYM9052.jpg,fish sea_food shrimp,256,256,JPEG
C:/Users/conta/OneDrive/Desktop/Multiclass/data/train\fish sea_food shrimp\L8NP8E1QN8J2.jpg,fish sea_food shrimp,256,256,JPEG
C:/Users/conta/OneDrive/Desktop/Multiclass/data/train\fish sea_food shrimp\LHEUIFC0K3AZ.jpg,fish sea_food shrimp,256,256,JPEG
C:/Users/conta/OneDrive/Desktop/Multiclass/data/train\fish sea_food shrimp\LKUHCPOFTRLO.jpg,fish sea_food shrimp,256,256,JPEG
C:/Users/conta/OneDrive/Desktop/Multiclass/data/train\fish sea_food shrimp\LKX3S29DVMB1.jpg,fish sea_food shrimp,256,256,JPEG
C:/Users/conta/OneDrive/Desktop/Multiclass/data/train\fish sea_food shrimp\LML3ZSY3Q4ZE.jpg,fish sea_food shrimp,256,256,JPEG
C:/Users/conta/OneDrive/Desktop/Multiclass/data/train\fish sea_food shrimp\LPOQX15C1AAX.jpg,fish sea_food shrimp,256,256,JPEG
C:/Users/conta/OneDrive/Desktop/Multiclass/data/train\fish sea_food shrimp\LR37IOMBKQPJ.jpg,fish sea_food shrimp,256,256,JPEG
C:/Users/conta/OneDrive/Desktop/Multiclass/data/train\fish sea_food shrimp\LRW2GLK6RWN2.jpg,fish sea_food shrimp,256,256,JPEG
C:/Users/conta/OneDrive/Desktop/Multiclass/data/train\fish sea_food shrimp\LSKRE6NVNYLV.jpg,fish sea_food shrimp,256,256,JPEG
C:/Users/conta/OneDrive/Desktop/Multiclass/data/train\fish sea_food shrimp\LSOP5PB5JD3H.jpg,fish sea_food shrimp,256,256,JPEG
C:/Users/conta/OneDrive/Desktop/Multiclass/data/train\fish sea_food shrimp\LTCJEAWFQEDV.jpg,fish sea_food shrimp,256,256,JPEG
C:/Users/conta/OneDrive/Desktop/Multiclass/data/train\fish sea_food shrimp\LVQ3UYYNFBSD.jpg,fish sea_food shrimp,256,256,JPEG
C:/Users/conta/OneDrive/Desktop/Multiclass/data/train\fish sea_food shrimp\LW0FHDU712SF.jpg,fish sea_food shrimp,256,256,JPEG
C:/Users/conta/OneDrive/Desktop/Multiclass/data/train\fish sea_food shrimp\LXBTNT10Q22H.jpg,fish sea_food shrimp,256,256,JPEG
C:/Users/conta/OneDrive/Desktop/Multiclass/data/train\fish sea_food shrimp\LXVRTKNQR76P.jpg,fish sea_food shrimp,256,256,JPEG
C:/Users/conta/OneDrive/Desktop/Multiclass/data/train\fish sea_food shrimp\M16S2RLW7NLN.jpg,fish sea_food shrimp,256,256,JPEG
C:/Users/conta/OneDrive/Desktop/Multiclass/data/train\fish sea_food shrimp\M4K9DAXABD6C.jpg,fish sea_food shrimp,256,256,JPEG
C:/Users/conta/OneDrive/Desktop/Multiclass/data/train\fish sea_food shrimp\M6C3YG9O5Z69.jpg,fish sea_food shrimp,256,256,JPEG
C:/Users/conta/OneDrive/Desktop/Multiclass/data/train\fish sea_food shrimp\MA5B5JKQOUNX.jpg,fish sea_food shrimp,256,256,JPEG
C:/Users/conta/OneDrive/Desktop/Multiclass/data/train\fish sea_food shrimp\MBTQ27EMDP71.jpg,fish sea_food shrimp,256,256,JPEG
C:/Users/conta/OneDrive/Desktop/Multiclass/data/train\fish sea_food shrimp\MF30O3XIX7Z7.jpg,fish sea_food shrimp,256,256,JPEG
C:/Users/conta/OneDrive/Desktop/Multiclass/data/train\fish sea_food shrimp\MOKU2DSLUZR5.jpg,fish sea_food shrimp,256,256,JPEG
C:/Users/conta/OneDrive/Desktop/Multiclass/data/train\fish sea_food shrimp\MOT86MMM2LRG.jpg,fish sea_food shrimp,256,256,JPEG
C:/Users/conta/OneDrive/Desktop/Multiclass/data/train\fish sea_food shrimp\MQCSJOOZYXWQ.jpg,fish sea_food shrimp,256,256,JPEG
C:/Users/conta/OneDrive/Desktop/Multiclass/data/train\fish sea_food shrimp\MQP3KRTNKJKO.jpg,fish sea_food shrimp,256,256,JPEG
C:/Users/conta/OneDrive/Desktop/Multiclass/data/train\fish sea_food shrimp\MYPBH3I1QBGL.jpg,fish sea_food shrimp,256,256,JPEG
C:/Users/conta/OneDrive/Desktop/Multiclass/data/train\fish sea_food shrimp\N0OJWMSKALGU.jpg,fish sea_food shrimp,256,256,JPEG
C:/Users/conta/OneDrive/Desktop/Multiclass/data/train\fish sea_food shrimp\N2USA6VKFSPF.jpg,fish sea_food shrimp,256,256,JPEG
C:/Users/conta/OneDrive/Desktop/Multiclass/data/train\fish sea_food shrimp\N353NPJSEA0C.jpg,fish sea_food shrimp,256,256,JPEG
C:/Users/conta/OneDrive/Desktop/Multiclass/data/train\fish sea_food shrimp\N8XIZOFNEHEP.jpg,fish sea_food shrimp,256,256,JPEG
C:/Users/conta/OneDrive/Desktop/Multiclass/data/train\fish sea_food shrimp\N92IALOG6ZFI.jpg,fish sea_food shrimp,256,256,JPEG
C:/Users/conta/OneDrive/Desktop/Multiclass/data/train\fish sea_food shrimp\NADHIDYRREKS.jpg,fish sea_food shrimp,256,256,JPEG
C:/Users/conta/OneDrive/Desktop/Multiclass/data/train\fish sea_food shrimp\NCWEUTLM6TPI.jpg,fish sea_food shrimp,256,256,JPEG
C:/Users/conta/OneDrive/Desktop/Multiclass/data/train\fish sea_food shrimp\NCWGH4AIQXFE.jpg,fish sea_food shrimp,256,256,JPEG
C:/Users/conta/OneDrive/Desktop/Multiclass/data/train\fish sea_food shrimp\NEMV1AJXNXKN.jpg,fish sea_food shrimp,256,256,JPEG
C:/Users/conta/OneDrive/Desktop/Multiclass/data/train\fish sea_food shrimp\NEQI8LRR68Y4.jpg,fish sea_food shrimp,256,256,JPEG
C:/Users/conta/OneDrive/Desktop/Multiclass/data/train\fish sea_food shrimp\NJTNLOM8K79Q.jpg,fish sea_food shrimp,256,256,JPEG
C:/Users/conta/OneDrive/Desktop/Multiclass/data/train\fish sea_food shrimp\NNF0WCCMAIR6.jpg,fish sea_food shrimp,256,256,JPEG
C:/Users/conta/OneDrive/Desktop/Multiclass/data/train\fish sea_food shrimp\NPJ38DMA0GFE.jpg,fish sea_food shrimp,256,256,JPEG
C:/Users/conta/OneDrive/Desktop/Multiclass/data/train\fish sea_food shrimp\NSRKDLG1UDAU.jpg,fish sea_food shrimp,256,256,JPEG
C:/Users/conta/OneDrive/Desktop/Multiclass/data/train\fish sea_food shrimp\NT8NT0UU2731.jpg,fish sea_food shrimp,256,256,JPEG
C:/Users/conta/OneDrive/Desktop/Multiclass/data/train\fish sea_food shrimp\NVLK5RWANR99.jpg,fish sea_food shrimp,256,256,JPEG
C:/Users/conta/OneDrive/Desktop/Multiclass/data/train\fish sea_food shrimp\NVVSK5T0648I.jpg,fish sea_food shrimp,256,256,JPEG
C:/Users/conta/OneDrive/Desktop/Multiclass/data/train\fish sea_food shrimp\O10VIAU5G2OB.jpg,fish sea_food shrimp,256,256,JPEG
C:/Users/conta/OneDrive/Desktop/Multiclass/data/train\fish sea_food shrimp\O393VOBD5MQS.jpg,fish sea_food shrimp,256,256,JPEG
C:/Users/conta/OneDrive/Desktop/Multiclass/data/train\fish sea_food shrimp\O7XY70VCJTZI.jpg,fish sea_food shrimp,256,256,JPEG
C:/Users/conta/OneDrive/Desktop/Multiclass/data/train\fish sea_food shrimp\O885RF2AMYKF.jpg,fish sea_food shrimp,256,256,JPEG
C:/Users/conta/OneDrive/Desktop/Multiclass/data/train\fish sea_food shrimp\O92NK6VUD81N.jpg,fish sea_food shrimp,256,256,JPEG
C:/Users/conta/OneDrive/Desktop/Multiclass/data/train\fish sea_food shrimp\O9U948G3YMBH.jpg,fish sea_food shrimp,256,256,JPEG
C:/Users/conta/OneDrive/Desktop/Multiclass/data/train\fish sea_food shrimp\OA8AKH8KRPJX.jpg,fish sea_food shrimp,256,256,JPEG
C:/Users/conta/OneDrive/Desktop/Multiclass/data/train\fish sea_food shrimp\ODF84P0DROQX.jpg,fish sea_food shrimp,256,256,JPEG
C:/Users/conta/OneDrive/Desktop/Multiclass/data/train\fish sea_food shrimp\OJ0RH634B6TD.jpg,fish sea_food shrimp,256,256,JPEG
C:/Users/conta/OneDrive/Desktop/Multiclass/data/train\fish sea_food shrimp\OJ5UM6CX6F04.jpg,fish sea_food shrimp,256,256,JPEG
C:/Users/conta/OneDrive/Desktop/Multiclass/data/train\fish sea_food shrimp\OK5TVH47RYB4.jpg,fish sea_food shrimp,256,256,JPEG
C:/Users/conta/OneDrive/Desktop/Multiclass/data/train\fish sea_food shrimp\OM6YLY4YDXY6.jpg,fish sea_food shrimp,256,256,JPEG
C:/Users/conta/OneDrive/Desktop/Multiclass/data/train\fish sea_food shrimp\ORQ9XCLWO94H.jpg,fish sea_food shrimp,256,256,JPEG
C:/Users/conta/OneDrive/Desktop/Multiclass/data/train\fish sea_food shrimp\OVDFL7KUZOKR.jpg,fish sea_food shrimp,256,256,JPEG
C:/Users/conta/OneDrive/Desktop/Multiclass/data/train\fish sea_food shrimp\OW2LKS1X0ZEP.jpg,fish sea_food shrimp,256,256,JPEG
C:/Users/conta/OneDrive/Desktop/Multiclass/data/train\fish sea_food shrimp\OYAW03CR7D4B.jpg,fish sea_food shrimp,256,256,JPEG
C:/Users/conta/OneDrive/Desktop/Multiclass/data/train\fish sea_food shrimp\OZISLN4Y2BGG.jpg,fish sea_food shrimp,256,256,JPEG
C:/Users/conta/OneDrive/Desktop/Multiclass/data/train\fish sea_food shrimp\P0JBHYK0N1SE.jpg,fish sea_food shrimp,256,256,JPEG
C:/Users/conta/OneDrive/Desktop/Multiclass/data/train\fish sea_food shrimp\P1LK0RRKKZR3.jpg,fish sea_food shrimp,256,256,JPEG
C:/Users/conta/OneDrive/Desktop/Multiclass/data/train\fish sea_food shrimp\P1RBSCCYW6N4.jpg,fish sea_food shrimp,256,256,JPEG
C:/Users/conta/OneDrive/Desktop/Multiclass/data/train\fish sea_food shrimp\P4XHODOK9LG3.jpg,fish sea_food shrimp,256,256,JPEG
C:/Users/conta/OneDrive/Desktop/Multiclass/data/train\fish sea_food shrimp\P639M7MQZFMX.jpg,fish sea_food shrimp,256,256,JPEG
C:/Users/conta/OneDrive/Desktop/Multiclass/data/train\fish sea_food shrimp\P68G4FXI2EKM.jpg,fish sea_food shrimp,256,256,JPEG
C:/Users/conta/OneDrive/Desktop/Multiclass/data/train\fish sea_food shrimp\P73L3ZXA9GBW.jpg,fish sea_food shrimp,256,256,JPEG
C:/Users/conta/OneDrive/Desktop/Multiclass/data/train\fish sea_food shrimp\PC4ZFIOBZD49.jpg,fish sea_food shrimp,256,256,JPEG
C:/Users/conta/OneDrive/Desktop/Multiclass/data/train\fish sea_food shrimp\PF5KOA07LA42.jpg,fish sea_food shrimp,256,256,JPEG
C:/Users/conta/OneDrive/Desktop/Multiclass/data/train\fish sea_food shrimp\PH8DQY15U4DY.jpg,fish sea_food shrimp,256,256,JPEG
C:/Users/conta/OneDrive/Desktop/Multiclass/data/train\fish sea_food shrimp\PJZRIQKOQVF2.jpg,fish sea_food shrimp,256,256,JPEG
C:/Users/conta/OneDrive/Desktop/Multiclass/data/train\fish sea_food shrimp\PLF7KKQJ6OG6.jpg,fish sea_food shrimp,256,256,JPEG
C:/Users/conta/OneDrive/Desktop/Multiclass/data/train\fish sea_food shrimp\PMWURTH9NFW8.jpg,fish sea_food shrimp,256,256,JPEG
C:/Users/conta/OneDrive/Desktop/Multiclass/data/train\fish sea_food shrimp\PPF8XZ11IEVX.jpg,fish sea_food shrimp,256,256,JPEG
C:/Users/conta/OneDrive/Desktop/Multiclass/data/train\fish sea_food shrimp\PT22PTZ6DMCA.jpg,fish sea_food shrimp,256,256,JPEG
C:/Users/conta/OneDrive/Desktop/Multiclass/data/train\fish sea_food shrimp\PUBQI1I696BW.jpg,fish sea_food shrimp,256,256,JPEG
C:/Users/conta/OneDrive/Desktop/Multiclass/data/train\fish sea_food shrimp\PXPCUCTEOYXX.jpg,fish sea_food shrimp,256,256,JPEG
C:/Users/conta/OneDrive/Desktop/Multiclass/data/train\fish sea_food shrimp\PXS084OJA9I4.jpg,fish sea_food shrimp,256,256,JPEG
C:/Users/conta/OneDrive/Desktop/Multiclass/data/train\fish sea_food shrimp\PXUC0QSJPNU3.jpg,fish sea_food shrimp,256,256,JPEG
C:/Users/conta/OneDrive/Desktop/Multiclass/data/train\fish sea_food shrimp\PXUJX7SVVVJR.jpg,fish sea_food shrimp,256,256,JPEG
C:/Users/conta/OneDrive/Desktop/Multiclass/data/train\fish sea_food shrimp\Q0A4ICB000JA.jpg,fish sea_food shrimp,256,256,JPEG
C:/Users/conta/OneDrive/Desktop/Multiclass/data/train\fish sea_food shrimp\Q26KKA4FJQT4.jpg,fish sea_food shrimp,256,256,JPEG
C:/Users/conta/OneDrive/Desktop/Multiclass/data/train\fish sea_food shrimp\Q31PCJP4GGTS.jpg,fish sea_food shrimp,256,256,JPEG
C:/Users/conta/OneDrive/Desktop/Multiclass/data/train\fish sea_food shrimp\Q4VZRZVEREOU.jpg,fish sea_food shrimp,256,256,JPEG
C:/Users/conta/OneDrive/Desktop/Multiclass/data/train\fish sea_food shrimp\QB0OC8UAV5J3.jpg,fish sea_food shrimp,256,256,JPEG
C:/Users/conta/OneDrive/Desktop/Multiclass/data/train\fish sea_food shrimp\QFUH58IN4NTO.jpg,fish sea_food shrimp,256,256,JPEG
C:/Users/conta/OneDrive/Desktop/Multiclass/data/train\fish sea_food shrimp\QISNKE2AWZ29.jpg,fish sea_food shrimp,256,256,JPEG
C:/Users/conta/OneDrive/Desktop/Multiclass/data/train\fish sea_food shrimp\QJPUGDXHEN5D.jpg,fish sea_food shrimp,256,256,JPEG
C:/Users/conta/OneDrive/Desktop/Multiclass/data/train\fish sea_food shrimp\QJYMAO6U8RTR.jpg,fish sea_food shrimp,256,256,JPEG
C:/Users/conta/OneDrive/Desktop/Multiclass/data/train\fish sea_food shrimp\QLG6QOJBEAV7.jpg,fish sea_food shrimp,256,256,JPEG
C:/Users/conta/OneDrive/Desktop/Multiclass/data/train\fish sea_food shrimp\QO4Y0M6HXV3Q.jpg,fish sea_food shrimp,256,256,JPEG
C:/Users/conta/OneDrive/Desktop/Multiclass/data/train\fish sea_food shrimp\QPGFMW35540I.jpg,fish sea_food shrimp,256,256,JPEG
C:/Users/conta/OneDrive/Desktop/Multiclass/data/train\fish sea_food shrimp\QRB7RG2W4T57.jpg,fish sea_food shrimp,256,256,JPEG
C:/Users/conta/OneDrive/Desktop/Multiclass/data/train\fish sea_food shrimp\QY0QFUNRYVYI.jpg,fish sea_food shrimp,256,256,JPEG
C:/Users/conta/OneDrive/Desktop/Multiclass/data/train\fish sea_food shrimp\R2AAH6E386LV.jpg,fish sea_food shrimp,256,256,JPEG
C:/Users/conta/OneDrive/Desktop/Multiclass/data/train\fish sea_food shrimp\R8GGNP3O8FK7.jpg,fish sea_food shrimp,256,256,JPEG
C:/Users/conta/OneDrive/Desktop/Multiclass/data/train\fish sea_food shrimp\R9ZKHZTED0L0.jpg,fish sea_food shrimp,256,256,JPEG
C:/Users/conta/OneDrive/Desktop/Multiclass/data/train\fish sea_food shrimp\RAF4FL1KP6OM.jpg,fish sea_food shrimp,256,256,JPEG
C:/Users/conta/OneDrive/Desktop/Multiclass/data/train\fish sea_food shrimp\RFOB4ABFCVLU.jpg,fish sea_food shrimp,256,256,JPEG
C:/Users/conta/OneDrive/Desktop/Multiclass/data/train\fish sea_food shrimp\RG7LRW4PLASR.jpg,fish sea_food shrimp,256,256,JPEG
C:/Users/conta/OneDrive/Desktop/Multiclass/data/train\fish sea_food shrimp\RNE65V0EWV9M.jpg,fish sea_food shrimp,256,256,JPEG
C:/Users/conta/OneDrive/Desktop/Multiclass/data/train\fish sea_food shrimp\RNGQ2UGQ9D5W.jpg,fish sea_food shrimp,256,256,JPEG
C:/Users/conta/OneDrive/Desktop/Multiclass/data/train\fish sea_food shrimp\RRFNVCZOK83O.jpg,fish sea_food shrimp,256,256,JPEG
C:/Users/conta/OneDrive/Desktop/Multiclass/data/train\fish sea_food shrimp\RSQ3N7ESDNXX.jpg,fish sea_food shrimp,256,256,JPEG
C:/Users/conta/OneDrive/Desktop/Multiclass/data/train\fish sea_food shrimp\RXYKA6Z008YP.jpg,fish sea_food shrimp,256,256,JPEG
C:/Users/conta/OneDrive/Desktop/Multiclass/data/train\fish sea_food shrimp\RYF7XROAUXGV.jpg,fish sea_food shrimp,256,256,JPEG
C:/Users/conta/OneDrive/Desktop/Multiclass/data/train\fish sea_food shrimp\RZCLUBY2EA54.jpg,fish sea_food shrimp,256,256,JPEG
C:/Users/conta/OneDrive/Desktop/Multiclass/data/train\fish sea_food shrimp\S0G1LFFQFFS6.jpg,fish sea_food shrimp,256,256,JPEG
C:/Users/conta/OneDrive/Desktop/Multiclass/data/train\fish sea_food shrimp\S1WYC1CPRAWE.jpg,fish sea_food shrimp,256,256,JPEG
C:/Users/conta/OneDrive/Desktop/Multiclass/data/train\fish sea_food shrimp\S3BO6PN5M9HO.jpg,fish sea_food shrimp,256,256,JPEG
C:/Users/conta/OneDrive/Desktop/Multiclass/data/train\fish sea_food shrimp\S5T2LDB8JZ2N.jpg,fish sea_food shrimp,256,256,JPEG
C:/Users/conta/OneDrive/Desktop/Multiclass/data/train\fish sea_food shrimp\S6DXJ9P763R8.jpg,fish sea_food shrimp,256,256,JPEG
C:/Users/conta/OneDrive/Desktop/Multiclass/data/train\fish sea_food shrimp\S6KV2S1BVRDJ.jpg,fish sea_food shrimp,256,256,JPEG
C:/Users/conta/OneDrive/Desktop/Multiclass/data/train\fish sea_food shrimp\S7FXBFJZC0ML.jpg,fish sea_food shrimp,256,256,JPEG
C:/Users/conta/OneDrive/Desktop/Multiclass/data/train\fish sea_food shrimp\S96DLM1KHTHA.jpg,fish sea_food shrimp,256,256,JPEG
C:/Users/conta/OneDrive/Desktop/Multiclass/data/train\fish sea_food shrimp\SAM4QAV84YN2.jpg,fish sea_food shrimp,256,256,JPEG
C:/Users/conta/OneDrive/Desktop/Multiclass/data/train\fish sea_food shrimp\SDALX79VLS19.jpg,fish sea_food shrimp,256,256,JPEG
C:/Users/conta/OneDrive/Desktop/Multiclass/data/train\fish sea_food shrimp\SF33M6HQNLBF.jpg,fish sea_food shrimp,256,256,JPEG
C:/Users/conta/OneDrive/Desktop/Multiclass/data/train\fish sea_food shrimp\SGPHOD5PNHRI.jpg,fish sea_food shrimp,256,256,JPEG
C:/Users/conta/OneDrive/Desktop/Multiclass/data/train\fish sea_food shrimp\SLAJJ5Z8U7K5.jpg,fish sea_food shrimp,256,256,JPEG
C:/Users/conta/OneDrive/Desktop/Multiclass/data/train\fish sea_food shrimp\SNBRYC3BUWP7.jpg,fish sea_food shrimp,256,256,JPEG
C:/Users/conta/OneDrive/Desktop/Multiclass/data/train\fish sea_food shrimp\ST1ABVC4OTAB.jpg,fish sea_food shrimp,256,256,JPEG
C:/Users/conta/OneDrive/Desktop/Multiclass/data/train\fish sea_food shrimp\SV28LSXJWS9P.jpg,fish sea_food shrimp,256,256,JPEG
C:/Users/conta/OneDrive/Desktop/Multiclass/data/train\fish sea_food shrimp\SXR7YP1X9SR1.jpg,fish sea_food shrimp,256,256,JPEG
C:/Users/conta/OneDrive/Desktop/Multiclass/data/train\fish sea_food shrimp\SZXL4UMH1WFX.jpg,fish sea_food shrimp,256,256,JPEG
C:/Users/conta/OneDrive/Desktop/Multiclass/data/train\fish sea_food shrimp\T6SDD3RFIP9H.jpg,fish sea_food shrimp,256,256,JPEG
C:/Users/conta/OneDrive/Desktop/Multiclass/data/train\fish sea_food shrimp\T7315HDUENE7.jpg,fish sea_food shrimp,256,256,JPEG
C:/Users/conta/OneDrive/Desktop/Multiclass/data/train\fish sea_food shrimp\T79IXES4J6KN.jpg,fish sea_food shrimp,256,256,JPEG
C:/Users/conta/OneDrive/Desktop/Multiclass/data/train\fish sea_food shrimp\T96YTQV6EEU3.jpg,fish sea_food shrimp,256,256,JPEG
C:/Users/conta/OneDrive/Desktop/Multiclass/data/train\fish sea_food shrimp\TD5AQOR3BN5R.jpg,fish sea_food shrimp,256,256,JPEG
C:/Users/conta/OneDrive/Desktop/Multiclass/data/train\fish sea_food shrimp\TE2Y7VAACD5A.jpg,fish sea_food shrimp,256,256,JPEG
C:/Users/conta/OneDrive/Desktop/Multiclass/data/train\fish sea_food shrimp\TEEJYYCQQFUR.jpg,fish sea_food shrimp,256,256,JPEG
C:/Users/conta/OneDrive/Desktop/Multiclass/data/train\fish sea_food shrimp\TFKIVLOAEW5B.jpg,fish sea_food shrimp,256,256,JPEG
C:/Users/conta/OneDrive/Desktop/Multiclass/data/train\fish sea_food shrimp\TFWIHNLHVJNK.jpg,fish sea_food shrimp,256,256,JPEG
C:/Users/conta/OneDrive/Desktop/Multiclass/data/train\fish sea_food shrimp\TIVQMW1SIZYG.jpg,fish sea_food shrimp,256,256,JPEG
C:/Users/conta/OneDrive/Desktop/Multiclass/data/train\fish sea_food shrimp\TMIHCRO763EE.jpg,fish sea_food shrimp,256,256,JPEG
C:/Users/conta/OneDrive/Desktop/Multiclass/data/train\fish sea_food shrimp\TNE8WA8LEPPD.jpg,fish sea_food shrimp,256,256,JPEG
C:/Users/conta/OneDrive/Desktop/Multiclass/data/train\fish sea_food shrimp\TQ2IY6524HT6.jpg,fish sea_food shrimp,256,256,JPEG
C:/Users/conta/OneDrive/Desktop/Multiclass/data/train\fish sea_food shrimp\TT5YFVW8286P.jpg,fish sea_food shrimp,256,256,JPEG
C:/Users/conta/OneDrive/Desktop/Multiclass/data/train\fish sea_food shrimp\TV2BPKZC7936.jpg,fish sea_food shrimp,256,256,JPEG
C:/Users/conta/OneDrive/Desktop/Multiclass/data/train\fish sea_food shrimp\TVL20QXX4U9S.jpg,fish sea_food shrimp,256,256,JPEG
C:/Users/conta/OneDrive/Desktop/Multiclass/data/train\fish sea_food shrimp\U1EL291PRF08.jpg,fish sea_food shrimp,256,256,JPEG
C:/Users/conta/OneDrive/Desktop/Multiclass/data/train\fish sea_food shrimp\U2B0U9HGRM34.jpg,fish sea_food shrimp,256,256,JPEG
C:/Users/conta/OneDrive/Desktop/Multiclass/data/train\fish sea_food shrimp\U5ED0B6XRK6Y.jpg,fish sea_food shrimp,256,256,JPEG
C:/Users/conta/OneDrive/Desktop/Multiclass/data/train\fish sea_food shrimp\U61ZYPFQWNAY.jpg,fish sea_food shrimp,256,256,JPEG
C:/Users/conta/OneDrive/Desktop/Multiclass/data/train\fish sea_food shrimp\UA0M6G5W38GZ.jpg,fish sea_food shrimp,256,256,JPEG
C:/Users/conta/OneDrive/Desktop/Multiclass/data/train\fish sea_food shrimp\UCANK7TB7YL0.jpg,fish sea_food shrimp,256,256,JPEG
C:/Users/conta/OneDrive/Desktop/Multiclass/data/train\fish sea_food shrimp\UD0EWQ2MXZEL.jpg,fish sea_food shrimp,256,256,JPEG
C:/Users/conta/OneDrive/Desktop/Multiclass/data/train\fish sea_food shrimp\UFU7KE9EH4FZ.jpg,fish sea_food shrimp,256,256,JPEG
C:/Users/conta/OneDrive/Desktop/Multiclass/data/train\fish sea_food shrimp\UKPCDEVIMXN5.jpg,fish sea_food shrimp,256,256,JPEG
C:/Users/conta/OneDrive/Desktop/Multiclass/data/train\fish sea_food shrimp\UOBU0XHR1B44.jpg,fish sea_food shrimp,256,256,JPEG
C:/Users/conta/OneDrive/Desktop/Multiclass/data/train\fish sea_food shrimp\UPF3ZRCH7GXK.jpg,fish sea_food shrimp,256,256,JPEG
C:/Users/conta/OneDrive/Desktop/Multiclass/data/train\fish sea_food shrimp\UQNDB7R85XW9.jpg,fish sea_food shrimp,256,256,JPEG
C:/Users/conta/OneDrive/Desktop/Multiclass/data/train\fish sea_food shrimp\UV0XVTOLM7TV.jpg,fish sea_food shrimp,256,256,JPEG
C:/Users/conta/OneDrive/Desktop/Multiclass/data/train\fish sea_food shrimp\UYH8WY93K489.jpg,fish sea_food shrimp,256,256,JPEG
C:/Users/conta/OneDrive/Desktop/Multiclass/data/train\fish sea_food shrimp\V1NL5V5IS69O.jpg,fish sea_food shrimp,256,256,JPEG
C:/Users/conta/OneDrive/Desktop/Multiclass/data/train\fish sea_food shrimp\V6H62V7YN043.jpg,fish sea_food shrimp,256,256,JPEG
C:/Users/conta/OneDrive/Desktop/Multiclass/data/train\fish sea_food shrimp\V9W9CEGYCWG5.jpg,fish sea_food shrimp,256,256,JPEG
C:/Users/conta/OneDrive/Desktop/Multiclass/data/train\fish sea_food shrimp\VAMC7DV8HSU9.jpg,fish sea_food shrimp,256,256,JPEG
C:/Users/conta/OneDrive/Desktop/Multiclass/data/train\fish sea_food shrimp\VBCWF8W664QI.jpg,fish sea_food shrimp,256,256,JPEG
C:/Users/conta/OneDrive/Desktop/Multiclass/data/train\fish sea_food shrimp\VGS4PF6EJJ0T.jpg,fish sea_food shrimp,256,256,JPEG
C:/Users/conta/OneDrive/Desktop/Multiclass/data/train\fish sea_food shrimp\VITWQS0JMRT2.jpg,fish sea_food shrimp,256,256,JPEG
C:/Users/conta/OneDrive/Desktop/Multiclass/data/train\fish sea_food shrimp\VO5BY53TRA40.jpg,fish sea_food shrimp,256,256,JPEG
C:/Users/conta/OneDrive/Desktop/Multiclass/data/train\fish sea_food shrimp\VOLSWVPXYIOJ.jpg,fish sea_food shrimp,256,256,JPEG
C:/Users/conta/OneDrive/Desktop/Multiclass/data/train\fish sea_food shrimp\VPC7W63H3Y6E.jpg,fish sea_food shrimp,256,256,JPEG
C:/Users/conta/OneDrive/Desktop/Multiclass/data/train\fish sea_food shrimp\VPC89AN0IX9O.jpg,fish sea_food shrimp,256,256,JPEG
C:/Users/conta/OneDrive/Desktop/Multiclass/data/train\fish sea_food shrimp\VTAHPLLE43TE.jpg,fish sea_food shrimp,256,256,JPEG
C:/Users/conta/OneDrive/Desktop/Multiclass/data/train\fish sea_food shrimp\VW13QWV8LPAO.jpg,fish sea_food shrimp,256,256,JPEG
C:/Users/conta/OneDrive/Desktop/Multiclass/data/train\fish sea_food shrimp\VW4LRGSQEFSM.jpg,fish sea_food shrimp,256,256,JPEG
C:/Users/conta/OneDrive/Desktop/Multiclass/data/train\fish sea_food shrimp\VX4PNHLFUB5Q.jpg,fish sea_food shrimp,256,256,JPEG
C:/Users/conta/OneDrive/Desktop/Multiclass/data/train\fish sea_food shrimp\VYKSTWOREBBY.jpg,fish sea_food shrimp,256,256,JPEG
C:/Users/conta/OneDrive/Desktop/Multiclass/data/train\fish sea_food shrimp\W5I4M5CBV7GO.jpg,fish sea_food shrimp,256,256,JPEG
C:/Users/conta/OneDrive/Desktop/Multiclass/data/train\fish sea_food shrimp\W67TPA8LRS2H.jpg,fish sea_food shrimp,256,256,JPEG
C:/Users/conta/OneDrive/Desktop/Multiclass/data/train\fish sea_food shrimp\W69C3P7P6FWK.jpg,fish sea_food shrimp,256,256,JPEG
C:/Users/conta/OneDrive/Desktop/Multiclass/data/train\fish sea_food shrimp\W8AUXGEP7260.jpg,fish sea_food shrimp,256,256,JPEG
C:/Users/conta/OneDrive/Desktop/Multiclass/data/train\fish sea_food shrimp\WCLIXBMAZ3WJ.jpg,fish sea_food shrimp,256,256,JPEG
C:/Users/conta/OneDrive/Desktop/Multiclass/data/train\fish sea_food shrimp\WD42YRKGXNZL.jpg,fish sea_food shrimp,256,256,JPEG
C:/Users/conta/OneDrive/Desktop/Multiclass/data/train\fish sea_food shrimp\WFFOKVHFYHHG.jpg,fish sea_food shrimp,256,256,JPEG
C:/Users/conta/OneDrive/Desktop/Multiclass/data/train\fish sea_food shrimp\WGCSN4G78540.jpg,fish sea_food shrimp,256,256,JPEG
C:/Users/conta/OneDrive/Desktop/Multiclass/data/train\fish sea_food shrimp\WMGLUIVLYXBS.jpg,fish sea_food shrimp,256,256,JPEG
C:/Users/conta/OneDrive/Desktop/Multiclass/data/train\fish sea_food shrimp\WMJ3YX242SHE.jpg,fish sea_food shrimp,256,256,JPEG
C:/Users/conta/OneDrive/Desktop/Multiclass/data/train\fish sea_food shrimp\WRQ4SO8VYQVT.jpg,fish sea_food shrimp,256,256,JPEG
C:/Users/conta/OneDrive/Desktop/Multiclass/data/train\fish sea_food shrimp\WYUKB5Z7TK8K.jpg,fish sea_food shrimp,256,256,JPEG
C:/Users/conta/OneDrive/Desktop/Multiclass/data/train\fish sea_food shrimp\WYX3WRG2TGV0.jpg,fish sea_food shrimp,256,256,JPEG
C:/Users/conta/OneDrive/Desktop/Multiclass/data/train\fish sea_food shrimp\X1AH7S9M2R4M.jpg,fish sea_food shrimp,256,256,JPEG
C:/Users/conta/OneDrive/Desktop/Multiclass/data/train\fish sea_food shrimp\X5LMDSFP8HWG.jpg,fish sea_food shrimp,256,256,JPEG
C:/Users/conta/OneDrive/Desktop/Multiclass/data/train\fish sea_food shrimp\X9374RU28HIE.jpg,fish sea_food shrimp,256,256,JPEG
C:/Users/conta/OneDrive/Desktop/Multiclass/data/train\fish sea_food shrimp\XA2MC9GQLPAF.jpg,fish sea_food shrimp,256,256,JPEG
C:/Users/conta/OneDrive/Desktop/Multiclass/data/train\fish sea_food shrimp\XAQ5931RMZZ9.jpg,fish sea_food shrimp,256,256,JPEG
C:/Users/conta/OneDrive/Desktop/Multiclass/data/train\fish sea_food shrimp\XF2VYW7XRA5L.jpg,fish sea_food shrimp,256,256,JPEG
C:/Users/conta/OneDrive/Desktop/Multiclass/data/train\fish sea_food shrimp\XIDQJO3L2IX1.jpg,fish sea_food shrimp,256,256,JPEG
C:/Users/conta/OneDrive/Desktop/Multiclass/data/train\fish sea_food shrimp\XJZ83KGXU2VA.jpg,fish sea_food shrimp,256,256,JPEG
C:/Users/conta/OneDrive/Desktop/Multiclass/data/train\fish sea_food shrimp\XP1O5CJBSXX0.jpg,fish sea_food shrimp,256,256,JPEG
C:/Users/conta/OneDrive/Desktop/Multiclass/data/train\fish sea_food shrimp\XPUSAVBIDUEA.jpg,fish sea_food shrimp,256,256,JPEG
C:/Users/conta/OneDrive/Desktop/Multiclass/data/train\fish sea_food shrimp\XQ7VF7OPDU7E.jpg,fish sea_food shrimp,256,256,JPEG
C:/Users/conta/OneDrive/Desktop/Multiclass/data/train\fish sea_food shrimp\XTAUN9P7PG5O.jpg,fish sea_food shrimp,256,256,JPEG
C:/Users/conta/OneDrive/Desktop/Multiclass/data/train\fish sea_food shrimp\XVNAW5MZIH0U.jpg,fish sea_food shrimp,256,256,JPEG
C:/Users/conta/OneDrive/Desktop/Multiclass/data/train\fish sea_food shrimp\Y2979L471Z5E.jpg,fish sea_food shrimp,256,256,JPEG
C:/Users/conta/OneDrive/Desktop/Multiclass/data/train\fish sea_food shrimp\Y6U1A8GB87RB.jpg,fish sea_food shrimp,256,256,JPEG
C:/Users/conta/OneDrive/Desktop/Multiclass/data/train\fish sea_food shrimp\Y8FUW18YB7QV.jpg,fish sea_food shrimp,256,256,JPEG
C:/Users/conta/OneDrive/Desktop/Multiclass/data/train\fish sea_food shrimp\YA8OI59Q0I2H.jpg,fish sea_food shrimp,256,256,JPEG
C:/Users/conta/OneDrive/Desktop/Multiclass/data/train\fish sea_food shrimp\YC93XERYFX5J.jpg,fish sea_food shrimp,256,256,JPEG
C:/Users/conta/OneDrive/Desktop/Multiclass/data/train\fish sea_food shrimp\YCTBXGPRMRSJ.jpg,fish sea_food shrimp,256,256,JPEG
C:/Users/conta/OneDrive/Desktop/Multiclass/data/train\fish sea_food shrimp\YE0JM9FNXXNQ.jpg,fish sea_food shrimp,256,256,JPEG
C:/Users/conta/OneDrive/Desktop/Multiclass/data/train\fish sea_food shrimp\YHD5FOIYM6E0.jpg,fish sea_food shrimp,256,256,JPEG
C:/Users/conta/OneDrive/Desktop/Multiclass/data/train\fish sea_food shrimp\YKZL7LV6PSK4.jpg,fish sea_food shrimp,256,256,JPEG
C:/Users/conta/OneDrive/Desktop/Multiclass/data/train\fish sea_food shrimp\YOP1N9VSW67I.jpg,fish sea_food shrimp,256,256,JPEG
C:/Users/conta/OneDrive/Desktop/Multiclass/data/train\fish sea_food shrimp\YQL66T82QWI1.jpg,fish sea_food shrimp,256,256,JPEG
C:/Users/conta/OneDrive/Desktop/Multiclass/data/train\fish sea_food shrimp\YT7JWDVEDZJL.jpg,fish sea_food shrimp,256,256,JPEG
C:/Users/conta/OneDrive/Desktop/Multiclass/data/train\fish sea_food shrimp\YU06Q2LTLYV1.jpg,fish sea_food shrimp,256,256,JPEG
C:/Users/conta/OneDrive/Desktop/Multiclass/data/train\fish sea_food shrimp\YVNYNS6NACR1.jpg,fish sea_food shrimp,256,256,JPEG
C:/Users/conta/OneDrive/Desktop/Multiclass/data/train\fish sea_food shrimp\YXXDCTU06GUC.jpg,fish sea_food shrimp,256,256,JPEG
C:/Users/conta/OneDrive/Desktop/Multiclass/data/train\fish sea_food shrimp\Z0OB3NTLGZ9D.jpg,fish sea_food shrimp,256,256,JPEG
C:/Users/conta/OneDrive/Desktop/Multiclass/data/train\fish sea_food shrimp\Z0XFU0W6P2GW.jpg,fish sea_food shrimp,256,256,JPEG
C:/Users/conta/OneDrive/Desktop/Multiclass/data/train\fish sea_food shrimp\Z736IJ1MU3ZU.jpg,fish sea_food shrimp,256,256,JPEG
C:/Users/conta/OneDrive/Desktop/Multiclass/data/train\fish sea_food shrimp\ZD0EZJQ5W9F3.jpg,fish sea_food shrimp,256,256,JPEG
C:/Users/conta/OneDrive/Desktop/Multiclass/data/train\fish sea_food shrimp\ZDMRPSXA3RWN.jpg,fish sea_food shrimp,256,256,JPEG
C:/Users/conta/OneDrive/Desktop/Multiclass/data/train\fish sea_food shrimp\ZENQOMP1LEPT.jpg,fish sea_food shrimp,256,256,JPEG
C:/Users/conta/OneDrive/Desktop/Multiclass/data/train\fish sea_food shrimp\ZEPH4S6USGU4.jpg,fish sea_food shrimp,256,256,JPEG
C:/Users/conta/OneDrive/Desktop/Multiclass/data/train\fish sea_food shrimp\ZHIZD1980O6L.jpg,fish sea_food shrimp,256,256,JPEG
C:/Users/conta/OneDrive/Desktop/Multiclass/data/train\fish sea_food shrimp\ZNYM8YAR9B6W.jpg,fish sea_food shrimp,256,256,JPEG
C:/Users/conta/OneDrive/Desktop/Multiclass/data/train\fish sea_food shrimp\ZP7W578O6DSV.jpg,fish sea_food shrimp,256,256,JPEG
C:/Users/conta/OneDrive/Desktop/Multiclass/data/train\fish sea_food shrimp\ZR9T411XVG4D.jpg,fish sea_food shrimp,256,256,JPEG
C:/Users/conta/OneDrive/Desktop/Multiclass/data/train\fish sea_food shrimp\ZRM3RVCCM8K2.jpg,fish sea_food shrimp,256,256,JPEG
C:/Users/conta/OneDrive/Desktop/Multiclass/data/train\fish sea_food shrimp\ZSJ4AMCVNXB3.jpg,fish sea_food shrimp,256,256,JPEG
C:/Users/conta/OneDrive/Desktop/Multiclass/data/train\fish sea_food shrimp\ZVUXI7LDOX78.jpg,fish sea_food shrimp,256,256,JPEG
C:/Users/conta/OneDrive/Desktop/Multiclass/data/train\fish sea_food striped_red_mullet\00WC084RALPW.jpg,fish sea_food striped_red_mullet,256,256,JPEG
C:/Users/conta/OneDrive/Desktop/Multiclass/data/train\fish sea_food striped_red_mullet\05VVJ3PZYKJT.jpg,fish sea_food striped_red_mullet,256,256,JPEG
C:/Users/conta/OneDrive/Desktop/Multiclass/data/train\fish sea_food striped_red_mullet\0B9FT3ULYHCO.jpg,fish sea_food striped_red_mullet,256,256,JPEG
C:/Users/conta/OneDrive/Desktop/Multiclass/data/train\fish sea_food striped_red_mullet\0DWCZHK1DTSJ.jpg,fish sea_food striped_red_mullet,256,256,JPEG
C:/Users/conta/OneDrive/Desktop/Multiclass/data/train\fish sea_food striped_red_mullet\0FPSHLFQZ9IZ.jpg,fish sea_food striped_red_mullet,256,256,JPEG
C:/Users/conta/OneDrive/Desktop/Multiclass/data/train\fish sea_food striped_red_mullet\0I4HVDOBR1AL.jpg,fish sea_food striped_red_mullet,256,256,JPEG
C:/Users/conta/OneDrive/Desktop/Multiclass/data/train\fish sea_food striped_red_mullet\0IL74Q6DKAOQ.jpg,fish sea_food striped_red_mullet,256,256,JPEG
C:/Users/conta/OneDrive/Desktop/Multiclass/data/train\fish sea_food striped_red_mullet\0PB0JGD0GX2A.jpg,fish sea_food striped_red_mullet,256,256,JPEG
C:/Users/conta/OneDrive/Desktop/Multiclass/data/train\fish sea_food striped_red_mullet\0RZBPW871RBT.jpg,fish sea_food striped_red_mullet,256,256,JPEG
C:/Users/conta/OneDrive/Desktop/Multiclass/data/train\fish sea_food striped_red_mullet\0T4JEN3NWYON.jpg,fish sea_food striped_red_mullet,256,256,JPEG
C:/Users/conta/OneDrive/Desktop/Multiclass/data/train\fish sea_food striped_red_mullet\0XVOG34TBXV3.jpg,fish sea_food striped_red_mullet,256,256,JPEG
C:/Users/conta/OneDrive/Desktop/Multiclass/data/train\fish sea_food striped_red_mullet\0YAJ4CJ62W5Q.jpg,fish sea_food striped_red_mullet,256,256,JPEG
C:/Users/conta/OneDrive/Desktop/Multiclass/data/train\fish sea_food striped_red_mullet\12YFVPOURG4Y.jpg,fish sea_food striped_red_mullet,256,256,JPEG
C:/Users/conta/OneDrive/Desktop/Multiclass/data/train\fish sea_food striped_red_mullet\13EBFY9EGOOH.jpg,fish sea_food striped_red_mullet,256,256,JPEG
C:/Users/conta/OneDrive/Desktop/Multiclass/data/train\fish sea_food striped_red_mullet\13USRCD21CVN.jpg,fish sea_food striped_red_mullet,256,256,JPEG
C:/Users/conta/OneDrive/Desktop/Multiclass/data/train\fish sea_food striped_red_mullet\161PGQ953J78.jpg,fish sea_food striped_red_mullet,256,256,JPEG
C:/Users/conta/OneDrive/Desktop/Multiclass/data/train\fish sea_food striped_red_mullet\16IANXDPRA32.jpg,fish sea_food striped_red_mullet,256,256,JPEG
C:/Users/conta/OneDrive/Desktop/Multiclass/data/train\fish sea_food striped_red_mullet\16IY4B0X5QIZ.jpg,fish sea_food striped_red_mullet,256,256,JPEG
C:/Users/conta/OneDrive/Desktop/Multiclass/data/train\fish sea_food striped_red_mullet\1BQTTCR8BS0J.jpg,fish sea_food striped_red_mullet,256,256,JPEG
C:/Users/conta/OneDrive/Desktop/Multiclass/data/train\fish sea_food striped_red_mullet\1C1JKJVOKL4X.jpg,fish sea_food striped_red_mullet,256,256,JPEG
C:/Users/conta/OneDrive/Desktop/Multiclass/data/train\fish sea_food striped_red_mullet\1I42DHIBOXKV.jpg,fish sea_food striped_red_mullet,256,256,JPEG
C:/Users/conta/OneDrive/Desktop/Multiclass/data/train\fish sea_food striped_red_mullet\1JDWFIT0RMC3.jpg,fish sea_food striped_red_mullet,256,256,JPEG
C:/Users/conta/OneDrive/Desktop/Multiclass/data/train\fish sea_food striped_red_mullet\1N4TS8LDOWAG.jpg,fish sea_food striped_red_mullet,256,256,JPEG
C:/Users/conta/OneDrive/Desktop/Multiclass/data/train\fish sea_food striped_red_mullet\1O2MIM00BDC3.jpg,fish sea_food striped_red_mullet,256,256,JPEG
C:/Users/conta/OneDrive/Desktop/Multiclass/data/train\fish sea_food striped_red_mullet\1ORF6EV104Q1.jpg,fish sea_food striped_red_mullet,256,256,JPEG
C:/Users/conta/OneDrive/Desktop/Multiclass/data/train\fish sea_food striped_red_mullet\1OX6YMQZX14E.jpg,fish sea_food striped_red_mullet,256,256,JPEG
C:/Users/conta/OneDrive/Desktop/Multiclass/data/train\fish sea_food striped_red_mullet\1SP1B4JQDEN1.jpg,fish sea_food striped_red_mullet,256,256,JPEG
C:/Users/conta/OneDrive/Desktop/Multiclass/data/train\fish sea_food striped_red_mullet\1YFUKFL5310W.jpg,fish sea_food striped_red_mullet,256,256,JPEG
C:/Users/conta/OneDrive/Desktop/Multiclass/data/train\fish sea_food striped_red_mullet\20IRGXZO7QD3.jpg,fish sea_food striped_red_mullet,256,256,JPEG
C:/Users/conta/OneDrive/Desktop/Multiclass/data/train\fish sea_food striped_red_mullet\20QBFJE1DZW5.jpg,fish sea_food striped_red_mullet,256,256,JPEG
C:/Users/conta/OneDrive/Desktop/Multiclass/data/train\fish sea_food striped_red_mullet\219AQMPKMNPA.jpg,fish sea_food striped_red_mullet,256,256,JPEG
C:/Users/conta/OneDrive/Desktop/Multiclass/data/train\fish sea_food striped_red_mullet\22WTKCSXJRID.jpg,fish sea_food striped_red_mullet,256,256,JPEG
C:/Users/conta/OneDrive/Desktop/Multiclass/data/train\fish sea_food striped_red_mullet\2349J6001EOS.jpg,fish sea_food striped_red_mullet,256,256,JPEG
C:/Users/conta/OneDrive/Desktop/Multiclass/data/train\fish sea_food striped_red_mullet\28CO3QM5M0BU.jpg,fish sea_food striped_red_mullet,256,256,JPEG
C:/Users/conta/OneDrive/Desktop/Multiclass/data/train\fish sea_food striped_red_mullet\2BXZZHH5GZO5.jpg,fish sea_food striped_red_mullet,256,256,JPEG
C:/Users/conta/OneDrive/Desktop/Multiclass/data/train\fish sea_food striped_red_mullet\2FY6DW8GPUC2.jpg,fish sea_food striped_red_mullet,256,256,JPEG
C:/Users/conta/OneDrive/Desktop/Multiclass/data/train\fish sea_food striped_red_mullet\2HALRBYVAI5V.jpg,fish sea_food striped_red_mullet,256,256,JPEG
C:/Users/conta/OneDrive/Desktop/Multiclass/data/train\fish sea_food striped_red_mullet\2HNSX5V829ZA.jpg,fish sea_food striped_red_mullet,256,256,JPEG
C:/Users/conta/OneDrive/Desktop/Multiclass/data/train\fish sea_food striped_red_mullet\2HQEKAWAQ3WN.jpg,fish sea_food striped_red_mullet,256,256,JPEG
C:/Users/conta/OneDrive/Desktop/Multiclass/data/train\fish sea_food striped_red_mullet\2IZT9JW2L0BP.jpg,fish sea_food striped_red_mullet,256,256,JPEG
C:/Users/conta/OneDrive/Desktop/Multiclass/data/train\fish sea_food striped_red_mullet\2LRNVCTU2ROS.jpg,fish sea_food striped_red_mullet,256,256,JPEG
C:/Users/conta/OneDrive/Desktop/Multiclass/data/train\fish sea_food striped_red_mullet\2MBB6UY9IHJ8.jpg,fish sea_food striped_red_mullet,256,256,JPEG
C:/Users/conta/OneDrive/Desktop/Multiclass/data/train\fish sea_food striped_red_mullet\2N30UN15FKJZ.jpg,fish sea_food striped_red_mullet,256,256,JPEG
C:/Users/conta/OneDrive/Desktop/Multiclass/data/train\fish sea_food striped_red_mullet\2NP7BBA2RFKX.jpg,fish sea_food striped_red_mullet,256,256,JPEG
C:/Users/conta/OneDrive/Desktop/Multiclass/data/train\fish sea_food striped_red_mullet\2OT61U6HMFH2.jpg,fish sea_food striped_red_mullet,256,256,JPEG
C:/Users/conta/OneDrive/Desktop/Multiclass/data/train\fish sea_food striped_red_mullet\2RMY8F3KX90J.jpg,fish sea_food striped_red_mullet,256,256,JPEG
C:/Users/conta/OneDrive/Desktop/Multiclass/data/train\fish sea_food striped_red_mullet\2VRQKD6FCUND.jpg,fish sea_food striped_red_mullet,256,256,JPEG
C:/Users/conta/OneDrive/Desktop/Multiclass/data/train\fish sea_food striped_red_mullet\2XJLR3A9DZBE.jpg,fish sea_food striped_red_mullet,256,256,JPEG
C:/Users/conta/OneDrive/Desktop/Multiclass/data/train\fish sea_food striped_red_mullet\318MWS33BNPX.jpg,fish sea_food striped_red_mullet,256,256,JPEG
C:/Users/conta/OneDrive/Desktop/Multiclass/data/train\fish sea_food striped_red_mullet\33PSHG44CTPB.jpg,fish sea_food striped_red_mullet,256,256,JPEG
C:/Users/conta/OneDrive/Desktop/Multiclass/data/train\fish sea_food striped_red_mullet\36CVC4I0Z75P.jpg,fish sea_food striped_red_mullet,256,256,JPEG
C:/Users/conta/OneDrive/Desktop/Multiclass/data/train\fish sea_food striped_red_mullet\3AVJNM2DINLT.jpg,fish sea_food striped_red_mullet,256,256,JPEG
C:/Users/conta/OneDrive/Desktop/Multiclass/data/train\fish sea_food striped_red_mullet\3D6ZKJS2GT2I.jpg,fish sea_food striped_red_mullet,256,256,JPEG
C:/Users/conta/OneDrive/Desktop/Multiclass/data/train\fish sea_food striped_red_mullet\3DAXFCJ9L29O.jpg,fish sea_food striped_red_mullet,256,256,JPEG
C:/Users/conta/OneDrive/Desktop/Multiclass/data/train\fish sea_food striped_red_mullet\3E4HIX5LA4E3.jpg,fish sea_food striped_red_mullet,256,256,JPEG
C:/Users/conta/OneDrive/Desktop/Multiclass/data/train\fish sea_food striped_red_mullet\3GEKRGVCY94J.jpg,fish sea_food striped_red_mullet,256,256,JPEG
C:/Users/conta/OneDrive/Desktop/Multiclass/data/train\fish sea_food striped_red_mullet\3GXCWLRU4FET.jpg,fish sea_food striped_red_mullet,256,256,JPEG
C:/Users/conta/OneDrive/Desktop/Multiclass/data/train\fish sea_food striped_red_mullet\3IQEAD81CMX7.jpg,fish sea_food striped_red_mullet,256,256,JPEG
C:/Users/conta/OneDrive/Desktop/Multiclass/data/train\fish sea_food striped_red_mullet\3K15C2YMS52R.jpg,fish sea_food striped_red_mullet,256,256,JPEG
C:/Users/conta/OneDrive/Desktop/Multiclass/data/train\fish sea_food striped_red_mullet\3KNQA534G1ZV.jpg,fish sea_food striped_red_mullet,256,256,JPEG
C:/Users/conta/OneDrive/Desktop/Multiclass/data/train\fish sea_food striped_red_mullet\3NSEV5K4KOIW.jpg,fish sea_food striped_red_mullet,256,256,JPEG
C:/Users/conta/OneDrive/Desktop/Multiclass/data/train\fish sea_food striped_red_mullet\3VFEGUFFYUHF.jpg,fish sea_food striped_red_mullet,256,256,JPEG
C:/Users/conta/OneDrive/Desktop/Multiclass/data/train\fish sea_food striped_red_mullet\3W1OBDRCSVUJ.jpg,fish sea_food striped_red_mullet,256,256,JPEG
C:/Users/conta/OneDrive/Desktop/Multiclass/data/train\fish sea_food striped_red_mullet\3W4G333K5TPV.jpg,fish sea_food striped_red_mullet,256,256,JPEG
C:/Users/conta/OneDrive/Desktop/Multiclass/data/train\fish sea_food striped_red_mullet\3WE5XI97U1TH.jpg,fish sea_food striped_red_mullet,256,256,JPEG
C:/Users/conta/OneDrive/Desktop/Multiclass/data/train\fish sea_food striped_red_mullet\3WQGJX3502OR.jpg,fish sea_food striped_red_mullet,256,256,JPEG
C:/Users/conta/OneDrive/Desktop/Multiclass/data/train\fish sea_food striped_red_mullet\3WZ1P0PU9DEG.jpg,fish sea_food striped_red_mullet,256,256,JPEG
C:/Users/conta/OneDrive/Desktop/Multiclass/data/train\fish sea_food striped_red_mullet\3Y13MTN1Z8IC.jpg,fish sea_food striped_red_mullet,256,256,JPEG
C:/Users/conta/OneDrive/Desktop/Multiclass/data/train\fish sea_food striped_red_mullet\3ZXWGG9A7M16.jpg,fish sea_food striped_red_mullet,256,256,JPEG
C:/Users/conta/OneDrive/Desktop/Multiclass/data/train\fish sea_food striped_red_mullet\46FU89AFTI2N.jpg,fish sea_food striped_red_mullet,256,256,JPEG
C:/Users/conta/OneDrive/Desktop/Multiclass/data/train\fish sea_food striped_red_mullet\4740R104A4UN.jpg,fish sea_food striped_red_mullet,256,256,JPEG
C:/Users/conta/OneDrive/Desktop/Multiclass/data/train\fish sea_food striped_red_mullet\48ESRXRCQRPP.jpg,fish sea_food striped_red_mullet,256,256,JPEG
C:/Users/conta/OneDrive/Desktop/Multiclass/data/train\fish sea_food striped_red_mullet\49RUC0R4QEEE.jpg,fish sea_food striped_red_mullet,256,256,JPEG
C:/Users/conta/OneDrive/Desktop/Multiclass/data/train\fish sea_food striped_red_mullet\49W3MOQB80J0.jpg,fish sea_food striped_red_mullet,256,256,JPEG
C:/Users/conta/OneDrive/Desktop/Multiclass/data/train\fish sea_food striped_red_mullet\4BMJCX1T5BXJ.jpg,fish sea_food striped_red_mullet,256,256,JPEG
C:/Users/conta/OneDrive/Desktop/Multiclass/data/train\fish sea_food striped_red_mullet\4BVFIMNXJ5IS.jpg,fish sea_food striped_red_mullet,256,256,JPEG
C:/Users/conta/OneDrive/Desktop/Multiclass/data/train\fish sea_food striped_red_mullet\4CEM8AB5VKWE.jpg,fish sea_food striped_red_mullet,256,256,JPEG
C:/Users/conta/OneDrive/Desktop/Multiclass/data/train\fish sea_food striped_red_mullet\4FCKOA956QQV.jpg,fish sea_food striped_red_mullet,256,256,JPEG
C:/Users/conta/OneDrive/Desktop/Multiclass/data/train\fish sea_food striped_red_mullet\4G303TN7A5U3.jpg,fish sea_food striped_red_mullet,256,256,JPEG
C:/Users/conta/OneDrive/Desktop/Multiclass/data/train\fish sea_food striped_red_mullet\4IGHQBJ7IUAE.jpg,fish sea_food striped_red_mullet,256,256,JPEG
C:/Users/conta/OneDrive/Desktop/Multiclass/data/train\fish sea_food striped_red_mullet\4J4B9NE8RJHV.jpg,fish sea_food striped_red_mullet,256,256,JPEG
C:/Users/conta/OneDrive/Desktop/Multiclass/data/train\fish sea_food striped_red_mullet\4JGIUFLMW4DS.jpg,fish sea_food striped_red_mullet,256,256,JPEG
C:/Users/conta/OneDrive/Desktop/Multiclass/data/train\fish sea_food striped_red_mullet\4LB28XTEMOQK.jpg,fish sea_food striped_red_mullet,256,256,JPEG
C:/Users/conta/OneDrive/Desktop/Multiclass/data/train\fish sea_food striped_red_mullet\4RIRJHOF0VJB.jpg,fish sea_food striped_red_mullet,256,256,JPEG
C:/Users/conta/OneDrive/Desktop/Multiclass/data/train\fish sea_food striped_red_mullet\4SZXER995IID.jpg,fish sea_food striped_red_mullet,256,256,JPEG
C:/Users/conta/OneDrive/Desktop/Multiclass/data/train\fish sea_food striped_red_mullet\4VVYSCCP3DNL.jpg,fish sea_food striped_red_mullet,256,256,JPEG
C:/Users/conta/OneDrive/Desktop/Multiclass/data/train\fish sea_food striped_red_mullet\4X7KNH9E8806.jpg,fish sea_food striped_red_mullet,256,256,JPEG
C:/Users/conta/OneDrive/Desktop/Multiclass/data/train\fish sea_food striped_red_mullet\4YMCUUL2WVEV.jpg,fish sea_food striped_red_mullet,256,256,JPEG
C:/Users/conta/OneDrive/Desktop/Multiclass/data/train\fish sea_food striped_red_mullet\5138HWE0AHCK.jpg,fish sea_food striped_red_mullet,256,256,JPEG
C:/Users/conta/OneDrive/Desktop/Multiclass/data/train\fish sea_food striped_red_mullet\5154M8NS12LK.jpg,fish sea_food striped_red_mullet,256,256,JPEG
C:/Users/conta/OneDrive/Desktop/Multiclass/data/train\fish sea_food striped_red_mullet\51M884VVBPDF.jpg,fish sea_food striped_red_mullet,256,256,JPEG
C:/Users/conta/OneDrive/Desktop/Multiclass/data/train\fish sea_food striped_red_mullet\52R2PN96E14H.jpg,fish sea_food striped_red_mullet,256,256,JPEG
C:/Users/conta/OneDrive/Desktop/Multiclass/data/train\fish sea_food striped_red_mullet\56C18O8IK5L4.jpg,fish sea_food striped_red_mullet,256,256,JPEG
C:/Users/conta/OneDrive/Desktop/Multiclass/data/train\fish sea_food striped_red_mullet\596XVK6NZJGP.jpg,fish sea_food striped_red_mullet,256,256,JPEG
C:/Users/conta/OneDrive/Desktop/Multiclass/data/train\fish sea_food striped_red_mullet\5BR3O6PUIQMQ.jpg,fish sea_food striped_red_mullet,256,256,JPEG
C:/Users/conta/OneDrive/Desktop/Multiclass/data/train\fish sea_food striped_red_mullet\5H4GMCR5P6E4.jpg,fish sea_food striped_red_mullet,256,256,JPEG
C:/Users/conta/OneDrive/Desktop/Multiclass/data/train\fish sea_food striped_red_mullet\5IYKS2T64EW6.jpg,fish sea_food striped_red_mullet,256,256,JPEG
C:/Users/conta/OneDrive/Desktop/Multiclass/data/train\fish sea_food striped_red_mullet\5L04BIX882MK.jpg,fish sea_food striped_red_mullet,256,256,JPEG
C:/Users/conta/OneDrive/Desktop/Multiclass/data/train\fish sea_food striped_red_mullet\5LQXCX20HGA2.jpg,fish sea_food striped_red_mullet,256,256,JPEG
C:/Users/conta/OneDrive/Desktop/Multiclass/data/train\fish sea_food striped_red_mullet\5PMMU98G62NJ.jpg,fish sea_food striped_red_mullet,256,256,JPEG
C:/Users/conta/OneDrive/Desktop/Multiclass/data/train\fish sea_food striped_red_mullet\5W2OT2EKQVPJ.jpg,fish sea_food striped_red_mullet,256,256,JPEG
C:/Users/conta/OneDrive/Desktop/Multiclass/data/train\fish sea_food striped_red_mullet\60H39G7UG7YL.jpg,fish sea_food striped_red_mullet,256,256,JPEG
C:/Users/conta/OneDrive/Desktop/Multiclass/data/train\fish sea_food striped_red_mullet\60KJT0T8JPK4.jpg,fish sea_food striped_red_mullet,256,256,JPEG
C:/Users/conta/OneDrive/Desktop/Multiclass/data/train\fish sea_food striped_red_mullet\630Y4B4PX0IC.jpg,fish sea_food striped_red_mullet,256,256,JPEG
C:/Users/conta/OneDrive/Desktop/Multiclass/data/train\fish sea_food striped_red_mullet\64ANZZ7IS9MG.jpg,fish sea_food striped_red_mullet,256,256,JPEG
C:/Users/conta/OneDrive/Desktop/Multiclass/data/train\fish sea_food striped_red_mullet\66NM1VVK2UAR.jpg,fish sea_food striped_red_mullet,256,256,JPEG
C:/Users/conta/OneDrive/Desktop/Multiclass/data/train\fish sea_food striped_red_mullet\680L765OLXEL.jpg,fish sea_food striped_red_mullet,256,256,JPEG
C:/Users/conta/OneDrive/Desktop/Multiclass/data/train\fish sea_food striped_red_mullet\69GHEY97G4YI.jpg,fish sea_food striped_red_mullet,256,256,JPEG
C:/Users/conta/OneDrive/Desktop/Multiclass/data/train\fish sea_food striped_red_mullet\6ADHWTTTZCO3.jpg,fish sea_food striped_red_mullet,256,256,JPEG
C:/Users/conta/OneDrive/Desktop/Multiclass/data/train\fish sea_food striped_red_mullet\6BO1MHGUHBZS.jpg,fish sea_food striped_red_mullet,256,256,JPEG
C:/Users/conta/OneDrive/Desktop/Multiclass/data/train\fish sea_food striped_red_mullet\6BWASCLYHTKD.jpg,fish sea_food striped_red_mullet,256,256,JPEG
C:/Users/conta/OneDrive/Desktop/Multiclass/data/train\fish sea_food striped_red_mullet\6E20WR8OEEOX.jpg,fish sea_food striped_red_mullet,256,256,JPEG
C:/Users/conta/OneDrive/Desktop/Multiclass/data/train\fish sea_food striped_red_mullet\6GMPSS96P8SV.jpg,fish sea_food striped_red_mullet,256,256,JPEG
C:/Users/conta/OneDrive/Desktop/Multiclass/data/train\fish sea_food striped_red_mullet\6KPE3CCRDEC7.jpg,fish sea_food striped_red_mullet,256,256,JPEG
C:/Users/conta/OneDrive/Desktop/Multiclass/data/train\fish sea_food striped_red_mullet\6L0G7EJJL0KE.jpg,fish sea_food striped_red_mullet,256,256,JPEG
C:/Users/conta/OneDrive/Desktop/Multiclass/data/train\fish sea_food striped_red_mullet\6PIREPZFW6JV.jpg,fish sea_food striped_red_mullet,256,256,JPEG
C:/Users/conta/OneDrive/Desktop/Multiclass/data/train\fish sea_food striped_red_mullet\6S8RO3PBJ3FL.jpg,fish sea_food striped_red_mullet,256,256,JPEG
C:/Users/conta/OneDrive/Desktop/Multiclass/data/train\fish sea_food striped_red_mullet\6SF5HAQMLBJJ.jpg,fish sea_food striped_red_mullet,256,256,JPEG
C:/Users/conta/OneDrive/Desktop/Multiclass/data/train\fish sea_food striped_red_mullet\6W4ENFIU14CF.jpg,fish sea_food striped_red_mullet,256,256,JPEG
C:/Users/conta/OneDrive/Desktop/Multiclass/data/train\fish sea_food striped_red_mullet\6X90JIFJYE40.jpg,fish sea_food striped_red_mullet,256,256,JPEG
C:/Users/conta/OneDrive/Desktop/Multiclass/data/train\fish sea_food striped_red_mullet\6ZOGX1O76PN4.jpg,fish sea_food striped_red_mullet,256,256,JPEG
C:/Users/conta/OneDrive/Desktop/Multiclass/data/train\fish sea_food striped_red_mullet\73AT9CIRMASO.jpg,fish sea_food striped_red_mullet,256,256,JPEG
C:/Users/conta/OneDrive/Desktop/Multiclass/data/train\fish sea_food striped_red_mullet\7AU9IGX8GZT3.jpg,fish sea_food striped_red_mullet,256,256,JPEG
C:/Users/conta/OneDrive/Desktop/Multiclass/data/train\fish sea_food striped_red_mullet\7C0E0E34D75J.jpg,fish sea_food striped_red_mullet,256,256,JPEG
C:/Users/conta/OneDrive/Desktop/Multiclass/data/train\fish sea_food striped_red_mullet\7D705X48HEOC.jpg,fish sea_food striped_red_mullet,256,256,JPEG
C:/Users/conta/OneDrive/Desktop/Multiclass/data/train\fish sea_food striped_red_mullet\7D8BMOWZYI9D.jpg,fish sea_food striped_red_mullet,256,256,JPEG
C:/Users/conta/OneDrive/Desktop/Multiclass/data/train\fish sea_food striped_red_mullet\7HG203MKRQNK.jpg,fish sea_food striped_red_mullet,256,256,JPEG
C:/Users/conta/OneDrive/Desktop/Multiclass/data/train\fish sea_food striped_red_mullet\7IC6HRQ0ZFRD.jpg,fish sea_food striped_red_mullet,256,256,JPEG
C:/Users/conta/OneDrive/Desktop/Multiclass/data/train\fish sea_food striped_red_mullet\7IMAI30Q9XQ8.jpg,fish sea_food striped_red_mullet,256,256,JPEG
C:/Users/conta/OneDrive/Desktop/Multiclass/data/train\fish sea_food striped_red_mullet\7KBXU9IGWS2C.jpg,fish sea_food striped_red_mullet,256,256,JPEG
C:/Users/conta/OneDrive/Desktop/Multiclass/data/train\fish sea_food striped_red_mullet\7O17D3VQST29.jpg,fish sea_food striped_red_mullet,256,256,JPEG
C:/Users/conta/OneDrive/Desktop/Multiclass/data/train\fish sea_food striped_red_mullet\7Q0N48RAS99Z.jpg,fish sea_food striped_red_mullet,256,256,JPEG
C:/Users/conta/OneDrive/Desktop/Multiclass/data/train\fish sea_food striped_red_mullet\7QRA4N4HVWFH.jpg,fish sea_food striped_red_mullet,256,256,JPEG
C:/Users/conta/OneDrive/Desktop/Multiclass/data/train\fish sea_food striped_red_mullet\7WCBS9APRHC0.jpg,fish sea_food striped_red_mullet,256,256,JPEG
C:/Users/conta/OneDrive/Desktop/Multiclass/data/train\fish sea_food striped_red_mullet\7X0ZN642POI6.jpg,fish sea_food striped_red_mullet,256,256,JPEG
C:/Users/conta/OneDrive/Desktop/Multiclass/data/train\fish sea_food striped_red_mullet\7YW9URVXUR1V.jpg,fish sea_food striped_red_mullet,256,256,JPEG
C:/Users/conta/OneDrive/Desktop/Multiclass/data/train\fish sea_food striped_red_mullet\8085JRF7SLCE.jpg,fish sea_food striped_red_mullet,256,256,JPEG
C:/Users/conta/OneDrive/Desktop/Multiclass/data/train\fish sea_food striped_red_mullet\80LCKAD6FUHN.jpg,fish sea_food striped_red_mullet,256,256,JPEG
C:/Users/conta/OneDrive/Desktop/Multiclass/data/train\fish sea_food striped_red_mullet\814Q80AGJA3C.jpg,fish sea_food striped_red_mullet,256,256,JPEG
C:/Users/conta/OneDrive/Desktop/Multiclass/data/train\fish sea_food striped_red_mullet\82IOAXL6E11Q.jpg,fish sea_food striped_red_mullet,256,256,JPEG
C:/Users/conta/OneDrive/Desktop/Multiclass/data/train\fish sea_food striped_red_mullet\82KKOUAWU8ME.jpg,fish sea_food striped_red_mullet,256,256,JPEG
C:/Users/conta/OneDrive/Desktop/Multiclass/data/train\fish sea_food striped_red_mullet\85HPDGXA6CUL.jpg,fish sea_food striped_red_mullet,256,256,JPEG
C:/Users/conta/OneDrive/Desktop/Multiclass/data/train\fish sea_food striped_red_mullet\8914ASMI8G5N.jpg,fish sea_food striped_red_mullet,256,256,JPEG
C:/Users/conta/OneDrive/Desktop/Multiclass/data/train\fish sea_food striped_red_mullet\8CYM814P15BS.jpg,fish sea_food striped_red_mullet,256,256,JPEG
C:/Users/conta/OneDrive/Desktop/Multiclass/data/train\fish sea_food striped_red_mullet\8FC51JOCFG8S.jpg,fish sea_food striped_red_mullet,256,256,JPEG
C:/Users/conta/OneDrive/Desktop/Multiclass/data/train\fish sea_food striped_red_mullet\8L2O0M2WP3X7.jpg,fish sea_food striped_red_mullet,256,256,JPEG
C:/Users/conta/OneDrive/Desktop/Multiclass/data/train\fish sea_food striped_red_mullet\8OSYLUQPFL23.jpg,fish sea_food striped_red_mullet,256,256,JPEG
C:/Users/conta/OneDrive/Desktop/Multiclass/data/train\fish sea_food striped_red_mullet\8QCGQPL4IUXO.jpg,fish sea_food striped_red_mullet,256,256,JPEG
C:/Users/conta/OneDrive/Desktop/Multiclass/data/train\fish sea_food striped_red_mullet\8T5W4612K2IF.jpg,fish sea_food striped_red_mullet,256,256,JPEG
C:/Users/conta/OneDrive/Desktop/Multiclass/data/train\fish sea_food striped_red_mullet\8UZ6L9HP5ASL.jpg,fish sea_food striped_red_mullet,256,256,JPEG
C:/Users/conta/OneDrive/Desktop/Multiclass/data/train\fish sea_food striped_red_mullet\8X25SBEC536X.jpg,fish sea_food striped_red_mullet,256,256,JPEG
C:/Users/conta/OneDrive/Desktop/Multiclass/data/train\fish sea_food striped_red_mullet\8X51AED7II8T.jpg,fish sea_food striped_red_mullet,256,256,JPEG
C:/Users/conta/OneDrive/Desktop/Multiclass/data/train\fish sea_food striped_red_mullet\8X9Q84KONJ2J.jpg,fish sea_food striped_red_mullet,256,256,JPEG
C:/Users/conta/OneDrive/Desktop/Multiclass/data/train\fish sea_food striped_red_mullet\8Y4LD0UQDX5P.jpg,fish sea_food striped_red_mullet,256,256,JPEG
C:/Users/conta/OneDrive/Desktop/Multiclass/data/train\fish sea_food striped_red_mullet\8YR52YJWJNSA.jpg,fish sea_food striped_red_mullet,256,256,JPEG
C:/Users/conta/OneDrive/Desktop/Multiclass/data/train\fish sea_food striped_red_mullet\912OCNOXX150.jpg,fish sea_food striped_red_mullet,256,256,JPEG
C:/Users/conta/OneDrive/Desktop/Multiclass/data/train\fish sea_food striped_red_mullet\91XQ9GH0HAOF.jpg,fish sea_food striped_red_mullet,256,256,JPEG
C:/Users/conta/OneDrive/Desktop/Multiclass/data/train\fish sea_food striped_red_mullet\96EM51DI785K.jpg,fish sea_food striped_red_mullet,256,256,JPEG
C:/Users/conta/OneDrive/Desktop/Multiclass/data/train\fish sea_food striped_red_mullet\9759S2IOXDA3.jpg,fish sea_food striped_red_mullet,256,256,JPEG
C:/Users/conta/OneDrive/Desktop/Multiclass/data/train\fish sea_food striped_red_mullet\97V9TLAI7F6S.jpg,fish sea_food striped_red_mullet,256,256,JPEG
C:/Users/conta/OneDrive/Desktop/Multiclass/data/train\fish sea_food striped_red_mullet\9B13YC5ANL5Y.jpg,fish sea_food striped_red_mullet,256,256,JPEG
C:/Users/conta/OneDrive/Desktop/Multiclass/data/train\fish sea_food striped_red_mullet\9BVE98WPW1PG.jpg,fish sea_food striped_red_mullet,256,256,JPEG
C:/Users/conta/OneDrive/Desktop/Multiclass/data/train\fish sea_food striped_red_mullet\9CL6BQRSLM7F.jpg,fish sea_food striped_red_mullet,256,256,JPEG
C:/Users/conta/OneDrive/Desktop/Multiclass/data/train\fish sea_food striped_red_mullet\9EJZQBAGPFKO.jpg,fish sea_food striped_red_mullet,256,256,JPEG
C:/Users/conta/OneDrive/Desktop/Multiclass/data/train\fish sea_food striped_red_mullet\9IPT0H5NWB99.jpg,fish sea_food striped_red_mullet,256,256,JPEG
C:/Users/conta/OneDrive/Desktop/Multiclass/data/train\fish sea_food striped_red_mullet\9KD17XGUG207.jpg,fish sea_food striped_red_mullet,256,256,JPEG
C:/Users/conta/OneDrive/Desktop/Multiclass/data/train\fish sea_food striped_red_mullet\9NYWBBN90ZTT.jpg,fish sea_food striped_red_mullet,256,256,JPEG
C:/Users/conta/OneDrive/Desktop/Multiclass/data/train\fish sea_food striped_red_mullet\9OHOZD8VMUUT.jpg,fish sea_food striped_red_mullet,256,256,JPEG
C:/Users/conta/OneDrive/Desktop/Multiclass/data/train\fish sea_food striped_red_mullet\9PKUVGYSXLAE.jpg,fish sea_food striped_red_mullet,256,256,JPEG
C:/Users/conta/OneDrive/Desktop/Multiclass/data/train\fish sea_food striped_red_mullet\9SJMN7IXUVO2.jpg,fish sea_food striped_red_mullet,256,256,JPEG
C:/Users/conta/OneDrive/Desktop/Multiclass/data/train\fish sea_food striped_red_mullet\9SKN05AAN4TF.jpg,fish sea_food striped_red_mullet,256,256,JPEG
C:/Users/conta/OneDrive/Desktop/Multiclass/data/train\fish sea_food striped_red_mullet\9TVJP8L8P92D.jpg,fish sea_food striped_red_mullet,256,256,JPEG
C:/Users/conta/OneDrive/Desktop/Multiclass/data/train\fish sea_food striped_red_mullet\9WBQZ2JQBEQ5.jpg,fish sea_food striped_red_mullet,256,256,JPEG
C:/Users/conta/OneDrive/Desktop/Multiclass/data/train\fish sea_food striped_red_mullet\A0ZHSYICVLDQ.jpg,fish sea_food striped_red_mullet,256,256,JPEG
C:/Users/conta/OneDrive/Desktop/Multiclass/data/train\fish sea_food striped_red_mullet\A1WMTA4BB7KN.jpg,fish sea_food striped_red_mullet,256,256,JPEG
C:/Users/conta/OneDrive/Desktop/Multiclass/data/train\fish sea_food striped_red_mullet\A7RDA3RUAEGT.jpg,fish sea_food striped_red_mullet,256,256,JPEG
C:/Users/conta/OneDrive/Desktop/Multiclass/data/train\fish sea_food striped_red_mullet\AAEY13SMN9FB.jpg,fish sea_food striped_red_mullet,256,256,JPEG
C:/Users/conta/OneDrive/Desktop/Multiclass/data/train\fish sea_food striped_red_mullet\ACG7V2OZBPU0.jpg,fish sea_food striped_red_mullet,256,256,JPEG
C:/Users/conta/OneDrive/Desktop/Multiclass/data/train\fish sea_food striped_red_mullet\AFHN5XEBDR36.jpg,fish sea_food striped_red_mullet,256,256,JPEG
C:/Users/conta/OneDrive/Desktop/Multiclass/data/train\fish sea_food striped_red_mullet\AH3ORMCF0ZHE.jpg,fish sea_food striped_red_mullet,256,256,JPEG
C:/Users/conta/OneDrive/Desktop/Multiclass/data/train\fish sea_food striped_red_mullet\AIJBUTSZB4KN.jpg,fish sea_food striped_red_mullet,256,256,JPEG
C:/Users/conta/OneDrive/Desktop/Multiclass/data/train\fish sea_food striped_red_mullet\AIMIF4CLRS3T.jpg,fish sea_food striped_red_mullet,256,256,JPEG
C:/Users/conta/OneDrive/Desktop/Multiclass/data/train\fish sea_food striped_red_mullet\AJQU6F09RNF0.jpg,fish sea_food striped_red_mullet,256,256,JPEG
C:/Users/conta/OneDrive/Desktop/Multiclass/data/train\fish sea_food striped_red_mullet\ANOWBKY6J0BT.jpg,fish sea_food striped_red_mullet,256,256,JPEG
C:/Users/conta/OneDrive/Desktop/Multiclass/data/train\fish sea_food striped_red_mullet\AOP9V90ID4ED.jpg,fish sea_food striped_red_mullet,256,256,JPEG
C:/Users/conta/OneDrive/Desktop/Multiclass/data/train\fish sea_food striped_red_mullet\ASX8U40I1IQ4.jpg,fish sea_food striped_red_mullet,256,256,JPEG
C:/Users/conta/OneDrive/Desktop/Multiclass/data/train\fish sea_food striped_red_mullet\AV48AYJ5SMTT.jpg,fish sea_food striped_red_mullet,256,256,JPEG
C:/Users/conta/OneDrive/Desktop/Multiclass/data/train\fish sea_food striped_red_mullet\AV6LXW7BG1P7.jpg,fish sea_food striped_red_mullet,256,256,JPEG
C:/Users/conta/OneDrive/Desktop/Multiclass/data/train\fish sea_food striped_red_mullet\AXCU8RRHZCFO.jpg,fish sea_food striped_red_mullet,256,256,JPEG
C:/Users/conta/OneDrive/Desktop/Multiclass/data/train\fish sea_food striped_red_mullet\B0576FLWUSJM.jpg,fish sea_food striped_red_mullet,256,256,JPEG
C:/Users/conta/OneDrive/Desktop/Multiclass/data/train\fish sea_food striped_red_mullet\B1UEE69VWK6G.jpg,fish sea_food striped_red_mullet,256,256,JPEG
C:/Users/conta/OneDrive/Desktop/Multiclass/data/train\fish sea_food striped_red_mullet\B2Q7RD5LBX54.jpg,fish sea_food striped_red_mullet,256,256,JPEG
C:/Users/conta/OneDrive/Desktop/Multiclass/data/train\fish sea_food striped_red_mullet\B49ZSE5HGSWS.jpg,fish sea_food striped_red_mullet,256,256,JPEG
C:/Users/conta/OneDrive/Desktop/Multiclass/data/train\fish sea_food striped_red_mullet\B59ASLB05G7T.jpg,fish sea_food striped_red_mullet,256,256,JPEG
C:/Users/conta/OneDrive/Desktop/Multiclass/data/train\fish sea_food striped_red_mullet\B9V48NOM9X7B.jpg,fish sea_food striped_red_mullet,256,256,JPEG
C:/Users/conta/OneDrive/Desktop/Multiclass/data/train\fish sea_food striped_red_mullet\BC7O7MW651IX.jpg,fish sea_food striped_red_mullet,256,256,JPEG
C:/Users/conta/OneDrive/Desktop/Multiclass/data/train\fish sea_food striped_red_mullet\BG8AT0PD8IGM.jpg,fish sea_food striped_red_mullet,256,256,JPEG
C:/Users/conta/OneDrive/Desktop/Multiclass/data/train\fish sea_food striped_red_mullet\BO82SL4DHHH5.jpg,fish sea_food striped_red_mullet,256,256,JPEG
C:/Users/conta/OneDrive/Desktop/Multiclass/data/train\fish sea_food striped_red_mullet\BQA5JPKX8O7T.jpg,fish sea_food striped_red_mullet,256,256,JPEG
C:/Users/conta/OneDrive/Desktop/Multiclass/data/train\fish sea_food striped_red_mullet\C6FKAMOD42AT.jpg,fish sea_food striped_red_mullet,256,256,JPEG
C:/Users/conta/OneDrive/Desktop/Multiclass/data/train\fish sea_food striped_red_mullet\CCA7X87FEI7X.jpg,fish sea_food striped_red_mullet,256,256,JPEG
C:/Users/conta/OneDrive/Desktop/Multiclass/data/train\fish sea_food striped_red_mullet\CCWSDPRMJMMX.jpg,fish sea_food striped_red_mullet,256,256,JPEG
C:/Users/conta/OneDrive/Desktop/Multiclass/data/train\fish sea_food striped_red_mullet\CDG97NFUHTFQ.jpg,fish sea_food striped_red_mullet,256,256,JPEG
C:/Users/conta/OneDrive/Desktop/Multiclass/data/train\fish sea_food striped_red_mullet\CGBPSP6FHTWW.jpg,fish sea_food striped_red_mullet,256,256,JPEG
C:/Users/conta/OneDrive/Desktop/Multiclass/data/train\fish sea_food striped_red_mullet\CJBD5N3VL2IE.jpg,fish sea_food striped_red_mullet,256,256,JPEG
C:/Users/conta/OneDrive/Desktop/Multiclass/data/train\fish sea_food striped_red_mullet\CQIPR78BIG93.jpg,fish sea_food striped_red_mullet,256,256,JPEG
C:/Users/conta/OneDrive/Desktop/Multiclass/data/train\fish sea_food striped_red_mullet\CY6K8BK4058F.jpg,fish sea_food striped_red_mullet,256,256,JPEG
C:/Users/conta/OneDrive/Desktop/Multiclass/data/train\fish sea_food striped_red_mullet\CZEQ1G900679.jpg,fish sea_food striped_red_mullet,256,256,JPEG
C:/Users/conta/OneDrive/Desktop/Multiclass/data/train\fish sea_food striped_red_mullet\CZHMXWO2AYR6.jpg,fish sea_food striped_red_mullet,256,256,JPEG
C:/Users/conta/OneDrive/Desktop/Multiclass/data/train\fish sea_food striped_red_mullet\CZQKYPZC9V4R.jpg,fish sea_food striped_red_mullet,256,256,JPEG
C:/Users/conta/OneDrive/Desktop/Multiclass/data/train\fish sea_food striped_red_mullet\D0NDKVBVRFN8.jpg,fish sea_food striped_red_mullet,256,256,JPEG
C:/Users/conta/OneDrive/Desktop/Multiclass/data/train\fish sea_food striped_red_mullet\D1USKHA9WYUO.jpg,fish sea_food striped_red_mullet,256,256,JPEG
C:/Users/conta/OneDrive/Desktop/Multiclass/data/train\fish sea_food striped_red_mullet\D2LCCS5VOWV9.jpg,fish sea_food striped_red_mullet,256,256,JPEG
C:/Users/conta/OneDrive/Desktop/Multiclass/data/train\fish sea_food striped_red_mullet\D6INAFXQ0CVA.jpg,fish sea_food striped_red_mullet,256,256,JPEG
C:/Users/conta/OneDrive/Desktop/Multiclass/data/train\fish sea_food striped_red_mullet\D9VFGBXTEQKX.jpg,fish sea_food striped_red_mullet,256,256,JPEG
C:/Users/conta/OneDrive/Desktop/Multiclass/data/train\fish sea_food striped_red_mullet\DA2BYW2DE1DJ.jpg,fish sea_food striped_red_mullet,256,256,JPEG
C:/Users/conta/OneDrive/Desktop/Multiclass/data/train\fish sea_food striped_red_mullet\DBN0WG4SZM05.jpg,fish sea_food striped_red_mullet,256,256,JPEG
C:/Users/conta/OneDrive/Desktop/Multiclass/data/train\fish sea_food striped_red_mullet\DBOJYP0VZ3DU.jpg,fish sea_food striped_red_mullet,256,256,JPEG
C:/Users/conta/OneDrive/Desktop/Multiclass/data/train\fish sea_food striped_red_mullet\DFJLD96QPOFL.jpg,fish sea_food striped_red_mullet,256,256,JPEG
C:/Users/conta/OneDrive/Desktop/Multiclass/data/train\fish sea_food striped_red_mullet\DGXK6KGJ9T8N.jpg,fish sea_food striped_red_mullet,256,256,JPEG
C:/Users/conta/OneDrive/Desktop/Multiclass/data/train\fish sea_food striped_red_mullet\DHBCBME8PRL2.jpg,fish sea_food striped_red_mullet,256,256,JPEG
C:/Users/conta/OneDrive/Desktop/Multiclass/data/train\fish sea_food striped_red_mullet\DHI0Y9EQSCJO.jpg,fish sea_food striped_red_mullet,256,256,JPEG
C:/Users/conta/OneDrive/Desktop/Multiclass/data/train\fish sea_food striped_red_mullet\DJ7IVJ6G1L1Z.jpg,fish sea_food striped_red_mullet,256,256,JPEG
C:/Users/conta/OneDrive/Desktop/Multiclass/data/train\fish sea_food striped_red_mullet\DLOMV1W0RINW.jpg,fish sea_food striped_red_mullet,256,256,JPEG
C:/Users/conta/OneDrive/Desktop/Multiclass/data/train\fish sea_food striped_red_mullet\DM6QCO9CLUPM.jpg,fish sea_food striped_red_mullet,256,256,JPEG
C:/Users/conta/OneDrive/Desktop/Multiclass/data/train\fish sea_food striped_red_mullet\DO3VVWP6MIL4.jpg,fish sea_food striped_red_mullet,256,256,JPEG
C:/Users/conta/OneDrive/Desktop/Multiclass/data/train\fish sea_food striped_red_mullet\DQYX421J0HFX.jpg,fish sea_food striped_red_mullet,256,256,JPEG
C:/Users/conta/OneDrive/Desktop/Multiclass/data/train\fish sea_food striped_red_mullet\DRPQNJ7131HT.jpg,fish sea_food striped_red_mullet,256,256,JPEG
C:/Users/conta/OneDrive/Desktop/Multiclass/data/train\fish sea_food striped_red_mullet\DY5V6UUNJLMK.jpg,fish sea_food striped_red_mullet,256,256,JPEG
C:/Users/conta/OneDrive/Desktop/Multiclass/data/train\fish sea_food striped_red_mullet\E77A9Z0993F2.jpg,fish sea_food striped_red_mullet,256,256,JPEG
C:/Users/conta/OneDrive/Desktop/Multiclass/data/train\fish sea_food striped_red_mullet\E7IVYHRHE0MH.jpg,fish sea_food striped_red_mullet,256,256,JPEG
C:/Users/conta/OneDrive/Desktop/Multiclass/data/train\fish sea_food striped_red_mullet\EBC4TFA1OZMM.jpg,fish sea_food striped_red_mullet,256,256,JPEG
C:/Users/conta/OneDrive/Desktop/Multiclass/data/train\fish sea_food striped_red_mullet\EE8PJZYGK0K3.jpg,fish sea_food striped_red_mullet,256,256,JPEG
C:/Users/conta/OneDrive/Desktop/Multiclass/data/train\fish sea_food striped_red_mullet\EHUO4JD74WM9.jpg,fish sea_food striped_red_mullet,256,256,JPEG
C:/Users/conta/OneDrive/Desktop/Multiclass/data/train\fish sea_food striped_red_mullet\EJ4333CVJ2YA.jpg,fish sea_food striped_red_mullet,256,256,JPEG
C:/Users/conta/OneDrive/Desktop/Multiclass/data/train\fish sea_food striped_red_mullet\EOVQUOU4RNAK.jpg,fish sea_food striped_red_mullet,256,256,JPEG
C:/Users/conta/OneDrive/Desktop/Multiclass/data/train\fish sea_food striped_red_mullet\ERVOSX75HJUQ.jpg,fish sea_food striped_red_mullet,256,256,JPEG
C:/Users/conta/OneDrive/Desktop/Multiclass/data/train\fish sea_food striped_red_mullet\EUDG6MJ46DAK.jpg,fish sea_food striped_red_mullet,256,256,JPEG
C:/Users/conta/OneDrive/Desktop/Multiclass/data/train\fish sea_food striped_red_mullet\EYO3BV6IBR4P.jpg,fish sea_food striped_red_mullet,256,256,JPEG
C:/Users/conta/OneDrive/Desktop/Multiclass/data/train\fish sea_food striped_red_mullet\F04FPMSTXQWW.jpg,fish sea_food striped_red_mullet,256,256,JPEG
C:/Users/conta/OneDrive/Desktop/Multiclass/data/train\fish sea_food striped_red_mullet\FA509TDZM3G8.jpg,fish sea_food striped_red_mullet,256,256,JPEG
C:/Users/conta/OneDrive/Desktop/Multiclass/data/train\fish sea_food striped_red_mullet\FCQ3VJA8Z2UQ.jpg,fish sea_food striped_red_mullet,256,256,JPEG
C:/Users/conta/OneDrive/Desktop/Multiclass/data/train\fish sea_food striped_red_mullet\FL4E5QXESSDT.jpg,fish sea_food striped_red_mullet,256,256,JPEG
C:/Users/conta/OneDrive/Desktop/Multiclass/data/train\fish sea_food striped_red_mullet\FLB16MRBV2C5.jpg,fish sea_food striped_red_mullet,256,256,JPEG
C:/Users/conta/OneDrive/Desktop/Multiclass/data/train\fish sea_food striped_red_mullet\FLQW1QPXS2M5.jpg,fish sea_food striped_red_mullet,256,256,JPEG
C:/Users/conta/OneDrive/Desktop/Multiclass/data/train\fish sea_food striped_red_mullet\FM5W82A2EHOE.jpg,fish sea_food striped_red_mullet,256,256,JPEG
C:/Users/conta/OneDrive/Desktop/Multiclass/data/train\fish sea_food striped_red_mullet\FNQNWN15CXY5.jpg,fish sea_food striped_red_mullet,256,256,JPEG
C:/Users/conta/OneDrive/Desktop/Multiclass/data/train\fish sea_food striped_red_mullet\FTTOJKWQGLUK.jpg,fish sea_food striped_red_mullet,256,256,JPEG
C:/Users/conta/OneDrive/Desktop/Multiclass/data/train\fish sea_food striped_red_mullet\FW5RVZMYPM17.jpg,fish sea_food striped_red_mullet,256,256,JPEG
C:/Users/conta/OneDrive/Desktop/Multiclass/data/train\fish sea_food striped_red_mullet\FZ81P809JQAO.jpg,fish sea_food striped_red_mullet,256,256,JPEG
C:/Users/conta/OneDrive/Desktop/Multiclass/data/train\fish sea_food striped_red_mullet\FZCL3CM25LE1.jpg,fish sea_food striped_red_mullet,256,256,JPEG
C:/Users/conta/OneDrive/Desktop/Multiclass/data/train\fish sea_food striped_red_mullet\G00WEXGXI8PB.jpg,fish sea_food striped_red_mullet,256,256,JPEG
C:/Users/conta/OneDrive/Desktop/Multiclass/data/train\fish sea_food striped_red_mullet\G4L1KCRBI9RI.jpg,fish sea_food striped_red_mullet,256,256,JPEG
C:/Users/conta/OneDrive/Desktop/Multiclass/data/train\fish sea_food striped_red_mullet\G96O1OZ0KHQV.jpg,fish sea_food striped_red_mullet,256,256,JPEG
C:/Users/conta/OneDrive/Desktop/Multiclass/data/train\fish sea_food striped_red_mullet\G9FXB0JC5ZLX.jpg,fish sea_food striped_red_mullet,256,256,JPEG
C:/Users/conta/OneDrive/Desktop/Multiclass/data/train\fish sea_food striped_red_mullet\GFNFKB6KMZR5.jpg,fish sea_food striped_red_mullet,256,256,JPEG
C:/Users/conta/OneDrive/Desktop/Multiclass/data/train\fish sea_food striped_red_mullet\GGAW2CSBFUK5.jpg,fish sea_food striped_red_mullet,256,256,JPEG
C:/Users/conta/OneDrive/Desktop/Multiclass/data/train\fish sea_food striped_red_mullet\GGYPOL36Z0FN.jpg,fish sea_food striped_red_mullet,256,256,JPEG
C:/Users/conta/OneDrive/Desktop/Multiclass/data/train\fish sea_food striped_red_mullet\GLI4NTVBWMSR.jpg,fish sea_food striped_red_mullet,256,256,JPEG
C:/Users/conta/OneDrive/Desktop/Multiclass/data/train\fish sea_food striped_red_mullet\GSEYHE036YVT.jpg,fish sea_food striped_red_mullet,256,256,JPEG
C:/Users/conta/OneDrive/Desktop/Multiclass/data/train\fish sea_food striped_red_mullet\GUE94SK5UQQH.jpg,fish sea_food striped_red_mullet,256,256,JPEG
C:/Users/conta/OneDrive/Desktop/Multiclass/data/train\fish sea_food striped_red_mullet\GV2DOEJZ6HYV.jpg,fish sea_food striped_red_mullet,256,256,JPEG
C:/Users/conta/OneDrive/Desktop/Multiclass/data/train\fish sea_food striped_red_mullet\GV6NJRVIV3QQ.jpg,fish sea_food striped_red_mullet,256,256,JPEG
C:/Users/conta/OneDrive/Desktop/Multiclass/data/train\fish sea_food striped_red_mullet\H2U27GOICBFJ.jpg,fish sea_food striped_red_mullet,256,256,JPEG
C:/Users/conta/OneDrive/Desktop/Multiclass/data/train\fish sea_food striped_red_mullet\H493SQCT8VH4.jpg,fish sea_food striped_red_mullet,256,256,JPEG
C:/Users/conta/OneDrive/Desktop/Multiclass/data/train\fish sea_food striped_red_mullet\H4I1XGKLV4OU.jpg,fish sea_food striped_red_mullet,256,256,JPEG
C:/Users/conta/OneDrive/Desktop/Multiclass/data/train\fish sea_food striped_red_mullet\H64MDAW8HAYU.jpg,fish sea_food striped_red_mullet,256,256,JPEG
C:/Users/conta/OneDrive/Desktop/Multiclass/data/train\fish sea_food striped_red_mullet\H6DCE50U127T.jpg,fish sea_food striped_red_mullet,256,256,JPEG
C:/Users/conta/OneDrive/Desktop/Multiclass/data/train\fish sea_food striped_red_mullet\H77Y4RKPY07A.jpg,fish sea_food striped_red_mullet,256,256,JPEG
C:/Users/conta/OneDrive/Desktop/Multiclass/data/train\fish sea_food striped_red_mullet\HBQXWLGIEI78.jpg,fish sea_food striped_red_mullet,256,256,JPEG
C:/Users/conta/OneDrive/Desktop/Multiclass/data/train\fish sea_food striped_red_mullet\HDCCXSBOQ41Y.jpg,fish sea_food striped_red_mullet,256,256,JPEG
C:/Users/conta/OneDrive/Desktop/Multiclass/data/train\fish sea_food striped_red_mullet\HP7BQYKMTQYN.jpg,fish sea_food striped_red_mullet,256,256,JPEG
C:/Users/conta/OneDrive/Desktop/Multiclass/data/train\fish sea_food striped_red_mullet\HQHC6MJAFHGG.jpg,fish sea_food striped_red_mullet,256,256,JPEG
C:/Users/conta/OneDrive/Desktop/Multiclass/data/train\fish sea_food striped_red_mullet\HRQX9IJ41ZE7.jpg,fish sea_food striped_red_mullet,256,256,JPEG
C:/Users/conta/OneDrive/Desktop/Multiclass/data/train\fish sea_food striped_red_mullet\HRT2A79GOAX1.jpg,fish sea_food striped_red_mullet,256,256,JPEG
C:/Users/conta/OneDrive/Desktop/Multiclass/data/train\fish sea_food striped_red_mullet\HU87O7UKDLNW.jpg,fish sea_food striped_red_mullet,256,256,JPEG
C:/Users/conta/OneDrive/Desktop/Multiclass/data/train\fish sea_food striped_red_mullet\HWGRHTBZQFSY.jpg,fish sea_food striped_red_mullet,256,256,JPEG
C:/Users/conta/OneDrive/Desktop/Multiclass/data/train\fish sea_food striped_red_mullet\HZHHVJ85ZFGI.jpg,fish sea_food striped_red_mullet,256,256,JPEG
C:/Users/conta/OneDrive/Desktop/Multiclass/data/train\fish sea_food striped_red_mullet\I11F2UJCDIP9.jpg,fish sea_food striped_red_mullet,256,256,JPEG
C:/Users/conta/OneDrive/Desktop/Multiclass/data/train\fish sea_food striped_red_mullet\I1Z9FIUD0R22.jpg,fish sea_food striped_red_mullet,256,256,JPEG
C:/Users/conta/OneDrive/Desktop/Multiclass/data/train\fish sea_food striped_red_mullet\I3Q5VH22WCC4.jpg,fish sea_food striped_red_mullet,256,256,JPEG
C:/Users/conta/OneDrive/Desktop/Multiclass/data/train\fish sea_food striped_red_mullet\I53OD37XYV6V.jpg,fish sea_food striped_red_mullet,256,256,JPEG
C:/Users/conta/OneDrive/Desktop/Multiclass/data/train\fish sea_food striped_red_mullet\I6I0TX880LEH.jpg,fish sea_food striped_red_mullet,256,256,JPEG
C:/Users/conta/OneDrive/Desktop/Multiclass/data/train\fish sea_food striped_red_mullet\I7JF72BKP540.jpg,fish sea_food striped_red_mullet,256,256,JPEG
C:/Users/conta/OneDrive/Desktop/Multiclass/data/train\fish sea_food striped_red_mullet\I9NUNI39RSD9.jpg,fish sea_food striped_red_mullet,256,256,JPEG
C:/Users/conta/OneDrive/Desktop/Multiclass/data/train\fish sea_food striped_red_mullet\IC8WR9YJHS4E.jpg,fish sea_food striped_red_mullet,256,256,JPEG
C:/Users/conta/OneDrive/Desktop/Multiclass/data/train\fish sea_food striped_red_mullet\IEMNNAT0BCIS.jpg,fish sea_food striped_red_mullet,256,256,JPEG
C:/Users/conta/OneDrive/Desktop/Multiclass/data/train\fish sea_food striped_red_mullet\IFLM0ZSDMPLE.jpg,fish sea_food striped_red_mullet,256,256,JPEG
C:/Users/conta/OneDrive/Desktop/Multiclass/data/train\fish sea_food striped_red_mullet\IFY4N6FXVRGS.jpg,fish sea_food striped_red_mullet,256,256,JPEG
C:/Users/conta/OneDrive/Desktop/Multiclass/data/train\fish sea_food striped_red_mullet\IJ4ADPQJ9DFB.jpg,fish sea_food striped_red_mullet,256,256,JPEG
C:/Users/conta/OneDrive/Desktop/Multiclass/data/train\fish sea_food striped_red_mullet\IPRBHSOIKGXI.jpg,fish sea_food striped_red_mullet,256,256,JPEG
C:/Users/conta/OneDrive/Desktop/Multiclass/data/train\fish sea_food striped_red_mullet\IQNDYQG55CRB.jpg,fish sea_food striped_red_mullet,256,256,JPEG
C:/Users/conta/OneDrive/Desktop/Multiclass/data/train\fish sea_food striped_red_mullet\ISCIPDD77FP6.jpg,fish sea_food striped_red_mullet,256,256,JPEG
C:/Users/conta/OneDrive/Desktop/Multiclass/data/train\fish sea_food striped_red_mullet\J05REFVM37CL.jpg,fish sea_food striped_red_mullet,256,256,JPEG
C:/Users/conta/OneDrive/Desktop/Multiclass/data/train\fish sea_food striped_red_mullet\J226O9EH2L6Z.jpg,fish sea_food striped_red_mullet,256,256,JPEG
C:/Users/conta/OneDrive/Desktop/Multiclass/data/train\fish sea_food striped_red_mullet\J3VYL5R358KO.jpg,fish sea_food striped_red_mullet,256,256,JPEG
C:/Users/conta/OneDrive/Desktop/Multiclass/data/train\fish sea_food striped_red_mullet\J9C0EH7T34UQ.jpg,fish sea_food striped_red_mullet,256,256,JPEG
C:/Users/conta/OneDrive/Desktop/Multiclass/data/train\fish sea_food striped_red_mullet\J9TJ0JWHD9PC.jpg,fish sea_food striped_red_mullet,256,256,JPEG
C:/Users/conta/OneDrive/Desktop/Multiclass/data/train\fish sea_food striped_red_mullet\J9YI70JM9G8W.jpg,fish sea_food striped_red_mullet,256,256,JPEG
C:/Users/conta/OneDrive/Desktop/Multiclass/data/train\fish sea_food striped_red_mullet\JFV8BIDGBO4Q.jpg,fish sea_food striped_red_mullet,256,256,JPEG
C:/Users/conta/OneDrive/Desktop/Multiclass/data/train\fish sea_food striped_red_mullet\JH4A2X6IY2QK.jpg,fish sea_food striped_red_mullet,256,256,JPEG
C:/Users/conta/OneDrive/Desktop/Multiclass/data/train\fish sea_food striped_red_mullet\JK4L8AW1XX7W.jpg,fish sea_food striped_red_mullet,256,256,JPEG
C:/Users/conta/OneDrive/Desktop/Multiclass/data/train\fish sea_food striped_red_mullet\JLZXZ6SV9E12.jpg,fish sea_food striped_red_mullet,256,256,JPEG
C:/Users/conta/OneDrive/Desktop/Multiclass/data/train\fish sea_food striped_red_mullet\JMZSQO1KS5GF.jpg,fish sea_food striped_red_mullet,256,256,JPEG
C:/Users/conta/OneDrive/Desktop/Multiclass/data/train\fish sea_food striped_red_mullet\JN3CU2R26XVA.jpg,fish sea_food striped_red_mullet,256,256,JPEG
C:/Users/conta/OneDrive/Desktop/Multiclass/data/train\fish sea_food striped_red_mullet\JO1O7MD2HT9V.jpg,fish sea_food striped_red_mullet,256,256,JPEG
C:/Users/conta/OneDrive/Desktop/Multiclass/data/train\fish sea_food striped_red_mullet\K1PPSH40TDYJ.jpg,fish sea_food striped_red_mullet,256,256,JPEG
C:/Users/conta/OneDrive/Desktop/Multiclass/data/train\fish sea_food striped_red_mullet\K297Y3TWL890.jpg,fish sea_food striped_red_mullet,256,256,JPEG
C:/Users/conta/OneDrive/Desktop/Multiclass/data/train\fish sea_food striped_red_mullet\K9LL5JN7SH2I.jpg,fish sea_food striped_red_mullet,256,256,JPEG
C:/Users/conta/OneDrive/Desktop/Multiclass/data/train\fish sea_food striped_red_mullet\KA72MO29UEVO.jpg,fish sea_food striped_red_mullet,256,256,JPEG
C:/Users/conta/OneDrive/Desktop/Multiclass/data/train\fish sea_food striped_red_mullet\KDFCCAF4DHQH.jpg,fish sea_food striped_red_mullet,256,256,JPEG
C:/Users/conta/OneDrive/Desktop/Multiclass/data/train\fish sea_food striped_red_mullet\KGAWJB99O0K2.jpg,fish sea_food striped_red_mullet,256,256,JPEG
C:/Users/conta/OneDrive/Desktop/Multiclass/data/train\fish sea_food striped_red_mullet\KKT4P6N9SN23.jpg,fish sea_food striped_red_mullet,256,256,JPEG
C:/Users/conta/OneDrive/Desktop/Multiclass/data/train\fish sea_food striped_red_mullet\KQWWA1FXBM61.jpg,fish sea_food striped_red_mullet,256,256,JPEG
C:/Users/conta/OneDrive/Desktop/Multiclass/data/train\fish sea_food striped_red_mullet\KS92P1WL83ER.jpg,fish sea_food striped_red_mullet,256,256,JPEG
C:/Users/conta/OneDrive/Desktop/Multiclass/data/train\fish sea_food striped_red_mullet\KUSIZ2AW75ZN.jpg,fish sea_food striped_red_mullet,256,256,JPEG
C:/Users/conta/OneDrive/Desktop/Multiclass/data/train\fish sea_food striped_red_mullet\KUXUPYDH2S17.jpg,fish sea_food striped_red_mullet,256,256,JPEG
C:/Users/conta/OneDrive/Desktop/Multiclass/data/train\fish sea_food striped_red_mullet\KW9334MK4E9A.jpg,fish sea_food striped_red_mullet,256,256,JPEG
C:/Users/conta/OneDrive/Desktop/Multiclass/data/train\fish sea_food striped_red_mullet\KZ7C5XW3IXQF.jpg,fish sea_food striped_red_mullet,256,256,JPEG
C:/Users/conta/OneDrive/Desktop/Multiclass/data/train\fish sea_food striped_red_mullet\L3FMWC8L5N7F.jpg,fish sea_food striped_red_mullet,256,256,JPEG
C:/Users/conta/OneDrive/Desktop/Multiclass/data/train\fish sea_food striped_red_mullet\L9N746APF6K9.jpg,fish sea_food striped_red_mullet,256,256,JPEG
C:/Users/conta/OneDrive/Desktop/Multiclass/data/train\fish sea_food striped_red_mullet\LCO9CWCC3I4K.jpg,fish sea_food striped_red_mullet,256,256,JPEG
C:/Users/conta/OneDrive/Desktop/Multiclass/data/train\fish sea_food striped_red_mullet\LFJCB5DH8ZLZ.jpg,fish sea_food striped_red_mullet,256,256,JPEG
C:/Users/conta/OneDrive/Desktop/Multiclass/data/train\fish sea_food striped_red_mullet\LGX30YGPTLHR.jpg,fish sea_food striped_red_mullet,256,256,JPEG
C:/Users/conta/OneDrive/Desktop/Multiclass/data/train\fish sea_food striped_red_mullet\LLG9YNAXU77R.jpg,fish sea_food striped_red_mullet,256,256,JPEG
C:/Users/conta/OneDrive/Desktop/Multiclass/data/train\fish sea_food striped_red_mullet\LMMW9ZAJF0GU.jpg,fish sea_food striped_red_mullet,256,256,JPEG
C:/Users/conta/OneDrive/Desktop/Multiclass/data/train\fish sea_food striped_red_mullet\LPK1PP75QC6E.jpg,fish sea_food striped_red_mullet,256,256,JPEG
C:/Users/conta/OneDrive/Desktop/Multiclass/data/train\fish sea_food striped_red_mullet\LQJFHRB539XK.jpg,fish sea_food striped_red_mullet,256,256,JPEG
C:/Users/conta/OneDrive/Desktop/Multiclass/data/train\fish sea_food striped_red_mullet\LRDK8G84Y48G.jpg,fish sea_food striped_red_mullet,256,256,JPEG
C:/Users/conta/OneDrive/Desktop/Multiclass/data/train\fish sea_food striped_red_mullet\LREQUAANL209.jpg,fish sea_food striped_red_mullet,256,256,JPEG
C:/Users/conta/OneDrive/Desktop/Multiclass/data/train\fish sea_food striped_red_mullet\LRHUF2G0GYSJ.jpg,fish sea_food striped_red_mullet,256,256,JPEG
C:/Users/conta/OneDrive/Desktop/Multiclass/data/train\fish sea_food striped_red_mullet\LSJ1NJ0I7XAO.jpg,fish sea_food striped_red_mullet,256,256,JPEG
C:/Users/conta/OneDrive/Desktop/Multiclass/data/train\fish sea_food striped_red_mullet\LSJBO0N1AM00.jpg,fish sea_food striped_red_mullet,256,256,JPEG
C:/Users/conta/OneDrive/Desktop/Multiclass/data/train\fish sea_food striped_red_mullet\LTH2FBMFXHI3.jpg,fish sea_food striped_red_mullet,256,256,JPEG
C:/Users/conta/OneDrive/Desktop/Multiclass/data/train\fish sea_food striped_red_mullet\LVB5C2XJRRDK.jpg,fish sea_food striped_red_mullet,256,256,JPEG
C:/Users/conta/OneDrive/Desktop/Multiclass/data/train\fish sea_food striped_red_mullet\LX5MZ75225NV.jpg,fish sea_food striped_red_mullet,256,256,JPEG
C:/Users/conta/OneDrive/Desktop/Multiclass/data/train\fish sea_food striped_red_mullet\LXGDGGGPSFDP.jpg,fish sea_food striped_red_mullet,256,256,JPEG
C:/Users/conta/OneDrive/Desktop/Multiclass/data/train\fish sea_food striped_red_mullet\LXRW5Z6GD4HD.jpg,fish sea_food striped_red_mullet,256,256,JPEG
C:/Users/conta/OneDrive/Desktop/Multiclass/data/train\fish sea_food striped_red_mullet\LZPG2OGTXYX8.jpg,fish sea_food striped_red_mullet,256,256,JPEG
C:/Users/conta/OneDrive/Desktop/Multiclass/data/train\fish sea_food striped_red_mullet\LZQXTK0J6N03.jpg,fish sea_food striped_red_mullet,256,256,JPEG
C:/Users/conta/OneDrive/Desktop/Multiclass/data/train\fish sea_food striped_red_mullet\M334H8CJHX27.jpg,fish sea_food striped_red_mullet,256,256,JPEG
C:/Users/conta/OneDrive/Desktop/Multiclass/data/train\fish sea_food striped_red_mullet\M4ZNW1FXYHZ1.jpg,fish sea_food striped_red_mullet,256,256,JPEG
C:/Users/conta/OneDrive/Desktop/Multiclass/data/train\fish sea_food striped_red_mullet\M6LYPY1529BL.jpg,fish sea_food striped_red_mullet,256,256,JPEG
C:/Users/conta/OneDrive/Desktop/Multiclass/data/train\fish sea_food striped_red_mullet\M84Y5UAVMMD7.jpg,fish sea_food striped_red_mullet,256,256,JPEG
C:/Users/conta/OneDrive/Desktop/Multiclass/data/train\fish sea_food striped_red_mullet\MDS0AT9YW996.jpg,fish sea_food striped_red_mullet,256,256,JPEG
C:/Users/conta/OneDrive/Desktop/Multiclass/data/train\fish sea_food striped_red_mullet\MEZYDM81LSMV.jpg,fish sea_food striped_red_mullet,256,256,JPEG
C:/Users/conta/OneDrive/Desktop/Multiclass/data/train\fish sea_food striped_red_mullet\MHWKBMQTXYKD.jpg,fish sea_food striped_red_mullet,256,256,JPEG
C:/Users/conta/OneDrive/Desktop/Multiclass/data/train\fish sea_food striped_red_mullet\MISEYEG4I689.jpg,fish sea_food striped_red_mullet,256,256,JPEG
C:/Users/conta/OneDrive/Desktop/Multiclass/data/train\fish sea_food striped_red_mullet\MJF2PBXL53WR.jpg,fish sea_food striped_red_mullet,256,256,JPEG
C:/Users/conta/OneDrive/Desktop/Multiclass/data/train\fish sea_food striped_red_mullet\MJOGRBM36J4X.jpg,fish sea_food striped_red_mullet,256,256,JPEG
C:/Users/conta/OneDrive/Desktop/Multiclass/data/train\fish sea_food striped_red_mullet\MN7EABBFMTJT.jpg,fish sea_food striped_red_mullet,256,256,JPEG
C:/Users/conta/OneDrive/Desktop/Multiclass/data/train\fish sea_food striped_red_mullet\MVG16GOQT7X7.jpg,fish sea_food striped_red_mullet,256,256,JPEG
C:/Users/conta/OneDrive/Desktop/Multiclass/data/train\fish sea_food striped_red_mullet\MZOOOLG56VIQ.jpg,fish sea_food striped_red_mullet,256,256,JPEG
C:/Users/conta/OneDrive/Desktop/Multiclass/data/train\fish sea_food striped_red_mullet\N2G1R8V2J6Z6.jpg,fish sea_food striped_red_mullet,256,256,JPEG
C:/Users/conta/OneDrive/Desktop/Multiclass/data/train\fish sea_food striped_red_mullet\N6SL7CACBY9P.jpg,fish sea_food striped_red_mullet,256,256,JPEG
C:/Users/conta/OneDrive/Desktop/Multiclass/data/train\fish sea_food striped_red_mullet\N76DQL1V19W1.jpg,fish sea_food striped_red_mullet,256,256,JPEG
C:/Users/conta/OneDrive/Desktop/Multiclass/data/train\fish sea_food striped_red_mullet\NEGGVL675DY4.jpg,fish sea_food striped_red_mullet,256,256,JPEG
C:/Users/conta/OneDrive/Desktop/Multiclass/data/train\fish sea_food striped_red_mullet\NGZXQHSSG2LD.jpg,fish sea_food striped_red_mullet,256,256,JPEG
C:/Users/conta/OneDrive/Desktop/Multiclass/data/train\fish sea_food striped_red_mullet\NL1N1NDLHMLL.jpg,fish sea_food striped_red_mullet,256,256,JPEG
C:/Users/conta/OneDrive/Desktop/Multiclass/data/train\fish sea_food striped_red_mullet\NL8OI6EL644O.jpg,fish sea_food striped_red_mullet,256,256,JPEG
C:/Users/conta/OneDrive/Desktop/Multiclass/data/train\fish sea_food striped_red_mullet\NMJ0QWIV1O7E.jpg,fish sea_food striped_red_mullet,256,256,JPEG
C:/Users/conta/OneDrive/Desktop/Multiclass/data/train\fish sea_food striped_red_mullet\NNJNLLTVUIZW.jpg,fish sea_food striped_red_mullet,256,256,JPEG
C:/Users/conta/OneDrive/Desktop/Multiclass/data/train\fish sea_food striped_red_mullet\NTGG2VGE4UDJ.jpg,fish sea_food striped_red_mullet,256,256,JPEG
C:/Users/conta/OneDrive/Desktop/Multiclass/data/train\fish sea_food striped_red_mullet\NV5IJWTQ0HFG.jpg,fish sea_food striped_red_mullet,256,256,JPEG
C:/Users/conta/OneDrive/Desktop/Multiclass/data/train\fish sea_food striped_red_mullet\NZ7ORDEGN1C5.jpg,fish sea_food striped_red_mullet,256,256,JPEG
C:/Users/conta/OneDrive/Desktop/Multiclass/data/train\fish sea_food striped_red_mullet\O3RYW7EL3JUY.jpg,fish sea_food striped_red_mullet,256,256,JPEG
C:/Users/conta/OneDrive/Desktop/Multiclass/data/train\fish sea_food striped_red_mullet\O423BXZKGBRR.jpg,fish sea_food striped_red_mullet,256,256,JPEG
C:/Users/conta/OneDrive/Desktop/Multiclass/data/train\fish sea_food striped_red_mullet\O6SC93W2ZQZB.jpg,fish sea_food striped_red_mullet,256,256,JPEG
C:/Users/conta/OneDrive/Desktop/Multiclass/data/train\fish sea_food striped_red_mullet\O7K91QXQGHY5.jpg,fish sea_food striped_red_mullet,256,256,JPEG
C:/Users/conta/OneDrive/Desktop/Multiclass/data/train\fish sea_food striped_red_mullet\OE6IZGHR69CV.jpg,fish sea_food striped_red_mullet,256,256,JPEG
C:/Users/conta/OneDrive/Desktop/Multiclass/data/train\fish sea_food striped_red_mullet\OTIN1LQ47USJ.jpg,fish sea_food striped_red_mullet,256,256,JPEG
C:/Users/conta/OneDrive/Desktop/Multiclass/data/train\fish sea_food striped_red_mullet\OTQNHDZU6EUJ.jpg,fish sea_food striped_red_mullet,256,256,JPEG
C:/Users/conta/OneDrive/Desktop/Multiclass/data/train\fish sea_food striped_red_mullet\OVMZTXTBK9DB.jpg,fish sea_food striped_red_mullet,256,256,JPEG
C:/Users/conta/OneDrive/Desktop/Multiclass/data/train\fish sea_food striped_red_mullet\OXJ051425TBP.jpg,fish sea_food striped_red_mullet,256,256,JPEG
C:/Users/conta/OneDrive/Desktop/Multiclass/data/train\fish sea_food striped_red_mullet\OYZRLPSO3BKW.jpg,fish sea_food striped_red_mullet,256,256,JPEG
C:/Users/conta/OneDrive/Desktop/Multiclass/data/train\fish sea_food striped_red_mullet\P06FWO1PV7AO.jpg,fish sea_food striped_red_mullet,256,256,JPEG
C:/Users/conta/OneDrive/Desktop/Multiclass/data/train\fish sea_food striped_red_mullet\P0ZZFIIZGBYP.jpg,fish sea_food striped_red_mullet,256,256,JPEG
C:/Users/conta/OneDrive/Desktop/Multiclass/data/train\fish sea_food striped_red_mullet\P4O0IR7GHFIL.jpg,fish sea_food striped_red_mullet,256,256,JPEG
C:/Users/conta/OneDrive/Desktop/Multiclass/data/train\fish sea_food striped_red_mullet\P6OQ773L5FPH.jpg,fish sea_food striped_red_mullet,256,256,JPEG
C:/Users/conta/OneDrive/Desktop/Multiclass/data/train\fish sea_food striped_red_mullet\PAARHE5OUSU2.jpg,fish sea_food striped_red_mullet,256,256,JPEG
C:/Users/conta/OneDrive/Desktop/Multiclass/data/train\fish sea_food striped_red_mullet\PBBIZE8STUKJ.jpg,fish sea_food striped_red_mullet,256,256,JPEG
C:/Users/conta/OneDrive/Desktop/Multiclass/data/train\fish sea_food striped_red_mullet\PBJ47YW83QSU.jpg,fish sea_food striped_red_mullet,256,256,JPEG
C:/Users/conta/OneDrive/Desktop/Multiclass/data/train\fish sea_food striped_red_mullet\PC0WSIY5SH1T.jpg,fish sea_food striped_red_mullet,256,256,JPEG
C:/Users/conta/OneDrive/Desktop/Multiclass/data/train\fish sea_food striped_red_mullet\PCA8WL13EVL7.jpg,fish sea_food striped_red_mullet,256,256,JPEG
C:/Users/conta/OneDrive/Desktop/Multiclass/data/train\fish sea_food striped_red_mullet\PNKJOHE3UT5E.jpg,fish sea_food striped_red_mullet,256,256,JPEG
C:/Users/conta/OneDrive/Desktop/Multiclass/data/train\fish sea_food striped_red_mullet\PQZX3283XGLG.jpg,fish sea_food striped_red_mullet,256,256,JPEG
C:/Users/conta/OneDrive/Desktop/Multiclass/data/train\fish sea_food striped_red_mullet\PSN9Y4XCWQ42.jpg,fish sea_food striped_red_mullet,256,256,JPEG
C:/Users/conta/OneDrive/Desktop/Multiclass/data/train\fish sea_food striped_red_mullet\PTV187NU4TNP.jpg,fish sea_food striped_red_mullet,256,256,JPEG
C:/Users/conta/OneDrive/Desktop/Multiclass/data/train\fish sea_food striped_red_mullet\Q4C60JES2D10.jpg,fish sea_food striped_red_mullet,256,256,JPEG
C:/Users/conta/OneDrive/Desktop/Multiclass/data/train\fish sea_food striped_red_mullet\Q5C8BHJPOC2G.jpg,fish sea_food striped_red_mullet,256,256,JPEG
C:/Users/conta/OneDrive/Desktop/Multiclass/data/train\fish sea_food striped_red_mullet\Q65MFFETONN5.jpg,fish sea_food striped_red_mullet,256,256,JPEG
C:/Users/conta/OneDrive/Desktop/Multiclass/data/train\fish sea_food striped_red_mullet\Q9PBR1MZFT4Z.jpg,fish sea_food striped_red_mullet,256,256,JPEG
C:/Users/conta/OneDrive/Desktop/Multiclass/data/train\fish sea_food striped_red_mullet\QCD8RQRGSCH7.jpg,fish sea_food striped_red_mullet,256,256,JPEG
C:/Users/conta/OneDrive/Desktop/Multiclass/data/train\fish sea_food striped_red_mullet\QFILQVD7Q6SP.jpg,fish sea_food striped_red_mullet,256,256,JPEG
C:/Users/conta/OneDrive/Desktop/Multiclass/data/train\fish sea_food striped_red_mullet\QG7F27IAS6GS.jpg,fish sea_food striped_red_mullet,256,256,JPEG
C:/Users/conta/OneDrive/Desktop/Multiclass/data/train\fish sea_food striped_red_mullet\QJ4RTHHTR0U3.jpg,fish sea_food striped_red_mullet,256,256,JPEG
C:/Users/conta/OneDrive/Desktop/Multiclass/data/train\fish sea_food striped_red_mullet\QJNETVFOA5HW.jpg,fish sea_food striped_red_mullet,256,256,JPEG
C:/Users/conta/OneDrive/Desktop/Multiclass/data/train\fish sea_food striped_red_mullet\QKIDCA2S3KB6.jpg,fish sea_food striped_red_mullet,256,256,JPEG
C:/Users/conta/OneDrive/Desktop/Multiclass/data/train\fish sea_food striped_red_mullet\QMTP5Y4A69Z3.jpg,fish sea_food striped_red_mullet,256,256,JPEG
C:/Users/conta/OneDrive/Desktop/Multiclass/data/train\fish sea_food striped_red_mullet\QOB8X5I1JNVC.jpg,fish sea_food striped_red_mullet,256,256,JPEG
C:/Users/conta/OneDrive/Desktop/Multiclass/data/train\fish sea_food striped_red_mullet\QR6LE99JGVS5.jpg,fish sea_food striped_red_mullet,256,256,JPEG
C:/Users/conta/OneDrive/Desktop/Multiclass/data/train\fish sea_food striped_red_mullet\QRARZNWC9BZX.jpg,fish sea_food striped_red_mullet,256,256,JPEG
C:/Users/conta/OneDrive/Desktop/Multiclass/data/train\fish sea_food striped_red_mullet\QSZMS3F8C6N4.jpg,fish sea_food striped_red_mullet,256,256,JPEG
C:/Users/conta/OneDrive/Desktop/Multiclass/data/train\fish sea_food striped_red_mullet\QXP1234ZVNV8.jpg,fish sea_food striped_red_mullet,256,256,JPEG
C:/Users/conta/OneDrive/Desktop/Multiclass/data/train\fish sea_food striped_red_mullet\QZAKQLA1XNCV.jpg,fish sea_food striped_red_mullet,256,256,JPEG
C:/Users/conta/OneDrive/Desktop/Multiclass/data/train\fish sea_food striped_red_mullet\R5V3BOH71YX1.jpg,fish sea_food striped_red_mullet,256,256,JPEG
C:/Users/conta/OneDrive/Desktop/Multiclass/data/train\fish sea_food striped_red_mullet\R6IOMNBK5Z0X.jpg,fish sea_food striped_red_mullet,256,256,JPEG
C:/Users/conta/OneDrive/Desktop/Multiclass/data/train\fish sea_food striped_red_mullet\R8BXQ3R8QB7P.jpg,fish sea_food striped_red_mullet,256,256,JPEG
C:/Users/conta/OneDrive/Desktop/Multiclass/data/train\fish sea_food striped_red_mullet\R9JULDGROCES.jpg,fish sea_food striped_red_mullet,256,256,JPEG
C:/Users/conta/OneDrive/Desktop/Multiclass/data/train\fish sea_food striped_red_mullet\RB0YCJBTO03C.jpg,fish sea_food striped_red_mullet,256,256,JPEG
C:/Users/conta/OneDrive/Desktop/Multiclass/data/train\fish sea_food striped_red_mullet\RCS3K9EME852.jpg,fish sea_food striped_red_mullet,256,256,JPEG
C:/Users/conta/OneDrive/Desktop/Multiclass/data/train\fish sea_food striped_red_mullet\RFR1A74XKP9Q.jpg,fish sea_food striped_red_mullet,256,256,JPEG
C:/Users/conta/OneDrive/Desktop/Multiclass/data/train\fish sea_food striped_red_mullet\RH3S9WSC0J6V.jpg,fish sea_food striped_red_mullet,256,256,JPEG
C:/Users/conta/OneDrive/Desktop/Multiclass/data/train\fish sea_food striped_red_mullet\RI2CUPRKB7O3.jpg,fish sea_food striped_red_mullet,256,256,JPEG
C:/Users/conta/OneDrive/Desktop/Multiclass/data/train\fish sea_food striped_red_mullet\RJ6WD0RPD8RL.jpg,fish sea_food striped_red_mullet,256,256,JPEG
C:/Users/conta/OneDrive/Desktop/Multiclass/data/train\fish sea_food striped_red_mullet\RLOTN82T3DIT.jpg,fish sea_food striped_red_mullet,256,256,JPEG
C:/Users/conta/OneDrive/Desktop/Multiclass/data/train\fish sea_food striped_red_mullet\RO4PC65HWDIF.jpg,fish sea_food striped_red_mullet,256,256,JPEG
C:/Users/conta/OneDrive/Desktop/Multiclass/data/train\fish sea_food striped_red_mullet\RP40U8OPHVQV.jpg,fish sea_food striped_red_mullet,256,256,JPEG
C:/Users/conta/OneDrive/Desktop/Multiclass/data/train\fish sea_food striped_red_mullet\RPI5Y1DO6ME7.jpg,fish sea_food striped_red_mullet,256,256,JPEG
C:/Users/conta/OneDrive/Desktop/Multiclass/data/train\fish sea_food striped_red_mullet\RTPXKHZSLH1P.jpg,fish sea_food striped_red_mullet,256,256,JPEG
C:/Users/conta/OneDrive/Desktop/Multiclass/data/train\fish sea_food striped_red_mullet\RUXI4RZF80ID.jpg,fish sea_food striped_red_mullet,256,256,JPEG
C:/Users/conta/OneDrive/Desktop/Multiclass/data/train\fish sea_food striped_red_mullet\RVWO2D3TTFWQ.jpg,fish sea_food striped_red_mullet,256,256,JPEG
C:/Users/conta/OneDrive/Desktop/Multiclass/data/train\fish sea_food striped_red_mullet\RZRVYHBQRB5G.jpg,fish sea_food striped_red_mullet,256,256,JPEG
C:/Users/conta/OneDrive/Desktop/Multiclass/data/train\fish sea_food striped_red_mullet\S1YIA92J4H6W.jpg,fish sea_food striped_red_mullet,256,256,JPEG
C:/Users/conta/OneDrive/Desktop/Multiclass/data/train\fish sea_food striped_red_mullet\S398ZR3Z2E1L.jpg,fish sea_food striped_red_mullet,256,256,JPEG
C:/Users/conta/OneDrive/Desktop/Multiclass/data/train\fish sea_food striped_red_mullet\S5RKBJ7LCP8X.jpg,fish sea_food striped_red_mullet,256,256,JPEG
C:/Users/conta/OneDrive/Desktop/Multiclass/data/train\fish sea_food striped_red_mullet\SBFBMS7UGXAH.jpg,fish sea_food striped_red_mullet,256,256,JPEG
C:/Users/conta/OneDrive/Desktop/Multiclass/data/train\fish sea_food striped_red_mullet\SBX2EXQ6BWRP.jpg,fish sea_food striped_red_mullet,256,256,JPEG
C:/Users/conta/OneDrive/Desktop/Multiclass/data/train\fish sea_food striped_red_mullet\SFRHF5JFDAFA.jpg,fish sea_food striped_red_mullet,256,256,JPEG
C:/Users/conta/OneDrive/Desktop/Multiclass/data/train\fish sea_food striped_red_mullet\SG2F1TZB5YUI.jpg,fish sea_food striped_red_mullet,256,256,JPEG
C:/Users/conta/OneDrive/Desktop/Multiclass/data/train\fish sea_food striped_red_mullet\SGKNVBPZ5AB0.jpg,fish sea_food striped_red_mullet,256,256,JPEG
C:/Users/conta/OneDrive/Desktop/Multiclass/data/train\fish sea_food striped_red_mullet\SJTFQN9RIEP7.jpg,fish sea_food striped_red_mullet,256,256,JPEG
C:/Users/conta/OneDrive/Desktop/Multiclass/data/train\fish sea_food striped_red_mullet\SN97DO4X3B7E.jpg,fish sea_food striped_red_mullet,256,256,JPEG
C:/Users/conta/OneDrive/Desktop/Multiclass/data/train\fish sea_food striped_red_mullet\SOK11FDOK63G.jpg,fish sea_food striped_red_mullet,256,256,JPEG
C:/Users/conta/OneDrive/Desktop/Multiclass/data/train\fish sea_food striped_red_mullet\SV3V8OK2IRC0.jpg,fish sea_food striped_red_mullet,256,256,JPEG
C:/Users/conta/OneDrive/Desktop/Multiclass/data/train\fish sea_food striped_red_mullet\SW0XQF2NU0PY.jpg,fish sea_food striped_red_mullet,256,256,JPEG
C:/Users/conta/OneDrive/Desktop/Multiclass/data/train\fish sea_food striped_red_mullet\SWHML24L9TYN.jpg,fish sea_food striped_red_mullet,256,256,JPEG
C:/Users/conta/OneDrive/Desktop/Multiclass/data/train\fish sea_food striped_red_mullet\SZQ76VGV6JHB.jpg,fish sea_food striped_red_mullet,256,256,JPEG
C:/Users/conta/OneDrive/Desktop/Multiclass/data/train\fish sea_food striped_red_mullet\SZQHJHI7E13U.jpg,fish sea_food striped_red_mullet,256,256,JPEG
C:/Users/conta/OneDrive/Desktop/Multiclass/data/train\fish sea_food striped_red_mullet\T0IQ88PBRRF7.jpg,fish sea_food striped_red_mullet,256,256,JPEG
C:/Users/conta/OneDrive/Desktop/Multiclass/data/train\fish sea_food striped_red_mullet\T1MPE784TVF4.jpg,fish sea_food striped_red_mullet,256,256,JPEG
C:/Users/conta/OneDrive/Desktop/Multiclass/data/train\fish sea_food striped_red_mullet\T2YRNDUSZPHU.jpg,fish sea_food striped_red_mullet,256,256,JPEG
C:/Users/conta/OneDrive/Desktop/Multiclass/data/train\fish sea_food striped_red_mullet\T4LBGQ9C70MF.jpg,fish sea_food striped_red_mullet,256,256,JPEG
C:/Users/conta/OneDrive/Desktop/Multiclass/data/train\fish sea_food striped_red_mullet\TAFXK6LKFFLR.jpg,fish sea_food striped_red_mullet,256,256,JPEG
C:/Users/conta/OneDrive/Desktop/Multiclass/data/train\fish sea_food striped_red_mullet\TCBUYV1BGV4O.jpg,fish sea_food striped_red_mullet,256,256,JPEG
C:/Users/conta/OneDrive/Desktop/Multiclass/data/train\fish sea_food striped_red_mullet\TH0OEMVPO95N.jpg,fish sea_food striped_red_mullet,256,256,JPEG
C:/Users/conta/OneDrive/Desktop/Multiclass/data/train\fish sea_food striped_red_mullet\TJ90G0MQI0F1.jpg,fish sea_food striped_red_mullet,256,256,JPEG
C:/Users/conta/OneDrive/Desktop/Multiclass/data/train\fish sea_food striped_red_mullet\TJDWHXKZ43SD.jpg,fish sea_food striped_red_mullet,256,256,JPEG
C:/Users/conta/OneDrive/Desktop/Multiclass/data/train\fish sea_food striped_red_mullet\TJETNDT3W964.jpg,fish sea_food striped_red_mullet,256,256,JPEG
C:/Users/conta/OneDrive/Desktop/Multiclass/data/train\fish sea_food striped_red_mullet\TQJ3WKPOW1MF.jpg,fish sea_food striped_red_mullet,256,256,JPEG
C:/Users/conta/OneDrive/Desktop/Multiclass/data/train\fish sea_food striped_red_mullet\TR5ZAWR2UF3D.jpg,fish sea_food striped_red_mullet,256,256,JPEG
C:/Users/conta/OneDrive/Desktop/Multiclass/data/train\fish sea_food striped_red_mullet\TR72XX2HMQU1.jpg,fish sea_food striped_red_mullet,256,256,JPEG
C:/Users/conta/OneDrive/Desktop/Multiclass/data/train\fish sea_food striped_red_mullet\TSQUYQ6VHQC2.jpg,fish sea_food striped_red_mullet,256,256,JPEG
C:/Users/conta/OneDrive/Desktop/Multiclass/data/train\fish sea_food striped_red_mullet\TVL2RY6TX3Z4.jpg,fish sea_food striped_red_mullet,256,256,JPEG
C:/Users/conta/OneDrive/Desktop/Multiclass/data/train\fish sea_food striped_red_mullet\TWOOTBQP62XN.jpg,fish sea_food striped_red_mullet,256,256,JPEG
C:/Users/conta/OneDrive/Desktop/Multiclass/data/train\fish sea_food striped_red_mullet\TWZJDQ89IWBX.jpg,fish sea_food striped_red_mullet,256,256,JPEG
C:/Users/conta/OneDrive/Desktop/Multiclass/data/train\fish sea_food striped_red_mullet\TXJQWW0TIKP0.jpg,fish sea_food striped_red_mullet,256,256,JPEG
C:/Users/conta/OneDrive/Desktop/Multiclass/data/train\fish sea_food striped_red_mullet\U2M0HGL7IIF3.jpg,fish sea_food striped_red_mullet,256,256,JPEG
C:/Users/conta/OneDrive/Desktop/Multiclass/data/train\fish sea_food striped_red_mullet\U2TD7K21D1W9.jpg,fish sea_food striped_red_mullet,256,256,JPEG
C:/Users/conta/OneDrive/Desktop/Multiclass/data/train\fish sea_food striped_red_mullet\U2YLQMDVYKRC.jpg,fish sea_food striped_red_mullet,256,256,JPEG
C:/Users/conta/OneDrive/Desktop/Multiclass/data/train\fish sea_food striped_red_mullet\UC3S02A0FT7X.jpg,fish sea_food striped_red_mullet,256,256,JPEG
C:/Users/conta/OneDrive/Desktop/Multiclass/data/train\fish sea_food striped_red_mullet\UH7Y40T7AZHU.jpg,fish sea_food striped_red_mullet,256,256,JPEG
C:/Users/conta/OneDrive/Desktop/Multiclass/data/train\fish sea_food striped_red_mullet\UIHWZ980VHV7.jpg,fish sea_food striped_red_mullet,256,256,JPEG
C:/Users/conta/OneDrive/Desktop/Multiclass/data/train\fish sea_food striped_red_mullet\UIKYG1TB3ENM.jpg,fish sea_food striped_red_mullet,256,256,JPEG
C:/Users/conta/OneDrive/Desktop/Multiclass/data/train\fish sea_food striped_red_mullet\UMZPEPEZ2JYW.jpg,fish sea_food striped_red_mullet,256,256,JPEG
C:/Users/conta/OneDrive/Desktop/Multiclass/data/train\fish sea_food striped_red_mullet\UOOURY50IEWO.jpg,fish sea_food striped_red_mullet,256,256,JPEG
C:/Users/conta/OneDrive/Desktop/Multiclass/data/train\fish sea_food striped_red_mullet\UQ8SX15XH4WG.jpg,fish sea_food striped_red_mullet,256,256,JPEG
C:/Users/conta/OneDrive/Desktop/Multiclass/data/train\fish sea_food striped_red_mullet\UR1B5DIXCK1Q.jpg,fish sea_food striped_red_mullet,256,256,JPEG
C:/Users/conta/OneDrive/Desktop/Multiclass/data/train\fish sea_food striped_red_mullet\USLQG0NL745F.jpg,fish sea_food striped_red_mullet,256,256,JPEG
C:/Users/conta/OneDrive/Desktop/Multiclass/data/train\fish sea_food striped_red_mullet\UVTCFDRK3J1Z.jpg,fish sea_food striped_red_mullet,256,256,JPEG
C:/Users/conta/OneDrive/Desktop/Multiclass/data/train\fish sea_food striped_red_mullet\UXRTW0ZBNI5Q.jpg,fish sea_food striped_red_mullet,256,256,JPEG
C:/Users/conta/OneDrive/Desktop/Multiclass/data/train\fish sea_food striped_red_mullet\UZ7J4ZJ4XXPU.jpg,fish sea_food striped_red_mullet,256,256,JPEG
C:/Users/conta/OneDrive/Desktop/Multiclass/data/train\fish sea_food striped_red_mullet\V16GN4BKVR4H.jpg,fish sea_food striped_red_mullet,256,256,JPEG
C:/Users/conta/OneDrive/Desktop/Multiclass/data/train\fish sea_food striped_red_mullet\VEICKAIQQ3J5.jpg,fish sea_food striped_red_mullet,256,256,JPEG
C:/Users/conta/OneDrive/Desktop/Multiclass/data/train\fish sea_food striped_red_mullet\VIBR34DBTUS9.jpg,fish sea_food striped_red_mullet,256,256,JPEG
C:/Users/conta/OneDrive/Desktop/Multiclass/data/train\fish sea_food striped_red_mullet\VQSR4KYDD63O.jpg,fish sea_food striped_red_mullet,256,256,JPEG
C:/Users/conta/OneDrive/Desktop/Multiclass/data/train\fish sea_food striped_red_mullet\VSWMPLR9TI92.jpg,fish sea_food striped_red_mullet,256,256,JPEG
C:/Users/conta/OneDrive/Desktop/Multiclass/data/train\fish sea_food striped_red_mullet\VVSF6CFD0YHF.jpg,fish sea_food striped_red_mullet,256,256,JPEG
C:/Users/conta/OneDrive/Desktop/Multiclass/data/train\fish sea_food striped_red_mullet\VVSMW3WQMUVV.jpg,fish sea_food striped_red_mullet,256,256,JPEG
C:/Users/conta/OneDrive/Desktop/Multiclass/data/train\fish sea_food striped_red_mullet\VWRJYWJ75QIV.jpg,fish sea_food striped_red_mullet,256,256,JPEG
C:/Users/conta/OneDrive/Desktop/Multiclass/data/train\fish sea_food striped_red_mullet\VY9FJMJ4MVE0.jpg,fish sea_food striped_red_mullet,256,256,JPEG
C:/Users/conta/OneDrive/Desktop/Multiclass/data/train\fish sea_food striped_red_mullet\VZ845VCWPC6L.jpg,fish sea_food striped_red_mullet,256,256,JPEG
C:/Users/conta/OneDrive/Desktop/Multiclass/data/train\fish sea_food striped_red_mullet\W1GH6WR2PJWF.jpg,fish sea_food striped_red_mullet,256,256,JPEG
C:/Users/conta/OneDrive/Desktop/Multiclass/data/train\fish sea_food striped_red_mullet\W22USPDDNS7R.jpg,fish sea_food striped_red_mullet,256,256,JPEG
C:/Users/conta/OneDrive/Desktop/Multiclass/data/train\fish sea_food striped_red_mullet\W3NDLFC4OQY2.jpg,fish sea_food striped_red_mullet,256,256,JPEG
C:/Users/conta/OneDrive/Desktop/Multiclass/data/train\fish sea_food striped_red_mullet\W4GCSEA9RGU2.jpg,fish sea_food striped_red_mullet,256,256,JPEG
C:/Users/conta/OneDrive/Desktop/Multiclass/data/train\fish sea_food striped_red_mullet\W6ZDI490M3AL.jpg,fish sea_food striped_red_mullet,256,256,JPEG
C:/Users/conta/OneDrive/Desktop/Multiclass/data/train\fish sea_food striped_red_mullet\WATKOJ5VO2WO.jpg,fish sea_food striped_red_mullet,256,256,JPEG
C:/Users/conta/OneDrive/Desktop/Multiclass/data/train\fish sea_food striped_red_mullet\WB00HQV8IDPI.jpg,fish sea_food striped_red_mullet,256,256,JPEG
C:/Users/conta/OneDrive/Desktop/Multiclass/data/train\fish sea_food striped_red_mullet\WBARB0N3E67Z.jpg,fish sea_food striped_red_mullet,256,256,JPEG
C:/Users/conta/OneDrive/Desktop/Multiclass/data/train\fish sea_food striped_red_mullet\WDGIRNH3FGJL.jpg,fish sea_food striped_red_mullet,256,256,JPEG
C:/Users/conta/OneDrive/Desktop/Multiclass/data/train\fish sea_food striped_red_mullet\WEB8QD3VLSHU.jpg,fish sea_food striped_red_mullet,256,256,JPEG
C:/Users/conta/OneDrive/Desktop/Multiclass/data/train\fish sea_food striped_red_mullet\WHO5Z1T6ZBJT.jpg,fish sea_food striped_red_mullet,256,256,JPEG
C:/Users/conta/OneDrive/Desktop/Multiclass/data/train\fish sea_food striped_red_mullet\WHYIAOEWTJ1C.jpg,fish sea_food striped_red_mullet,256,256,JPEG
C:/Users/conta/OneDrive/Desktop/Multiclass/data/train\fish sea_food striped_red_mullet\WR0S43NO6AN5.jpg,fish sea_food striped_red_mullet,256,256,JPEG
C:/Users/conta/OneDrive/Desktop/Multiclass/data/train\fish sea_food striped_red_mullet\WSYGYIS423C8.jpg,fish sea_food striped_red_mullet,256,256,JPEG
C:/Users/conta/OneDrive/Desktop/Multiclass/data/train\fish sea_food striped_red_mullet\WU4AO765TXBV.jpg,fish sea_food striped_red_mullet,256,256,JPEG
C:/Users/conta/OneDrive/Desktop/Multiclass/data/train\fish sea_food striped_red_mullet\WXY33BMC2J4V.jpg,fish sea_food striped_red_mullet,256,256,JPEG
C:/Users/conta/OneDrive/Desktop/Multiclass/data/train\fish sea_food striped_red_mullet\X1GREYAQNUNC.jpg,fish sea_food striped_red_mullet,256,256,JPEG
C:/Users/conta/OneDrive/Desktop/Multiclass/data/train\fish sea_food striped_red_mullet\X2RKLL35G0KQ.jpg,fish sea_food striped_red_mullet,256,256,JPEG
C:/Users/conta/OneDrive/Desktop/Multiclass/data/train\fish sea_food striped_red_mullet\X5YYKZQGLNUF.jpg,fish sea_food striped_red_mullet,256,256,JPEG
C:/Users/conta/OneDrive/Desktop/Multiclass/data/train\fish sea_food striped_red_mullet\X9W3LUMLDEYL.jpg,fish sea_food striped_red_mullet,256,256,JPEG
C:/Users/conta/OneDrive/Desktop/Multiclass/data/train\fish sea_food striped_red_mullet\XBTKTHQDSSFD.jpg,fish sea_food striped_red_mullet,256,256,JPEG
C:/Users/conta/OneDrive/Desktop/Multiclass/data/train\fish sea_food striped_red_mullet\XCXMR64N8446.jpg,fish sea_food striped_red_mullet,256,256,JPEG
C:/Users/conta/OneDrive/Desktop/Multiclass/data/train\fish sea_food striped_red_mullet\XEZDYSC10VTH.jpg,fish sea_food striped_red_mullet,256,256,JPEG
C:/Users/conta/OneDrive/Desktop/Multiclass/data/train\fish sea_food striped_red_mullet\XK49FXVLRZAJ.jpg,fish sea_food striped_red_mullet,256,256,JPEG
C:/Users/conta/OneDrive/Desktop/Multiclass/data/train\fish sea_food striped_red_mullet\XL9VRIVFMUUJ.jpg,fish sea_food striped_red_mullet,256,256,JPEG
C:/Users/conta/OneDrive/Desktop/Multiclass/data/train\fish sea_food striped_red_mullet\XMM5QX32MVDD.jpg,fish sea_food striped_red_mullet,256,256,JPEG
C:/Users/conta/OneDrive/Desktop/Multiclass/data/train\fish sea_food striped_red_mullet\XMRR3VGME5I3.jpg,fish sea_food striped_red_mullet,256,256,JPEG
C:/Users/conta/OneDrive/Desktop/Multiclass/data/train\fish sea_food striped_red_mullet\XRZOH6K15Y84.jpg,fish sea_food striped_red_mullet,256,256,JPEG
C:/Users/conta/OneDrive/Desktop/Multiclass/data/train\fish sea_food striped_red_mullet\XS5GY03X7KZK.jpg,fish sea_food striped_red_mullet,256,256,JPEG
C:/Users/conta/OneDrive/Desktop/Multiclass/data/train\fish sea_food striped_red_mullet\XUK7PII4CUUG.jpg,fish sea_food striped_red_mullet,256,256,JPEG
C:/Users/conta/OneDrive/Desktop/Multiclass/data/train\fish sea_food striped_red_mullet\XWOVD4AWGOB6.jpg,fish sea_food striped_red_mullet,256,256,JPEG
C:/Users/conta/OneDrive/Desktop/Multiclass/data/train\fish sea_food striped_red_mullet\Y02COTS8DZS9.jpg,fish sea_food striped_red_mullet,256,256,JPEG
C:/Users/conta/OneDrive/Desktop/Multiclass/data/train\fish sea_food striped_red_mullet\Y0BYPM4CDRQG.jpg,fish sea_food striped_red_mullet,256,256,JPEG
C:/Users/conta/OneDrive/Desktop/Multiclass/data/train\fish sea_food striped_red_mullet\Y102WQU89LMW.jpg,fish sea_food striped_red_mullet,256,256,JPEG
C:/Users/conta/OneDrive/Desktop/Multiclass/data/train\fish sea_food striped_red_mullet\Y3TKEBZUH6VN.jpg,fish sea_food striped_red_mullet,256,256,JPEG
C:/Users/conta/OneDrive/Desktop/Multiclass/data/train\fish sea_food striped_red_mullet\Y4HJT1YU9BIM.jpg,fish sea_food striped_red_mullet,256,256,JPEG
C:/Users/conta/OneDrive/Desktop/Multiclass/data/train\fish sea_food striped_red_mullet\Y5HMNJFD5EAS.jpg,fish sea_food striped_red_mullet,256,256,JPEG
C:/Users/conta/OneDrive/Desktop/Multiclass/data/train\fish sea_food striped_red_mullet\Y79NYWN588T4.jpg,fish sea_food striped_red_mullet,256,256,JPEG
C:/Users/conta/OneDrive/Desktop/Multiclass/data/train\fish sea_food striped_red_mullet\YFUP6UNZIB1O.jpg,fish sea_food striped_red_mullet,256,256,JPEG
C:/Users/conta/OneDrive/Desktop/Multiclass/data/train\fish sea_food striped_red_mullet\YGRJE4MTHN8V.jpg,fish sea_food striped_red_mullet,256,256,JPEG
C:/Users/conta/OneDrive/Desktop/Multiclass/data/train\fish sea_food striped_red_mullet\YHVVQZRWETGF.jpg,fish sea_food striped_red_mullet,256,256,JPEG
C:/Users/conta/OneDrive/Desktop/Multiclass/data/train\fish sea_food striped_red_mullet\YK0VICHL78XV.jpg,fish sea_food striped_red_mullet,256,256,JPEG
C:/Users/conta/OneDrive/Desktop/Multiclass/data/train\fish sea_food striped_red_mullet\YKZI12MYKDH1.jpg,fish sea_food striped_red_mullet,256,256,JPEG
C:/Users/conta/OneDrive/Desktop/Multiclass/data/train\fish sea_food striped_red_mullet\YN9FAZOF38G4.jpg,fish sea_food striped_red_mullet,256,256,JPEG
C:/Users/conta/OneDrive/Desktop/Multiclass/data/train\fish sea_food striped_red_mullet\YNICLMLIE9JF.jpg,fish sea_food striped_red_mullet,256,256,JPEG
C:/Users/conta/OneDrive/Desktop/Multiclass/data/train\fish sea_food striped_red_mullet\YOA56Y2Y2NC6.jpg,fish sea_food striped_red_mullet,256,256,JPEG
C:/Users/conta/OneDrive/Desktop/Multiclass/data/train\fish sea_food striped_red_mullet\YUR0WWBFO0CA.jpg,fish sea_food striped_red_mullet,256,256,JPEG
C:/Users/conta/OneDrive/Desktop/Multiclass/data/train\fish sea_food striped_red_mullet\YVSHRFTVF5AG.jpg,fish sea_food striped_red_mullet,256,256,JPEG
C:/Users/conta/OneDrive/Desktop/Multiclass/data/train\fish sea_food striped_red_mullet\YWUK15YBKMJ3.jpg,fish sea_food striped_red_mullet,256,256,JPEG
C:/Users/conta/OneDrive/Desktop/Multiclass/data/train\fish sea_food striped_red_mullet\YYO7C4GXHRWW.jpg,fish sea_food striped_red_mullet,256,256,JPEG
C:/Users/conta/OneDrive/Desktop/Multiclass/data/train\fish sea_food striped_red_mullet\YZI7R2JPUBRG.jpg,fish sea_food striped_red_mullet,256,256,JPEG
C:/Users/conta/OneDrive/Desktop/Multiclass/data/train\fish sea_food striped_red_mullet\YZNZYIFN9DQM.jpg,fish sea_food striped_red_mullet,256,256,JPEG
C:/Users/conta/OneDrive/Desktop/Multiclass/data/train\fish sea_food striped_red_mullet\Z0UZRPTLPICG.jpg,fish sea_food striped_red_mullet,256,256,JPEG
C:/Users/conta/OneDrive/Desktop/Multiclass/data/train\fish sea_food striped_red_mullet\Z3L9P2G1U7Q4.jpg,fish sea_food striped_red_mullet,256,256,JPEG
C:/Users/conta/OneDrive/Desktop/Multiclass/data/train\fish sea_food striped_red_mullet\Z4A4MQYO1K6K.jpg,fish sea_food striped_red_mullet,256,256,JPEG
C:/Users/conta/OneDrive/Desktop/Multiclass/data/train\fish sea_food striped_red_mullet\ZACPRJRQP2UE.jpg,fish sea_food striped_red_mullet,256,256,JPEG
C:/Users/conta/OneDrive/Desktop/Multiclass/data/train\fish sea_food striped_red_mullet\ZAJZ62LQH15L.jpg,fish sea_food striped_red_mullet,256,256,JPEG
C:/Users/conta/OneDrive/Desktop/Multiclass/data/train\fish sea_food striped_red_mullet\ZCMKLGIEGQW4.jpg,fish sea_food striped_red_mullet,256,256,JPEG
C:/Users/conta/OneDrive/Desktop/Multiclass/data/train\fish sea_food striped_red_mullet\ZDWNL4S3F3WL.jpg,fish sea_food striped_red_mullet,256,256,JPEG
C:/Users/conta/OneDrive/Desktop/Multiclass/data/train\fish sea_food striped_red_mullet\ZHWIAXJGE8L0.jpg,fish sea_food striped_red_mullet,256,256,JPEG
C:/Users/conta/OneDrive/Desktop/Multiclass/data/train\fish sea_food striped_red_mullet\ZLDXQA5GX8G5.jpg,fish sea_food striped_red_mullet,256,256,JPEG
C:/Users/conta/OneDrive/Desktop/Multiclass/data/train\fish sea_food striped_red_mullet\ZU7XX4Q638UD.jpg,fish sea_food striped_red_mullet,256,256,JPEG
C:/Users/conta/OneDrive/Desktop/Multiclass/data/train\fish sea_food striped_red_mullet\ZUW69ASJ8IKK.jpg,fish sea_food striped_red_mullet,256,256,JPEG
C:/Users/conta/OneDrive/Desktop/Multiclass/data/train\fish sea_food striped_red_mullet\ZV9VTMMHIP1D.jpg,fish sea_food striped_red_mullet,256,256,JPEG
C:/Users/conta/OneDrive/Desktop/Multiclass/data/train\fish sea_food striped_red_mullet\ZWRSEAL6POOS.jpg,fish sea_food striped_red_mullet,256,256,JPEG
C:/Users/conta/OneDrive/Desktop/Multiclass/data/train\fish sea_food trout\03YY38QHFYL4.jpg,fish sea_food trout,256,256,JPEG
C:/Users/conta/OneDrive/Desktop/Multiclass/data/train\fish sea_food trout\05AH6K3IFB4E.jpg,fish sea_food trout,256,256,JPEG
C:/Users/conta/OneDrive/Desktop/Multiclass/data/train\fish sea_food trout\05D6DX5BOQY9.jpg,fish sea_food trout,256,256,JPEG
C:/Users/conta/OneDrive/Desktop/Multiclass/data/train\fish sea_food trout\05WFHVLBENC5.jpg,fish sea_food trout,256,256,JPEG
C:/Users/conta/OneDrive/Desktop/Multiclass/data/train\fish sea_food trout\06V188X5HKGM.jpg,fish sea_food trout,256,256,JPEG
C:/Users/conta/OneDrive/Desktop/Multiclass/data/train\fish sea_food trout\0KDW36CWHQ3D.jpg,fish sea_food trout,256,256,JPEG
C:/Users/conta/OneDrive/Desktop/Multiclass/data/train\fish sea_food trout\0P0HKZ0UHDZM.jpg,fish sea_food trout,256,256,JPEG
C:/Users/conta/OneDrive/Desktop/Multiclass/data/train\fish sea_food trout\0PRZGEE5A5IY.jpg,fish sea_food trout,256,256,JPEG
C:/Users/conta/OneDrive/Desktop/Multiclass/data/train\fish sea_food trout\0QX6PJNQGGT7.jpg,fish sea_food trout,256,256,JPEG
C:/Users/conta/OneDrive/Desktop/Multiclass/data/train\fish sea_food trout\0TSESKYS6KWK.jpg,fish sea_food trout,256,256,JPEG
C:/Users/conta/OneDrive/Desktop/Multiclass/data/train\fish sea_food trout\0X22O2NUSACP.jpg,fish sea_food trout,256,256,JPEG
C:/Users/conta/OneDrive/Desktop/Multiclass/data/train\fish sea_food trout\0YPMMHNPFJLG.jpg,fish sea_food trout,256,256,JPEG
C:/Users/conta/OneDrive/Desktop/Multiclass/data/train\fish sea_food trout\0ZNSU0POIW9Z.jpg,fish sea_food trout,256,256,JPEG
C:/Users/conta/OneDrive/Desktop/Multiclass/data/train\fish sea_food trout\0ZOIUJPHMYXJ.jpg,fish sea_food trout,256,256,JPEG
C:/Users/conta/OneDrive/Desktop/Multiclass/data/train\fish sea_food trout\11SXZWX75LSB.jpg,fish sea_food trout,256,256,JPEG
C:/Users/conta/OneDrive/Desktop/Multiclass/data/train\fish sea_food trout\13XE8R57JRFT.jpg,fish sea_food trout,256,256,JPEG
C:/Users/conta/OneDrive/Desktop/Multiclass/data/train\fish sea_food trout\15EWV81AZQ90.jpg,fish sea_food trout,256,256,JPEG
C:/Users/conta/OneDrive/Desktop/Multiclass/data/train\fish sea_food trout\19K887GWV5R4.jpg,fish sea_food trout,256,256,JPEG
C:/Users/conta/OneDrive/Desktop/Multiclass/data/train\fish sea_food trout\1AKLPFAHXI56.jpg,fish sea_food trout,256,256,JPEG
C:/Users/conta/OneDrive/Desktop/Multiclass/data/train\fish sea_food trout\1BNRKGNK6PSX.jpg,fish sea_food trout,256,256,JPEG
C:/Users/conta/OneDrive/Desktop/Multiclass/data/train\fish sea_food trout\1C3WPE31N4L7.jpg,fish sea_food trout,256,256,JPEG
C:/Users/conta/OneDrive/Desktop/Multiclass/data/train\fish sea_food trout\1NFT8F9N3CFQ.jpg,fish sea_food trout,256,256,JPEG
C:/Users/conta/OneDrive/Desktop/Multiclass/data/train\fish sea_food trout\1RNWEVD9TZH3.jpg,fish sea_food trout,256,256,JPEG
C:/Users/conta/OneDrive/Desktop/Multiclass/data/train\fish sea_food trout\1UCA36MDKK6T.jpg,fish sea_food trout,256,256,JPEG
C:/Users/conta/OneDrive/Desktop/Multiclass/data/train\fish sea_food trout\1WF86OIM848W.jpg,fish sea_food trout,256,256,JPEG
C:/Users/conta/OneDrive/Desktop/Multiclass/data/train\fish sea_food trout\1XXU91CVL8QV.jpg,fish sea_food trout,256,256,JPEG
C:/Users/conta/OneDrive/Desktop/Multiclass/data/train\fish sea_food trout\20MI54BQ2J8H.jpg,fish sea_food trout,256,256,JPEG
C:/Users/conta/OneDrive/Desktop/Multiclass/data/train\fish sea_food trout\23GLYWUIY3G5.jpg,fish sea_food trout,256,256,JPEG
C:/Users/conta/OneDrive/Desktop/Multiclass/data/train\fish sea_food trout\24UW4EHM0F7L.jpg,fish sea_food trout,256,256,JPEG
C:/Users/conta/OneDrive/Desktop/Multiclass/data/train\fish sea_food trout\275A73PVOJOP.jpg,fish sea_food trout,256,256,JPEG
C:/Users/conta/OneDrive/Desktop/Multiclass/data/train\fish sea_food trout\27W33GS7R845.jpg,fish sea_food trout,256,256,JPEG
C:/Users/conta/OneDrive/Desktop/Multiclass/data/train\fish sea_food trout\2B350OSSDLB2.jpg,fish sea_food trout,256,256,JPEG
C:/Users/conta/OneDrive/Desktop/Multiclass/data/train\fish sea_food trout\2EALO7EX0END.jpg,fish sea_food trout,256,256,JPEG
C:/Users/conta/OneDrive/Desktop/Multiclass/data/train\fish sea_food trout\2FH23S7K0A8H.jpg,fish sea_food trout,256,256,JPEG
C:/Users/conta/OneDrive/Desktop/Multiclass/data/train\fish sea_food trout\2I5CMTI7LIG3.jpg,fish sea_food trout,256,256,JPEG
C:/Users/conta/OneDrive/Desktop/Multiclass/data/train\fish sea_food trout\2MX16I7OZLV3.jpg,fish sea_food trout,256,256,JPEG
C:/Users/conta/OneDrive/Desktop/Multiclass/data/train\fish sea_food trout\2NZQAHKEFMF5.jpg,fish sea_food trout,256,256,JPEG
C:/Users/conta/OneDrive/Desktop/Multiclass/data/train\fish sea_food trout\2O6AO88DDIK9.jpg,fish sea_food trout,256,256,JPEG
C:/Users/conta/OneDrive/Desktop/Multiclass/data/train\fish sea_food trout\2P3Z729WGRJE.jpg,fish sea_food trout,256,256,JPEG
C:/Users/conta/OneDrive/Desktop/Multiclass/data/train\fish sea_food trout\2QUYQ3KYSNVR.jpg,fish sea_food trout,256,256,JPEG
C:/Users/conta/OneDrive/Desktop/Multiclass/data/train\fish sea_food trout\2S13BCYZPQ6C.jpg,fish sea_food trout,256,256,JPEG
C:/Users/conta/OneDrive/Desktop/Multiclass/data/train\fish sea_food trout\2WDYZ9YC9KAV.jpg,fish sea_food trout,256,256,JPEG
C:/Users/conta/OneDrive/Desktop/Multiclass/data/train\fish sea_food trout\2XLYIEHYLZYA.jpg,fish sea_food trout,256,256,JPEG
C:/Users/conta/OneDrive/Desktop/Multiclass/data/train\fish sea_food trout\2Y3B4L2BAVOI.jpg,fish sea_food trout,256,256,JPEG
C:/Users/conta/OneDrive/Desktop/Multiclass/data/train\fish sea_food trout\34XK1GXO68L0.jpg,fish sea_food trout,256,256,JPEG
C:/Users/conta/OneDrive/Desktop/Multiclass/data/train\fish sea_food trout\3707HKMWPMP1.jpg,fish sea_food trout,256,256,JPEG
C:/Users/conta/OneDrive/Desktop/Multiclass/data/train\fish sea_food trout\388P7BB0CKX2.jpg,fish sea_food trout,256,256,JPEG
C:/Users/conta/OneDrive/Desktop/Multiclass/data/train\fish sea_food trout\38K0EYJOYSVS.jpg,fish sea_food trout,256,256,JPEG
C:/Users/conta/OneDrive/Desktop/Multiclass/data/train\fish sea_food trout\391MRZ74EL93.jpg,fish sea_food trout,256,256,JPEG
C:/Users/conta/OneDrive/Desktop/Multiclass/data/train\fish sea_food trout\3C1UICNH5JSP.jpg,fish sea_food trout,256,256,JPEG
C:/Users/conta/OneDrive/Desktop/Multiclass/data/train\fish sea_food trout\3M7I0EUT8Z2P.jpg,fish sea_food trout,256,256,JPEG
C:/Users/conta/OneDrive/Desktop/Multiclass/data/train\fish sea_food trout\3NOLLROFTWK5.jpg,fish sea_food trout,256,256,JPEG
C:/Users/conta/OneDrive/Desktop/Multiclass/data/train\fish sea_food trout\3SFCMQY2V06G.jpg,fish sea_food trout,256,256,JPEG
C:/Users/conta/OneDrive/Desktop/Multiclass/data/train\fish sea_food trout\3T4TYTCLJF2N.jpg,fish sea_food trout,256,256,JPEG
C:/Users/conta/OneDrive/Desktop/Multiclass/data/train\fish sea_food trout\3V72GDYJQ9BL.jpg,fish sea_food trout,256,256,JPEG
C:/Users/conta/OneDrive/Desktop/Multiclass/data/train\fish sea_food trout\3XLM1UZTS1V0.jpg,fish sea_food trout,256,256,JPEG
C:/Users/conta/OneDrive/Desktop/Multiclass/data/train\fish sea_food trout\43YUSYZKZXKA.jpg,fish sea_food trout,256,256,JPEG
C:/Users/conta/OneDrive/Desktop/Multiclass/data/train\fish sea_food trout\4493C1JB5R9Z.jpg,fish sea_food trout,256,256,JPEG
C:/Users/conta/OneDrive/Desktop/Multiclass/data/train\fish sea_food trout\44H5UQ9PXA10.jpg,fish sea_food trout,256,256,JPEG
C:/Users/conta/OneDrive/Desktop/Multiclass/data/train\fish sea_food trout\45C6SLBKV8HF.jpg,fish sea_food trout,256,256,JPEG
C:/Users/conta/OneDrive/Desktop/Multiclass/data/train\fish sea_food trout\4G50FFJACVAY.jpg,fish sea_food trout,256,256,JPEG
C:/Users/conta/OneDrive/Desktop/Multiclass/data/train\fish sea_food trout\4IED4S8GHZBC.jpg,fish sea_food trout,256,256,JPEG
C:/Users/conta/OneDrive/Desktop/Multiclass/data/train\fish sea_food trout\4JGZ2DDQ7QT3.jpg,fish sea_food trout,256,256,JPEG
C:/Users/conta/OneDrive/Desktop/Multiclass/data/train\fish sea_food trout\4NF9PTBO64H6.jpg,fish sea_food trout,256,256,JPEG
C:/Users/conta/OneDrive/Desktop/Multiclass/data/train\fish sea_food trout\4NQRHUSCEIZ4.jpg,fish sea_food trout,256,256,JPEG
C:/Users/conta/OneDrive/Desktop/Multiclass/data/train\fish sea_food trout\4O5AWNHY38MN.jpg,fish sea_food trout,256,256,JPEG
C:/Users/conta/OneDrive/Desktop/Multiclass/data/train\fish sea_food trout\4OS4PD5IXMSC.jpg,fish sea_food trout,256,256,JPEG
C:/Users/conta/OneDrive/Desktop/Multiclass/data/train\fish sea_food trout\4PM4ER0KF7PX.jpg,fish sea_food trout,256,256,JPEG
C:/Users/conta/OneDrive/Desktop/Multiclass/data/train\fish sea_food trout\4QTSRMUV3VAI.jpg,fish sea_food trout,256,256,JPEG
C:/Users/conta/OneDrive/Desktop/Multiclass/data/train\fish sea_food trout\4T7QMJX0DQ4Q.jpg,fish sea_food trout,256,256,JPEG
C:/Users/conta/OneDrive/Desktop/Multiclass/data/train\fish sea_food trout\4UDL01LCGPY3.jpg,fish sea_food trout,256,256,JPEG
C:/Users/conta/OneDrive/Desktop/Multiclass/data/train\fish sea_food trout\4USMVJCVXA8E.jpg,fish sea_food trout,256,256,JPEG
C:/Users/conta/OneDrive/Desktop/Multiclass/data/train\fish sea_food trout\4VAI32SUWTQL.jpg,fish sea_food trout,256,256,JPEG
C:/Users/conta/OneDrive/Desktop/Multiclass/data/train\fish sea_food trout\4W07I6UK2WGD.jpg,fish sea_food trout,256,256,JPEG
C:/Users/conta/OneDrive/Desktop/Multiclass/data/train\fish sea_food trout\4W2HEZFVXWCS.jpg,fish sea_food trout,256,256,JPEG
C:/Users/conta/OneDrive/Desktop/Multiclass/data/train\fish sea_food trout\4ZY50ZK2U07Z.jpg,fish sea_food trout,256,256,JPEG
C:/Users/conta/OneDrive/Desktop/Multiclass/data/train\fish sea_food trout\51IXOEPD8E37.jpg,fish sea_food trout,256,256,JPEG
C:/Users/conta/OneDrive/Desktop/Multiclass/data/train\fish sea_food trout\544WXIMV942E.jpg,fish sea_food trout,256,256,JPEG
C:/Users/conta/OneDrive/Desktop/Multiclass/data/train\fish sea_food trout\579OIJ6WPW33.jpg,fish sea_food trout,256,256,JPEG
C:/Users/conta/OneDrive/Desktop/Multiclass/data/train\fish sea_food trout\5AHK7LH196B5.jpg,fish sea_food trout,256,256,JPEG
C:/Users/conta/OneDrive/Desktop/Multiclass/data/train\fish sea_food trout\5B8I3QSOE583.jpg,fish sea_food trout,256,256,JPEG
C:/Users/conta/OneDrive/Desktop/Multiclass/data/train\fish sea_food trout\5CBBKZG0AXK5.jpg,fish sea_food trout,256,256,JPEG
C:/Users/conta/OneDrive/Desktop/Multiclass/data/train\fish sea_food trout\5EA88EVXUA8H.jpg,fish sea_food trout,256,256,JPEG
C:/Users/conta/OneDrive/Desktop/Multiclass/data/train\fish sea_food trout\5F166381974S.jpg,fish sea_food trout,256,256,JPEG
C:/Users/conta/OneDrive/Desktop/Multiclass/data/train\fish sea_food trout\5JN1M95V6NHD.jpg,fish sea_food trout,256,256,JPEG
C:/Users/conta/OneDrive/Desktop/Multiclass/data/train\fish sea_food trout\5K0SCKH1QJ0F.jpg,fish sea_food trout,256,256,JPEG
C:/Users/conta/OneDrive/Desktop/Multiclass/data/train\fish sea_food trout\5L4V24D0KSCJ.jpg,fish sea_food trout,256,256,JPEG
C:/Users/conta/OneDrive/Desktop/Multiclass/data/train\fish sea_food trout\5LWPIUCYU00C.jpg,fish sea_food trout,256,256,JPEG
C:/Users/conta/OneDrive/Desktop/Multiclass/data/train\fish sea_food trout\5S5JGYQG2SL8.jpg,fish sea_food trout,256,256,JPEG
C:/Users/conta/OneDrive/Desktop/Multiclass/data/train\fish sea_food trout\5SJ6U9BFBNL1.jpg,fish sea_food trout,256,256,JPEG
C:/Users/conta/OneDrive/Desktop/Multiclass/data/train\fish sea_food trout\5TRLLF1EIXZL.jpg,fish sea_food trout,256,256,JPEG
C:/Users/conta/OneDrive/Desktop/Multiclass/data/train\fish sea_food trout\5YUUBYG9WXJR.jpg,fish sea_food trout,256,256,JPEG
C:/Users/conta/OneDrive/Desktop/Multiclass/data/train\fish sea_food trout\602X7934OP2D.jpg,fish sea_food trout,256,256,JPEG
C:/Users/conta/OneDrive/Desktop/Multiclass/data/train\fish sea_food trout\67N1OPHM1HA2.jpg,fish sea_food trout,256,256,JPEG
C:/Users/conta/OneDrive/Desktop/Multiclass/data/train\fish sea_food trout\67Y0SPYI76GM.jpg,fish sea_food trout,256,256,JPEG
C:/Users/conta/OneDrive/Desktop/Multiclass/data/train\fish sea_food trout\6CL75TRSDDU5.jpg,fish sea_food trout,256,256,JPEG
C:/Users/conta/OneDrive/Desktop/Multiclass/data/train\fish sea_food trout\6D2LTXLQGPW7.jpg,fish sea_food trout,256,256,JPEG
C:/Users/conta/OneDrive/Desktop/Multiclass/data/train\fish sea_food trout\6DBULDAA6NYG.jpg,fish sea_food trout,256,256,JPEG
C:/Users/conta/OneDrive/Desktop/Multiclass/data/train\fish sea_food trout\6FL0CTWYX0UO.jpg,fish sea_food trout,256,256,JPEG
C:/Users/conta/OneDrive/Desktop/Multiclass/data/train\fish sea_food trout\6HV7L77013TF.jpg,fish sea_food trout,256,256,JPEG
C:/Users/conta/OneDrive/Desktop/Multiclass/data/train\fish sea_food trout\6IEDLFXWTDHR.jpg,fish sea_food trout,256,256,JPEG
C:/Users/conta/OneDrive/Desktop/Multiclass/data/train\fish sea_food trout\6JH34AFZXCSP.jpg,fish sea_food trout,256,256,JPEG
C:/Users/conta/OneDrive/Desktop/Multiclass/data/train\fish sea_food trout\6M7R4TIGA2W0.jpg,fish sea_food trout,256,256,JPEG
C:/Users/conta/OneDrive/Desktop/Multiclass/data/train\fish sea_food trout\6OHG68TSJQY3.jpg,fish sea_food trout,256,256,JPEG
C:/Users/conta/OneDrive/Desktop/Multiclass/data/train\fish sea_food trout\6QOSN4DPBGJS.jpg,fish sea_food trout,256,256,JPEG
C:/Users/conta/OneDrive/Desktop/Multiclass/data/train\fish sea_food trout\6S5HJE4M0UF3.jpg,fish sea_food trout,256,256,JPEG
C:/Users/conta/OneDrive/Desktop/Multiclass/data/train\fish sea_food trout\6W4JYMAQJQRO.jpg,fish sea_food trout,256,256,JPEG
C:/Users/conta/OneDrive/Desktop/Multiclass/data/train\fish sea_food trout\6WOFFUJWVIFU.jpg,fish sea_food trout,256,256,JPEG
C:/Users/conta/OneDrive/Desktop/Multiclass/data/train\fish sea_food trout\6WSWV521YOLB.jpg,fish sea_food trout,256,256,JPEG
C:/Users/conta/OneDrive/Desktop/Multiclass/data/train\fish sea_food trout\70CIMNC8TL6O.jpg,fish sea_food trout,256,256,JPEG
C:/Users/conta/OneDrive/Desktop/Multiclass/data/train\fish sea_food trout\71362EGBVHX5.jpg,fish sea_food trout,256,256,JPEG
C:/Users/conta/OneDrive/Desktop/Multiclass/data/train\fish sea_food trout\71BSGW4OVCAE.jpg,fish sea_food trout,256,256,JPEG
C:/Users/conta/OneDrive/Desktop/Multiclass/data/train\fish sea_food trout\72Y43R6OBJBW.jpg,fish sea_food trout,256,256,JPEG
C:/Users/conta/OneDrive/Desktop/Multiclass/data/train\fish sea_food trout\77JINUO614HM.jpg,fish sea_food trout,256,256,JPEG
C:/Users/conta/OneDrive/Desktop/Multiclass/data/train\fish sea_food trout\7B8KCC1Z3JI4.jpg,fish sea_food trout,256,256,JPEG
C:/Users/conta/OneDrive/Desktop/Multiclass/data/train\fish sea_food trout\7BP0F6X972QD.jpg,fish sea_food trout,256,256,JPEG
C:/Users/conta/OneDrive/Desktop/Multiclass/data/train\fish sea_food trout\7EUX2K2SQ6JX.jpg,fish sea_food trout,256,256,JPEG
C:/Users/conta/OneDrive/Desktop/Multiclass/data/train\fish sea_food trout\7HG7GK1QD7RV.jpg,fish sea_food trout,256,256,JPEG
C:/Users/conta/OneDrive/Desktop/Multiclass/data/train\fish sea_food trout\7I2BH3LRP2TI.jpg,fish sea_food trout,256,256,JPEG
C:/Users/conta/OneDrive/Desktop/Multiclass/data/train\fish sea_food trout\7I6JQRBWWYKA.jpg,fish sea_food trout,256,256,JPEG
C:/Users/conta/OneDrive/Desktop/Multiclass/data/train\fish sea_food trout\7ILQFMUM7IX5.jpg,fish sea_food trout,256,256,JPEG
C:/Users/conta/OneDrive/Desktop/Multiclass/data/train\fish sea_food trout\7K4WSGBXB852.jpg,fish sea_food trout,256,256,JPEG
C:/Users/conta/OneDrive/Desktop/Multiclass/data/train\fish sea_food trout\7MFI31H82C2B.jpg,fish sea_food trout,256,256,JPEG
C:/Users/conta/OneDrive/Desktop/Multiclass/data/train\fish sea_food trout\7VNT2U2EYRXA.jpg,fish sea_food trout,256,256,JPEG
C:/Users/conta/OneDrive/Desktop/Multiclass/data/train\fish sea_food trout\83XVTS679KVB.jpg,fish sea_food trout,256,256,JPEG
C:/Users/conta/OneDrive/Desktop/Multiclass/data/train\fish sea_food trout\849RA9SH90DC.jpg,fish sea_food trout,256,256,JPEG
C:/Users/conta/OneDrive/Desktop/Multiclass/data/train\fish sea_food trout\85PZAYVWAY4C.jpg,fish sea_food trout,256,256,JPEG
C:/Users/conta/OneDrive/Desktop/Multiclass/data/train\fish sea_food trout\85TKPFZO37YR.jpg,fish sea_food trout,256,256,JPEG
C:/Users/conta/OneDrive/Desktop/Multiclass/data/train\fish sea_food trout\89QVDFU7U1KI.jpg,fish sea_food trout,256,256,JPEG
C:/Users/conta/OneDrive/Desktop/Multiclass/data/train\fish sea_food trout\89TV1BOUC6BQ.jpg,fish sea_food trout,256,256,JPEG
C:/Users/conta/OneDrive/Desktop/Multiclass/data/train\fish sea_food trout\8AYEJ89TOXX0.jpg,fish sea_food trout,256,256,JPEG
C:/Users/conta/OneDrive/Desktop/Multiclass/data/train\fish sea_food trout\8BFJQRK3PX5Q.jpg,fish sea_food trout,256,256,JPEG
C:/Users/conta/OneDrive/Desktop/Multiclass/data/train\fish sea_food trout\8CN4B367EDBV.jpg,fish sea_food trout,256,256,JPEG
C:/Users/conta/OneDrive/Desktop/Multiclass/data/train\fish sea_food trout\8DFGPEJ5UNKI.jpg,fish sea_food trout,256,256,JPEG
C:/Users/conta/OneDrive/Desktop/Multiclass/data/train\fish sea_food trout\8GMBUP4P8MMO.jpg,fish sea_food trout,256,256,JPEG
C:/Users/conta/OneDrive/Desktop/Multiclass/data/train\fish sea_food trout\8MIX3UCKTCZR.jpg,fish sea_food trout,256,256,JPEG
C:/Users/conta/OneDrive/Desktop/Multiclass/data/train\fish sea_food trout\8MY0UFW6PAQN.jpg,fish sea_food trout,256,256,JPEG
C:/Users/conta/OneDrive/Desktop/Multiclass/data/train\fish sea_food trout\8MZH0SYPT4IV.jpg,fish sea_food trout,256,256,JPEG
C:/Users/conta/OneDrive/Desktop/Multiclass/data/train\fish sea_food trout\8N0OYRV3XMF3.jpg,fish sea_food trout,256,256,JPEG
C:/Users/conta/OneDrive/Desktop/Multiclass/data/train\fish sea_food trout\8ODQ4R0D958O.jpg,fish sea_food trout,256,256,JPEG
C:/Users/conta/OneDrive/Desktop/Multiclass/data/train\fish sea_food trout\8PDKXTD9G6EC.jpg,fish sea_food trout,256,256,JPEG
C:/Users/conta/OneDrive/Desktop/Multiclass/data/train\fish sea_food trout\8Q1W7KF0Z5LH.jpg,fish sea_food trout,256,256,JPEG
C:/Users/conta/OneDrive/Desktop/Multiclass/data/train\fish sea_food trout\8SIV2SIM6KXG.jpg,fish sea_food trout,256,256,JPEG
C:/Users/conta/OneDrive/Desktop/Multiclass/data/train\fish sea_food trout\8TEDCQ3WXSOY.jpg,fish sea_food trout,256,256,JPEG
C:/Users/conta/OneDrive/Desktop/Multiclass/data/train\fish sea_food trout\8UINVIK553O5.jpg,fish sea_food trout,256,256,JPEG
C:/Users/conta/OneDrive/Desktop/Multiclass/data/train\fish sea_food trout\8X0GNOEII5X3.jpg,fish sea_food trout,256,256,JPEG
C:/Users/conta/OneDrive/Desktop/Multiclass/data/train\fish sea_food trout\8XIFJBICLQTT.jpg,fish sea_food trout,256,256,JPEG
C:/Users/conta/OneDrive/Desktop/Multiclass/data/train\fish sea_food trout\8Y8KX8V8NP33.jpg,fish sea_food trout,256,256,JPEG
C:/Users/conta/OneDrive/Desktop/Multiclass/data/train\fish sea_food trout\8Z6RX0H9HY1L.jpg,fish sea_food trout,256,256,JPEG
C:/Users/conta/OneDrive/Desktop/Multiclass/data/train\fish sea_food trout\99AGNHNWQANQ.jpg,fish sea_food trout,256,256,JPEG
C:/Users/conta/OneDrive/Desktop/Multiclass/data/train\fish sea_food trout\9AUFN64TDAPO.jpg,fish sea_food trout,256,256,JPEG
C:/Users/conta/OneDrive/Desktop/Multiclass/data/train\fish sea_food trout\9DJI059EDZNV.jpg,fish sea_food trout,256,256,JPEG
C:/Users/conta/OneDrive/Desktop/Multiclass/data/train\fish sea_food trout\9EL4WA8JDBG2.jpg,fish sea_food trout,256,256,JPEG
C:/Users/conta/OneDrive/Desktop/Multiclass/data/train\fish sea_food trout\9IQVSNA5UOKV.jpg,fish sea_food trout,256,256,JPEG
C:/Users/conta/OneDrive/Desktop/Multiclass/data/train\fish sea_food trout\9LY75RI2VSHB.jpg,fish sea_food trout,256,256,JPEG
C:/Users/conta/OneDrive/Desktop/Multiclass/data/train\fish sea_food trout\9N9GCMG6D6E3.jpg,fish sea_food trout,256,256,JPEG
C:/Users/conta/OneDrive/Desktop/Multiclass/data/train\fish sea_food trout\9OFL6MBO26OR.jpg,fish sea_food trout,256,256,JPEG
C:/Users/conta/OneDrive/Desktop/Multiclass/data/train\fish sea_food trout\9OLAQTU79GMQ.jpg,fish sea_food trout,256,256,JPEG
C:/Users/conta/OneDrive/Desktop/Multiclass/data/train\fish sea_food trout\9RK4LMMON8BH.jpg,fish sea_food trout,256,256,JPEG
C:/Users/conta/OneDrive/Desktop/Multiclass/data/train\fish sea_food trout\9SKQGCZOOAX7.jpg,fish sea_food trout,256,256,JPEG
C:/Users/conta/OneDrive/Desktop/Multiclass/data/train\fish sea_food trout\9Y69J5CM96F1.jpg,fish sea_food trout,256,256,JPEG
C:/Users/conta/OneDrive/Desktop/Multiclass/data/train\fish sea_food trout\9YQJ653Y4JUU.jpg,fish sea_food trout,256,256,JPEG
C:/Users/conta/OneDrive/Desktop/Multiclass/data/train\fish sea_food trout\9ZVSC4V9QKBJ.jpg,fish sea_food trout,256,256,JPEG
C:/Users/conta/OneDrive/Desktop/Multiclass/data/train\fish sea_food trout\A1FIH9AVA518.jpg,fish sea_food trout,256,256,JPEG
C:/Users/conta/OneDrive/Desktop/Multiclass/data/train\fish sea_food trout\A23XXWB0XWAR.jpg,fish sea_food trout,256,256,JPEG
C:/Users/conta/OneDrive/Desktop/Multiclass/data/train\fish sea_food trout\A3LBG0IWIJYI.jpg,fish sea_food trout,256,256,JPEG
C:/Users/conta/OneDrive/Desktop/Multiclass/data/train\fish sea_food trout\A6I1H5NKR4YI.jpg,fish sea_food trout,256,256,JPEG
C:/Users/conta/OneDrive/Desktop/Multiclass/data/train\fish sea_food trout\A7IT61WGVQLV.jpg,fish sea_food trout,256,256,JPEG
C:/Users/conta/OneDrive/Desktop/Multiclass/data/train\fish sea_food trout\AAE132EO7Q7L.jpg,fish sea_food trout,256,256,JPEG
C:/Users/conta/OneDrive/Desktop/Multiclass/data/train\fish sea_food trout\ADJZF4O59LEI.jpg,fish sea_food trout,256,256,JPEG
C:/Users/conta/OneDrive/Desktop/Multiclass/data/train\fish sea_food trout\AI4QQ0FUP7LB.jpg,fish sea_food trout,256,256,JPEG
C:/Users/conta/OneDrive/Desktop/Multiclass/data/train\fish sea_food trout\AIFA4YFLS1EZ.jpg,fish sea_food trout,256,256,JPEG
C:/Users/conta/OneDrive/Desktop/Multiclass/data/train\fish sea_food trout\AO0V25CY3MVP.jpg,fish sea_food trout,256,256,JPEG
C:/Users/conta/OneDrive/Desktop/Multiclass/data/train\fish sea_food trout\APB4005NTVTP.jpg,fish sea_food trout,256,256,JPEG
C:/Users/conta/OneDrive/Desktop/Multiclass/data/train\fish sea_food trout\AQQCKLD4FB0O.jpg,fish sea_food trout,256,256,JPEG
C:/Users/conta/OneDrive/Desktop/Multiclass/data/train\fish sea_food trout\AVALMLIWZZMQ.jpg,fish sea_food trout,256,256,JPEG
C:/Users/conta/OneDrive/Desktop/Multiclass/data/train\fish sea_food trout\AY5Z67ASX2PX.jpg,fish sea_food trout,256,256,JPEG
C:/Users/conta/OneDrive/Desktop/Multiclass/data/train\fish sea_food trout\B2EILFIQSB7W.jpg,fish sea_food trout,256,256,JPEG
C:/Users/conta/OneDrive/Desktop/Multiclass/data/train\fish sea_food trout\B3EU6X52MRAE.jpg,fish sea_food trout,256,256,JPEG
C:/Users/conta/OneDrive/Desktop/Multiclass/data/train\fish sea_food trout\B4P7PL9S6GEN.jpg,fish sea_food trout,256,256,JPEG
C:/Users/conta/OneDrive/Desktop/Multiclass/data/train\fish sea_food trout\B7G6O8K534KN.jpg,fish sea_food trout,256,256,JPEG
C:/Users/conta/OneDrive/Desktop/Multiclass/data/train\fish sea_food trout\B92PZCHIU0G1.jpg,fish sea_food trout,256,256,JPEG
C:/Users/conta/OneDrive/Desktop/Multiclass/data/train\fish sea_food trout\B9TILLQWWY8W.jpg,fish sea_food trout,256,256,JPEG
C:/Users/conta/OneDrive/Desktop/Multiclass/data/train\fish sea_food trout\BE6Y8DHXGXQA.jpg,fish sea_food trout,256,256,JPEG
C:/Users/conta/OneDrive/Desktop/Multiclass/data/train\fish sea_food trout\BHW38JYS58BQ.jpg,fish sea_food trout,256,256,JPEG
C:/Users/conta/OneDrive/Desktop/Multiclass/data/train\fish sea_food trout\BJ0T6V05KJRM.jpg,fish sea_food trout,256,256,JPEG
C:/Users/conta/OneDrive/Desktop/Multiclass/data/train\fish sea_food trout\BKCYDD67F0D9.jpg,fish sea_food trout,256,256,JPEG
C:/Users/conta/OneDrive/Desktop/Multiclass/data/train\fish sea_food trout\BKLDD6Y7ECI9.jpg,fish sea_food trout,256,256,JPEG
C:/Users/conta/OneDrive/Desktop/Multiclass/data/train\fish sea_food trout\BL8FYUKQWKCX.jpg,fish sea_food trout,256,256,JPEG
C:/Users/conta/OneDrive/Desktop/Multiclass/data/train\fish sea_food trout\BP4A57XT3ZWY.jpg,fish sea_food trout,256,256,JPEG
C:/Users/conta/OneDrive/Desktop/Multiclass/data/train\fish sea_food trout\BV9FPRJ3Y90Z.jpg,fish sea_food trout,256,256,JPEG
C:/Users/conta/OneDrive/Desktop/Multiclass/data/train\fish sea_food trout\BVP4K969M04E.jpg,fish sea_food trout,256,256,JPEG
C:/Users/conta/OneDrive/Desktop/Multiclass/data/train\fish sea_food trout\BZ3EY72JV0QI.jpg,fish sea_food trout,256,256,JPEG
C:/Users/conta/OneDrive/Desktop/Multiclass/data/train\fish sea_food trout\C0FNGX2J292Y.jpg,fish sea_food trout,256,256,JPEG
C:/Users/conta/OneDrive/Desktop/Multiclass/data/train\fish sea_food trout\C16C95OFHP1J.jpg,fish sea_food trout,256,256,JPEG
C:/Users/conta/OneDrive/Desktop/Multiclass/data/train\fish sea_food trout\C1HOK3EDPD2F.jpg,fish sea_food trout,256,256,JPEG
C:/Users/conta/OneDrive/Desktop/Multiclass/data/train\fish sea_food trout\C6PGSM2CCZO9.jpg,fish sea_food trout,256,256,JPEG
C:/Users/conta/OneDrive/Desktop/Multiclass/data/train\fish sea_food trout\C7BRZJ02F4W0.jpg,fish sea_food trout,256,256,JPEG
C:/Users/conta/OneDrive/Desktop/Multiclass/data/train\fish sea_food trout\C7GT51VU42G3.jpg,fish sea_food trout,256,256,JPEG
C:/Users/conta/OneDrive/Desktop/Multiclass/data/train\fish sea_food trout\C92ON9PFEODJ.jpg,fish sea_food trout,256,256,JPEG
C:/Users/conta/OneDrive/Desktop/Multiclass/data/train\fish sea_food trout\CB437UKQ1R2E.jpg,fish sea_food trout,256,256,JPEG
C:/Users/conta/OneDrive/Desktop/Multiclass/data/train\fish sea_food trout\CHA2Z8S2NRWZ.jpg,fish sea_food trout,256,256,JPEG
C:/Users/conta/OneDrive/Desktop/Multiclass/data/train\fish sea_food trout\CIC110SU69EG.jpg,fish sea_food trout,256,256,JPEG
C:/Users/conta/OneDrive/Desktop/Multiclass/data/train\fish sea_food trout\CJG5UH36NEIO.jpg,fish sea_food trout,256,256,JPEG
C:/Users/conta/OneDrive/Desktop/Multiclass/data/train\fish sea_food trout\CLAQRJNTCL64.jpg,fish sea_food trout,256,256,JPEG
C:/Users/conta/OneDrive/Desktop/Multiclass/data/train\fish sea_food trout\COHWW6731X73.jpg,fish sea_food trout,256,256,JPEG
C:/Users/conta/OneDrive/Desktop/Multiclass/data/train\fish sea_food trout\CORGD3YOE40A.jpg,fish sea_food trout,256,256,JPEG
C:/Users/conta/OneDrive/Desktop/Multiclass/data/train\fish sea_food trout\CP1D6KWC27EB.jpg,fish sea_food trout,256,256,JPEG
C:/Users/conta/OneDrive/Desktop/Multiclass/data/train\fish sea_food trout\CPSNDE97HPUY.jpg,fish sea_food trout,256,256,JPEG
C:/Users/conta/OneDrive/Desktop/Multiclass/data/train\fish sea_food trout\CPYTW3K8PIDY.jpg,fish sea_food trout,256,256,JPEG
C:/Users/conta/OneDrive/Desktop/Multiclass/data/train\fish sea_food trout\CTJDACW4AKRP.jpg,fish sea_food trout,256,256,JPEG
C:/Users/conta/OneDrive/Desktop/Multiclass/data/train\fish sea_food trout\CTLI0BPZKW51.jpg,fish sea_food trout,256,256,JPEG
C:/Users/conta/OneDrive/Desktop/Multiclass/data/train\fish sea_food trout\CUOPPR0AXSPK.jpg,fish sea_food trout,256,256,JPEG
C:/Users/conta/OneDrive/Desktop/Multiclass/data/train\fish sea_food trout\CXZE5WVC70EG.jpg,fish sea_food trout,256,256,JPEG
C:/Users/conta/OneDrive/Desktop/Multiclass/data/train\fish sea_food trout\CY06P1D451VU.jpg,fish sea_food trout,256,256,JPEG
C:/Users/conta/OneDrive/Desktop/Multiclass/data/train\fish sea_food trout\CYBEMSXJ8TG9.jpg,fish sea_food trout,256,256,JPEG
C:/Users/conta/OneDrive/Desktop/Multiclass/data/train\fish sea_food trout\CZ0DC4S417YV.jpg,fish sea_food trout,256,256,JPEG
C:/Users/conta/OneDrive/Desktop/Multiclass/data/train\fish sea_food trout\D0600V5I5BAN.jpg,fish sea_food trout,256,256,JPEG
C:/Users/conta/OneDrive/Desktop/Multiclass/data/train\fish sea_food trout\D0XSW6EOFKRO.jpg,fish sea_food trout,256,256,JPEG
C:/Users/conta/OneDrive/Desktop/Multiclass/data/train\fish sea_food trout\D2086TMH5900.jpg,fish sea_food trout,256,256,JPEG
C:/Users/conta/OneDrive/Desktop/Multiclass/data/train\fish sea_food trout\D3RIKN79XCRL.jpg,fish sea_food trout,256,256,JPEG
C:/Users/conta/OneDrive/Desktop/Multiclass/data/train\fish sea_food trout\D5E56AKGJAN4.jpg,fish sea_food trout,256,256,JPEG
C:/Users/conta/OneDrive/Desktop/Multiclass/data/train\fish sea_food trout\D66ZNJE124MG.jpg,fish sea_food trout,256,256,JPEG
C:/Users/conta/OneDrive/Desktop/Multiclass/data/train\fish sea_food trout\D6GE7UIF1UWF.jpg,fish sea_food trout,256,256,JPEG
C:/Users/conta/OneDrive/Desktop/Multiclass/data/train\fish sea_food trout\D6HNZZ0DO9G7.jpg,fish sea_food trout,256,256,JPEG
C:/Users/conta/OneDrive/Desktop/Multiclass/data/train\fish sea_food trout\DD121I6SN4ZD.jpg,fish sea_food trout,256,256,JPEG
C:/Users/conta/OneDrive/Desktop/Multiclass/data/train\fish sea_food trout\DEYM8URSX518.jpg,fish sea_food trout,256,256,JPEG
C:/Users/conta/OneDrive/Desktop/Multiclass/data/train\fish sea_food trout\DHCN7PXW1A9L.jpg,fish sea_food trout,256,256,JPEG
C:/Users/conta/OneDrive/Desktop/Multiclass/data/train\fish sea_food trout\DHGJR5XQAS7J.jpg,fish sea_food trout,256,256,JPEG
C:/Users/conta/OneDrive/Desktop/Multiclass/data/train\fish sea_food trout\DIK5PILPCYVJ.jpg,fish sea_food trout,256,256,JPEG
C:/Users/conta/OneDrive/Desktop/Multiclass/data/train\fish sea_food trout\DNVVU1RS6SCB.jpg,fish sea_food trout,256,256,JPEG
C:/Users/conta/OneDrive/Desktop/Multiclass/data/train\fish sea_food trout\DOCD4712RNO4.jpg,fish sea_food trout,256,256,JPEG
C:/Users/conta/OneDrive/Desktop/Multiclass/data/train\fish sea_food trout\DP8CPIQ9SAOV.jpg,fish sea_food trout,256,256,JPEG
C:/Users/conta/OneDrive/Desktop/Multiclass/data/train\fish sea_food trout\DQWOZKACRGET.jpg,fish sea_food trout,256,256,JPEG
C:/Users/conta/OneDrive/Desktop/Multiclass/data/train\fish sea_food trout\DTX7VGVPDFSL.jpg,fish sea_food trout,256,256,JPEG
C:/Users/conta/OneDrive/Desktop/Multiclass/data/train\fish sea_food trout\DW6ZQQCYF6WN.jpg,fish sea_food trout,256,256,JPEG
C:/Users/conta/OneDrive/Desktop/Multiclass/data/train\fish sea_food trout\DXJT6U1VQ2Z7.jpg,fish sea_food trout,256,256,JPEG
C:/Users/conta/OneDrive/Desktop/Multiclass/data/train\fish sea_food trout\DYQO5N5KRRUN.jpg,fish sea_food trout,256,256,JPEG
C:/Users/conta/OneDrive/Desktop/Multiclass/data/train\fish sea_food trout\DZWYNOL1GO8X.jpg,fish sea_food trout,256,256,JPEG
C:/Users/conta/OneDrive/Desktop/Multiclass/data/train\fish sea_food trout\E329QWV25FXU.jpg,fish sea_food trout,256,256,JPEG
C:/Users/conta/OneDrive/Desktop/Multiclass/data/train\fish sea_food trout\E5MAQSNJVFP6.jpg,fish sea_food trout,256,256,JPEG
C:/Users/conta/OneDrive/Desktop/Multiclass/data/train\fish sea_food trout\E62HUYWRAUO6.jpg,fish sea_food trout,256,256,JPEG
C:/Users/conta/OneDrive/Desktop/Multiclass/data/train\fish sea_food trout\E7ZT17ORB4LW.jpg,fish sea_food trout,256,256,JPEG
C:/Users/conta/OneDrive/Desktop/Multiclass/data/train\fish sea_food trout\E9OFWKXXKO7M.jpg,fish sea_food trout,256,256,JPEG
C:/Users/conta/OneDrive/Desktop/Multiclass/data/train\fish sea_food trout\EE1373R4YKPZ.jpg,fish sea_food trout,256,256,JPEG
C:/Users/conta/OneDrive/Desktop/Multiclass/data/train\fish sea_food trout\EFM1ND69BZPB.jpg,fish sea_food trout,256,256,JPEG
C:/Users/conta/OneDrive/Desktop/Multiclass/data/train\fish sea_food trout\EGHPCPJW516J.jpg,fish sea_food trout,256,256,JPEG
C:/Users/conta/OneDrive/Desktop/Multiclass/data/train\fish sea_food trout\EK1E3CHXRKDL.jpg,fish sea_food trout,256,256,JPEG
C:/Users/conta/OneDrive/Desktop/Multiclass/data/train\fish sea_food trout\ETHHVMP19Q3X.jpg,fish sea_food trout,256,256,JPEG
C:/Users/conta/OneDrive/Desktop/Multiclass/data/train\fish sea_food trout\ETR7I1M7KIZJ.jpg,fish sea_food trout,256,256,JPEG
C:/Users/conta/OneDrive/Desktop/Multiclass/data/train\fish sea_food trout\EUZR41JA8XPY.jpg,fish sea_food trout,256,256,JPEG
C:/Users/conta/OneDrive/Desktop/Multiclass/data/train\fish sea_food trout\EZ1KBO0BI0W1.jpg,fish sea_food trout,256,256,JPEG
C:/Users/conta/OneDrive/Desktop/Multiclass/data/train\fish sea_food trout\F5EAUNGHMAOF.jpg,fish sea_food trout,256,256,JPEG
C:/Users/conta/OneDrive/Desktop/Multiclass/data/train\fish sea_food trout\F88FHGN9BUR0.jpg,fish sea_food trout,256,256,JPEG
C:/Users/conta/OneDrive/Desktop/Multiclass/data/train\fish sea_food trout\F9VUN80PU057.jpg,fish sea_food trout,256,256,JPEG
C:/Users/conta/OneDrive/Desktop/Multiclass/data/train\fish sea_food trout\FAG1YNIDTVLD.jpg,fish sea_food trout,256,256,JPEG
C:/Users/conta/OneDrive/Desktop/Multiclass/data/train\fish sea_food trout\FEBUPL27X58M.jpg,fish sea_food trout,256,256,JPEG
C:/Users/conta/OneDrive/Desktop/Multiclass/data/train\fish sea_food trout\FFRFQN606XK7.jpg,fish sea_food trout,256,256,JPEG
C:/Users/conta/OneDrive/Desktop/Multiclass/data/train\fish sea_food trout\FITJ8G1V9P0W.jpg,fish sea_food trout,256,256,JPEG
C:/Users/conta/OneDrive/Desktop/Multiclass/data/train\fish sea_food trout\FPRFA5UT0H95.jpg,fish sea_food trout,256,256,JPEG
C:/Users/conta/OneDrive/Desktop/Multiclass/data/train\fish sea_food trout\FPWFBJ4CWUEE.jpg,fish sea_food trout,256,256,JPEG
C:/Users/conta/OneDrive/Desktop/Multiclass/data/train\fish sea_food trout\FTVEJ6Q8DCPD.jpg,fish sea_food trout,256,256,JPEG
C:/Users/conta/OneDrive/Desktop/Multiclass/data/train\fish sea_food trout\FU13YAHFIIO9.jpg,fish sea_food trout,256,256,JPEG
C:/Users/conta/OneDrive/Desktop/Multiclass/data/train\fish sea_food trout\FUNLABFS406C.jpg,fish sea_food trout,256,256,JPEG
C:/Users/conta/OneDrive/Desktop/Multiclass/data/train\fish sea_food trout\FUWPUSZVDPV9.jpg,fish sea_food trout,256,256,JPEG
C:/Users/conta/OneDrive/Desktop/Multiclass/data/train\fish sea_food trout\FVEKWJDRFQFG.jpg,fish sea_food trout,256,256,JPEG
C:/Users/conta/OneDrive/Desktop/Multiclass/data/train\fish sea_food trout\FWG0XI2JBXJ9.jpg,fish sea_food trout,256,256,JPEG
C:/Users/conta/OneDrive/Desktop/Multiclass/data/train\fish sea_food trout\G11BGFJHRE4A.jpg,fish sea_food trout,256,256,JPEG
C:/Users/conta/OneDrive/Desktop/Multiclass/data/train\fish sea_food trout\G2GNLBNR1WB3.jpg,fish sea_food trout,256,256,JPEG
C:/Users/conta/OneDrive/Desktop/Multiclass/data/train\fish sea_food trout\G39TNL208IU7.jpg,fish sea_food trout,256,256,JPEG
C:/Users/conta/OneDrive/Desktop/Multiclass/data/train\fish sea_food trout\G4LZ6HFRMZG5.jpg,fish sea_food trout,256,256,JPEG
C:/Users/conta/OneDrive/Desktop/Multiclass/data/train\fish sea_food trout\G4ULK7TVQUS1.jpg,fish sea_food trout,256,256,JPEG
C:/Users/conta/OneDrive/Desktop/Multiclass/data/train\fish sea_food trout\G8LFU69NGDBS.jpg,fish sea_food trout,256,256,JPEG
C:/Users/conta/OneDrive/Desktop/Multiclass/data/train\fish sea_food trout\GDZ1EILMU3HA.jpg,fish sea_food trout,256,256,JPEG
C:/Users/conta/OneDrive/Desktop/Multiclass/data/train\fish sea_food trout\GI5DP7DO97OO.jpg,fish sea_food trout,256,256,JPEG
C:/Users/conta/OneDrive/Desktop/Multiclass/data/train\fish sea_food trout\GJAIS90J9MOS.jpg,fish sea_food trout,256,256,JPEG
C:/Users/conta/OneDrive/Desktop/Multiclass/data/train\fish sea_food trout\GKW1JRBOHTED.jpg,fish sea_food trout,256,256,JPEG
C:/Users/conta/OneDrive/Desktop/Multiclass/data/train\fish sea_food trout\GSBP3925Q62M.jpg,fish sea_food trout,256,256,JPEG
C:/Users/conta/OneDrive/Desktop/Multiclass/data/train\fish sea_food trout\GV34Q4BZM25W.jpg,fish sea_food trout,256,256,JPEG
C:/Users/conta/OneDrive/Desktop/Multiclass/data/train\fish sea_food trout\H12XMOZFYZBV.jpg,fish sea_food trout,256,256,JPEG
C:/Users/conta/OneDrive/Desktop/Multiclass/data/train\fish sea_food trout\H1X1RDM2ADQX.jpg,fish sea_food trout,256,256,JPEG
C:/Users/conta/OneDrive/Desktop/Multiclass/data/train\fish sea_food trout\H2GQTZTCITN8.jpg,fish sea_food trout,256,256,JPEG
C:/Users/conta/OneDrive/Desktop/Multiclass/data/train\fish sea_food trout\H70TZO2W58ZY.jpg,fish sea_food trout,256,256,JPEG
C:/Users/conta/OneDrive/Desktop/Multiclass/data/train\fish sea_food trout\H9AK5I3HWTVX.jpg,fish sea_food trout,256,256,JPEG
C:/Users/conta/OneDrive/Desktop/Multiclass/data/train\fish sea_food trout\HBZOM1M8L5UC.jpg,fish sea_food trout,256,256,JPEG
C:/Users/conta/OneDrive/Desktop/Multiclass/data/train\fish sea_food trout\HCBFU22UE2QA.jpg,fish sea_food trout,256,256,JPEG
C:/Users/conta/OneDrive/Desktop/Multiclass/data/train\fish sea_food trout\HCJW5JUH1JYK.jpg,fish sea_food trout,256,256,JPEG
C:/Users/conta/OneDrive/Desktop/Multiclass/data/train\fish sea_food trout\HF5S3W15AR3O.jpg,fish sea_food trout,256,256,JPEG
C:/Users/conta/OneDrive/Desktop/Multiclass/data/train\fish sea_food trout\HI041AQM9556.jpg,fish sea_food trout,256,256,JPEG
C:/Users/conta/OneDrive/Desktop/Multiclass/data/train\fish sea_food trout\HI9X45HW68BA.jpg,fish sea_food trout,256,256,JPEG
C:/Users/conta/OneDrive/Desktop/Multiclass/data/train\fish sea_food trout\HK1BUK6XCB5U.jpg,fish sea_food trout,256,256,JPEG
C:/Users/conta/OneDrive/Desktop/Multiclass/data/train\fish sea_food trout\HK39ZRH7C2D8.jpg,fish sea_food trout,256,256,JPEG
C:/Users/conta/OneDrive/Desktop/Multiclass/data/train\fish sea_food trout\HL3ST9IK6M6N.jpg,fish sea_food trout,256,256,JPEG
C:/Users/conta/OneDrive/Desktop/Multiclass/data/train\fish sea_food trout\HNA7CZD01BYP.jpg,fish sea_food trout,256,256,JPEG
C:/Users/conta/OneDrive/Desktop/Multiclass/data/train\fish sea_food trout\HPXUXDQFL39M.jpg,fish sea_food trout,256,256,JPEG
C:/Users/conta/OneDrive/Desktop/Multiclass/data/train\fish sea_food trout\HQUEGYD5EDUT.jpg,fish sea_food trout,256,256,JPEG
C:/Users/conta/OneDrive/Desktop/Multiclass/data/train\fish sea_food trout\HR7OBOX2E1L8.jpg,fish sea_food trout,256,256,JPEG
C:/Users/conta/OneDrive/Desktop/Multiclass/data/train\fish sea_food trout\HTOIOB6AQZ4H.jpg,fish sea_food trout,256,256,JPEG
C:/Users/conta/OneDrive/Desktop/Multiclass/data/train\fish sea_food trout\HV33G0ZALFLO.jpg,fish sea_food trout,256,256,JPEG
C:/Users/conta/OneDrive/Desktop/Multiclass/data/train\fish sea_food trout\HWFX1E34I2WO.jpg,fish sea_food trout,256,256,JPEG
C:/Users/conta/OneDrive/Desktop/Multiclass/data/train\fish sea_food trout\HXW9MW6HFXJW.jpg,fish sea_food trout,256,256,JPEG
C:/Users/conta/OneDrive/Desktop/Multiclass/data/train\fish sea_food trout\HZ55T2LISIJO.jpg,fish sea_food trout,256,256,JPEG
C:/Users/conta/OneDrive/Desktop/Multiclass/data/train\fish sea_food trout\HZNW5J7GBSIW.jpg,fish sea_food trout,256,256,JPEG
C:/Users/conta/OneDrive/Desktop/Multiclass/data/train\fish sea_food trout\I725VHAA8QZ5.jpg,fish sea_food trout,256,256,JPEG
C:/Users/conta/OneDrive/Desktop/Multiclass/data/train\fish sea_food trout\I9SEV5ZBUQ9W.jpg,fish sea_food trout,256,256,JPEG
C:/Users/conta/OneDrive/Desktop/Multiclass/data/train\fish sea_food trout\ICOJOG8IWOCQ.jpg,fish sea_food trout,256,256,JPEG
C:/Users/conta/OneDrive/Desktop/Multiclass/data/train\fish sea_food trout\ICZZXARJD9P9.jpg,fish sea_food trout,256,256,JPEG
C:/Users/conta/OneDrive/Desktop/Multiclass/data/train\fish sea_food trout\IFWIPPUKRUPL.jpg,fish sea_food trout,256,256,JPEG
C:/Users/conta/OneDrive/Desktop/Multiclass/data/train\fish sea_food trout\IG850BE25X9T.jpg,fish sea_food trout,256,256,JPEG
C:/Users/conta/OneDrive/Desktop/Multiclass/data/train\fish sea_food trout\IJYV6SBAWTO6.jpg,fish sea_food trout,256,256,JPEG
C:/Users/conta/OneDrive/Desktop/Multiclass/data/train\fish sea_food trout\IM38BS9EIDO4.jpg,fish sea_food trout,256,256,JPEG
C:/Users/conta/OneDrive/Desktop/Multiclass/data/train\fish sea_food trout\IR2GLM24H4RP.jpg,fish sea_food trout,256,256,JPEG
C:/Users/conta/OneDrive/Desktop/Multiclass/data/train\fish sea_food trout\ITPVE3HU9WY0.jpg,fish sea_food trout,256,256,JPEG
C:/Users/conta/OneDrive/Desktop/Multiclass/data/train\fish sea_food trout\IULJD0MQEYH0.jpg,fish sea_food trout,256,256,JPEG
C:/Users/conta/OneDrive/Desktop/Multiclass/data/train\fish sea_food trout\IYOFHH4KB8AL.jpg,fish sea_food trout,256,256,JPEG
C:/Users/conta/OneDrive/Desktop/Multiclass/data/train\fish sea_food trout\IZEHHIHOXTLG.jpg,fish sea_food trout,256,256,JPEG
C:/Users/conta/OneDrive/Desktop/Multiclass/data/train\fish sea_food trout\J03PP215WWSB.jpg,fish sea_food trout,256,256,JPEG
C:/Users/conta/OneDrive/Desktop/Multiclass/data/train\fish sea_food trout\J218BVXQVLTP.jpg,fish sea_food trout,256,256,JPEG
C:/Users/conta/OneDrive/Desktop/Multiclass/data/train\fish sea_food trout\J6ZD36T9F1WI.jpg,fish sea_food trout,256,256,JPEG
C:/Users/conta/OneDrive/Desktop/Multiclass/data/train\fish sea_food trout\J7EVBCURABXY.jpg,fish sea_food trout,256,256,JPEG
C:/Users/conta/OneDrive/Desktop/Multiclass/data/train\fish sea_food trout\JAM78DXFAN1S.jpg,fish sea_food trout,256,256,JPEG
C:/Users/conta/OneDrive/Desktop/Multiclass/data/train\fish sea_food trout\JBGGVJT9CGXY.jpg,fish sea_food trout,256,256,JPEG
C:/Users/conta/OneDrive/Desktop/Multiclass/data/train\fish sea_food trout\JDIHO12ODSYX.jpg,fish sea_food trout,256,256,JPEG
C:/Users/conta/OneDrive/Desktop/Multiclass/data/train\fish sea_food trout\JF9N68LJYB2S.jpg,fish sea_food trout,256,256,JPEG
C:/Users/conta/OneDrive/Desktop/Multiclass/data/train\fish sea_food trout\JG1MNCF5HKZN.jpg,fish sea_food trout,256,256,JPEG
C:/Users/conta/OneDrive/Desktop/Multiclass/data/train\fish sea_food trout\JGLDIBW9D7HN.jpg,fish sea_food trout,256,256,JPEG
C:/Users/conta/OneDrive/Desktop/Multiclass/data/train\fish sea_food trout\JHD2NVN1WR8A.jpg,fish sea_food trout,256,256,JPEG
C:/Users/conta/OneDrive/Desktop/Multiclass/data/train\fish sea_food trout\JIQANS5CXQKO.jpg,fish sea_food trout,256,256,JPEG
C:/Users/conta/OneDrive/Desktop/Multiclass/data/train\fish sea_food trout\JLAJ9EN7HQJW.jpg,fish sea_food trout,256,256,JPEG
C:/Users/conta/OneDrive/Desktop/Multiclass/data/train\fish sea_food trout\JP2KSB2WAW0R.jpg,fish sea_food trout,256,256,JPEG
C:/Users/conta/OneDrive/Desktop/Multiclass/data/train\fish sea_food trout\JPLDEG9PT3BA.jpg,fish sea_food trout,256,256,JPEG
C:/Users/conta/OneDrive/Desktop/Multiclass/data/train\fish sea_food trout\JRKLPQUUJNO9.jpg,fish sea_food trout,256,256,JPEG
C:/Users/conta/OneDrive/Desktop/Multiclass/data/train\fish sea_food trout\JRNIGMW8UM7O.jpg,fish sea_food trout,256,256,JPEG
C:/Users/conta/OneDrive/Desktop/Multiclass/data/train\fish sea_food trout\JSHC9ECD26K2.jpg,fish sea_food trout,256,256,JPEG
C:/Users/conta/OneDrive/Desktop/Multiclass/data/train\fish sea_food trout\JTXAKUB0OWIV.jpg,fish sea_food trout,256,256,JPEG
C:/Users/conta/OneDrive/Desktop/Multiclass/data/train\fish sea_food trout\JVBDZCXOZTAN.jpg,fish sea_food trout,256,256,JPEG
C:/Users/conta/OneDrive/Desktop/Multiclass/data/train\fish sea_food trout\JYA67WA5QYVC.jpg,fish sea_food trout,256,256,JPEG
C:/Users/conta/OneDrive/Desktop/Multiclass/data/train\fish sea_food trout\JYKVB5OSOZKW.jpg,fish sea_food trout,256,256,JPEG
C:/Users/conta/OneDrive/Desktop/Multiclass/data/train\fish sea_food trout\JZT31A1KFY2H.jpg,fish sea_food trout,256,256,JPEG
C:/Users/conta/OneDrive/Desktop/Multiclass/data/train\fish sea_food trout\K0PH8T7FDCJ2.jpg,fish sea_food trout,256,256,JPEG
C:/Users/conta/OneDrive/Desktop/Multiclass/data/train\fish sea_food trout\K0T5KQPKZ173.jpg,fish sea_food trout,256,256,JPEG
C:/Users/conta/OneDrive/Desktop/Multiclass/data/train\fish sea_food trout\K1Y5BQ6IZT37.jpg,fish sea_food trout,256,256,JPEG
C:/Users/conta/OneDrive/Desktop/Multiclass/data/train\fish sea_food trout\K68QB3DB5G91.jpg,fish sea_food trout,256,256,JPEG
C:/Users/conta/OneDrive/Desktop/Multiclass/data/train\fish sea_food trout\K6NKTD2E9VV7.jpg,fish sea_food trout,256,256,JPEG
C:/Users/conta/OneDrive/Desktop/Multiclass/data/train\fish sea_food trout\K94Y4Q5XCPRB.jpg,fish sea_food trout,256,256,JPEG
C:/Users/conta/OneDrive/Desktop/Multiclass/data/train\fish sea_food trout\KC9718DRGX18.jpg,fish sea_food trout,256,256,JPEG
C:/Users/conta/OneDrive/Desktop/Multiclass/data/train\fish sea_food trout\KHORWTM5TVRH.jpg,fish sea_food trout,256,256,JPEG
C:/Users/conta/OneDrive/Desktop/Multiclass/data/train\fish sea_food trout\KL51F161RVIK.jpg,fish sea_food trout,256,256,JPEG
C:/Users/conta/OneDrive/Desktop/Multiclass/data/train\fish sea_food trout\KLR5MIG6C97W.jpg,fish sea_food trout,256,256,JPEG
C:/Users/conta/OneDrive/Desktop/Multiclass/data/train\fish sea_food trout\KMWDFZ89E69U.jpg,fish sea_food trout,256,256,JPEG
C:/Users/conta/OneDrive/Desktop/Multiclass/data/train\fish sea_food trout\KOG5699RVJ15.jpg,fish sea_food trout,256,256,JPEG
C:/Users/conta/OneDrive/Desktop/Multiclass/data/train\fish sea_food trout\KQFIIAG2JJJW.jpg,fish sea_food trout,256,256,JPEG
C:/Users/conta/OneDrive/Desktop/Multiclass/data/train\fish sea_food trout\KRYTO1XQCMGA.jpg,fish sea_food trout,256,256,JPEG
C:/Users/conta/OneDrive/Desktop/Multiclass/data/train\fish sea_food trout\KSX714PTC3BS.jpg,fish sea_food trout,256,256,JPEG
C:/Users/conta/OneDrive/Desktop/Multiclass/data/train\fish sea_food trout\KSXQMUQGL4AV.jpg,fish sea_food trout,256,256,JPEG
C:/Users/conta/OneDrive/Desktop/Multiclass/data/train\fish sea_food trout\KY1VRPAXOQY0.jpg,fish sea_food trout,256,256,JPEG
C:/Users/conta/OneDrive/Desktop/Multiclass/data/train\fish sea_food trout\KYBTCPZ8K7UG.jpg,fish sea_food trout,256,256,JPEG
C:/Users/conta/OneDrive/Desktop/Multiclass/data/train\fish sea_food trout\KYS33AK7339A.jpg,fish sea_food trout,256,256,JPEG
C:/Users/conta/OneDrive/Desktop/Multiclass/data/train\fish sea_food trout\KZ64HNDVL957.jpg,fish sea_food trout,256,256,JPEG
C:/Users/conta/OneDrive/Desktop/Multiclass/data/train\fish sea_food trout\KZBAX2UR4AEY.jpg,fish sea_food trout,256,256,JPEG
C:/Users/conta/OneDrive/Desktop/Multiclass/data/train\fish sea_food trout\L3186S3ELVK7.jpg,fish sea_food trout,256,256,JPEG
C:/Users/conta/OneDrive/Desktop/Multiclass/data/train\fish sea_food trout\L39FVWG4PHKO.jpg,fish sea_food trout,256,256,JPEG
C:/Users/conta/OneDrive/Desktop/Multiclass/data/train\fish sea_food trout\L41I0MNCC0LK.jpg,fish sea_food trout,256,256,JPEG
C:/Users/conta/OneDrive/Desktop/Multiclass/data/train\fish sea_food trout\L54O9SOWSM1K.jpg,fish sea_food trout,256,256,JPEG
C:/Users/conta/OneDrive/Desktop/Multiclass/data/train\fish sea_food trout\LABZVDPB9DU9.jpg,fish sea_food trout,256,256,JPEG
C:/Users/conta/OneDrive/Desktop/Multiclass/data/train\fish sea_food trout\LNV54ZXEE6EI.jpg,fish sea_food trout,256,256,JPEG
C:/Users/conta/OneDrive/Desktop/Multiclass/data/train\fish sea_food trout\LQRNRZRW8HIP.jpg,fish sea_food trout,256,256,JPEG
C:/Users/conta/OneDrive/Desktop/Multiclass/data/train\fish sea_food trout\LQWKANMK4975.jpg,fish sea_food trout,256,256,JPEG
C:/Users/conta/OneDrive/Desktop/Multiclass/data/train\fish sea_food trout\LSHRYQ3SW3H2.jpg,fish sea_food trout,256,256,JPEG
C:/Users/conta/OneDrive/Desktop/Multiclass/data/train\fish sea_food trout\LVN26RR6HF0M.jpg,fish sea_food trout,256,256,JPEG
C:/Users/conta/OneDrive/Desktop/Multiclass/data/train\fish sea_food trout\M0E4J0VI7VA4.jpg,fish sea_food trout,256,256,JPEG
C:/Users/conta/OneDrive/Desktop/Multiclass/data/train\fish sea_food trout\M10R7TY316TW.jpg,fish sea_food trout,256,256,JPEG
C:/Users/conta/OneDrive/Desktop/Multiclass/data/train\fish sea_food trout\M2ESFTJKJ92O.jpg,fish sea_food trout,256,256,JPEG
C:/Users/conta/OneDrive/Desktop/Multiclass/data/train\fish sea_food trout\M4PZ3DOGR46N.jpg,fish sea_food trout,256,256,JPEG
C:/Users/conta/OneDrive/Desktop/Multiclass/data/train\fish sea_food trout\M8S6Q0LVIRSJ.jpg,fish sea_food trout,256,256,JPEG
C:/Users/conta/OneDrive/Desktop/Multiclass/data/train\fish sea_food trout\MD0728KJD58G.jpg,fish sea_food trout,256,256,JPEG
C:/Users/conta/OneDrive/Desktop/Multiclass/data/train\fish sea_food trout\MFL33021NCEO.jpg,fish sea_food trout,256,256,JPEG
C:/Users/conta/OneDrive/Desktop/Multiclass/data/train\fish sea_food trout\MGEV4CCWP57Z.jpg,fish sea_food trout,256,256,JPEG
C:/Users/conta/OneDrive/Desktop/Multiclass/data/train\fish sea_food trout\MGOP7TOOIHBH.jpg,fish sea_food trout,256,256,JPEG
C:/Users/conta/OneDrive/Desktop/Multiclass/data/train\fish sea_food trout\MLRLEP09K4I4.jpg,fish sea_food trout,256,256,JPEG
C:/Users/conta/OneDrive/Desktop/Multiclass/data/train\fish sea_food trout\MOEY3CXESAMV.jpg,fish sea_food trout,256,256,JPEG
C:/Users/conta/OneDrive/Desktop/Multiclass/data/train\fish sea_food trout\MQZ41CD3XQNO.jpg,fish sea_food trout,256,256,JPEG
C:/Users/conta/OneDrive/Desktop/Multiclass/data/train\fish sea_food trout\MW775EHFSQX6.jpg,fish sea_food trout,256,256,JPEG
C:/Users/conta/OneDrive/Desktop/Multiclass/data/train\fish sea_food trout\MWDMED0FZ0T7.jpg,fish sea_food trout,256,256,JPEG
C:/Users/conta/OneDrive/Desktop/Multiclass/data/train\fish sea_food trout\MY7DDWCUI072.jpg,fish sea_food trout,256,256,JPEG
C:/Users/conta/OneDrive/Desktop/Multiclass/data/train\fish sea_food trout\MZSROW6FQJAI.jpg,fish sea_food trout,256,256,JPEG
C:/Users/conta/OneDrive/Desktop/Multiclass/data/train\fish sea_food trout\MZTCVY2WCDJU.jpg,fish sea_food trout,256,256,JPEG
C:/Users/conta/OneDrive/Desktop/Multiclass/data/train\fish sea_food trout\N1HETNI1TB0J.jpg,fish sea_food trout,256,256,JPEG
C:/Users/conta/OneDrive/Desktop/Multiclass/data/train\fish sea_food trout\N4RD5YP6VW7M.jpg,fish sea_food trout,256,256,JPEG
C:/Users/conta/OneDrive/Desktop/Multiclass/data/train\fish sea_food trout\N5XS7VE0VXEY.jpg,fish sea_food trout,256,256,JPEG
C:/Users/conta/OneDrive/Desktop/Multiclass/data/train\fish sea_food trout\NF9OKLY10QAU.jpg,fish sea_food trout,256,256,JPEG
C:/Users/conta/OneDrive/Desktop/Multiclass/data/train\fish sea_food trout\NJEP5H5OV1TY.jpg,fish sea_food trout,256,256,JPEG
C:/Users/conta/OneDrive/Desktop/Multiclass/data/train\fish sea_food trout\NQCSIJAJJLGL.jpg,fish sea_food trout,256,256,JPEG
C:/Users/conta/OneDrive/Desktop/Multiclass/data/train\fish sea_food trout\NRKITZKZG7IN.jpg,fish sea_food trout,256,256,JPEG
C:/Users/conta/OneDrive/Desktop/Multiclass/data/train\fish sea_food trout\NYS1YLTSSWSA.jpg,fish sea_food trout,256,256,JPEG
C:/Users/conta/OneDrive/Desktop/Multiclass/data/train\fish sea_food trout\O1KG9HND7Y9M.jpg,fish sea_food trout,256,256,JPEG
C:/Users/conta/OneDrive/Desktop/Multiclass/data/train\fish sea_food trout\O1RWE1ZRA04W.jpg,fish sea_food trout,256,256,JPEG
C:/Users/conta/OneDrive/Desktop/Multiclass/data/train\fish sea_food trout\O5BCNABYPCE0.jpg,fish sea_food trout,256,256,JPEG
C:/Users/conta/OneDrive/Desktop/Multiclass/data/train\fish sea_food trout\O8AFWS5DN80B.jpg,fish sea_food trout,256,256,JPEG
C:/Users/conta/OneDrive/Desktop/Multiclass/data/train\fish sea_food trout\OB5GTNY6UU4J.jpg,fish sea_food trout,256,256,JPEG
C:/Users/conta/OneDrive/Desktop/Multiclass/data/train\fish sea_food trout\OG9ZZ752OXE3.jpg,fish sea_food trout,256,256,JPEG
C:/Users/conta/OneDrive/Desktop/Multiclass/data/train\fish sea_food trout\OJ4UNBH34MFS.jpg,fish sea_food trout,256,256,JPEG
C:/Users/conta/OneDrive/Desktop/Multiclass/data/train\fish sea_food trout\OL0LUAXXJR0H.jpg,fish sea_food trout,256,256,JPEG
C:/Users/conta/OneDrive/Desktop/Multiclass/data/train\fish sea_food trout\OL2X8RGCFKA6.jpg,fish sea_food trout,256,256,JPEG
C:/Users/conta/OneDrive/Desktop/Multiclass/data/train\fish sea_food trout\OM6YDD57BGU3.jpg,fish sea_food trout,256,256,JPEG
C:/Users/conta/OneDrive/Desktop/Multiclass/data/train\fish sea_food trout\OOH15MAB17SL.jpg,fish sea_food trout,256,256,JPEG
C:/Users/conta/OneDrive/Desktop/Multiclass/data/train\fish sea_food trout\OR1ISY1DI6D0.jpg,fish sea_food trout,256,256,JPEG
C:/Users/conta/OneDrive/Desktop/Multiclass/data/train\fish sea_food trout\OR78AYZVO3BE.jpg,fish sea_food trout,256,256,JPEG
C:/Users/conta/OneDrive/Desktop/Multiclass/data/train\fish sea_food trout\OSKFWPREU9K4.jpg,fish sea_food trout,256,256,JPEG
C:/Users/conta/OneDrive/Desktop/Multiclass/data/train\fish sea_food trout\OVTAF9NUZJ16.jpg,fish sea_food trout,256,256,JPEG
C:/Users/conta/OneDrive/Desktop/Multiclass/data/train\fish sea_food trout\OZ21DLQVWJ6C.jpg,fish sea_food trout,256,256,JPEG
C:/Users/conta/OneDrive/Desktop/Multiclass/data/train\fish sea_food trout\P1GS618F0NAL.jpg,fish sea_food trout,256,256,JPEG
C:/Users/conta/OneDrive/Desktop/Multiclass/data/train\fish sea_food trout\P1OOPHUQ6LWJ.jpg,fish sea_food trout,256,256,JPEG
C:/Users/conta/OneDrive/Desktop/Multiclass/data/train\fish sea_food trout\P1XIQ7JZ1MKZ.jpg,fish sea_food trout,256,256,JPEG
C:/Users/conta/OneDrive/Desktop/Multiclass/data/train\fish sea_food trout\P467DT5RSCOD.jpg,fish sea_food trout,256,256,JPEG
C:/Users/conta/OneDrive/Desktop/Multiclass/data/train\fish sea_food trout\P5XMGCYSHYTL.jpg,fish sea_food trout,256,256,JPEG
C:/Users/conta/OneDrive/Desktop/Multiclass/data/train\fish sea_food trout\P7WX7F6S5Y58.jpg,fish sea_food trout,256,256,JPEG
C:/Users/conta/OneDrive/Desktop/Multiclass/data/train\fish sea_food trout\P8V3HTQHVNGO.jpg,fish sea_food trout,256,256,JPEG
C:/Users/conta/OneDrive/Desktop/Multiclass/data/train\fish sea_food trout\P8VSHFGHBRSO.jpg,fish sea_food trout,256,256,JPEG
C:/Users/conta/OneDrive/Desktop/Multiclass/data/train\fish sea_food trout\PBPGQ7DZA2PT.jpg,fish sea_food trout,256,256,JPEG
C:/Users/conta/OneDrive/Desktop/Multiclass/data/train\fish sea_food trout\PBR3W62FVLJM.jpg,fish sea_food trout,256,256,JPEG
C:/Users/conta/OneDrive/Desktop/Multiclass/data/train\fish sea_food trout\PCF2CFMJZ934.jpg,fish sea_food trout,256,256,JPEG
C:/Users/conta/OneDrive/Desktop/Multiclass/data/train\fish sea_food trout\PCYSNV6THSY5.jpg,fish sea_food trout,256,256,JPEG
C:/Users/conta/OneDrive/Desktop/Multiclass/data/train\fish sea_food trout\PFNECMGBGJI2.jpg,fish sea_food trout,256,256,JPEG
C:/Users/conta/OneDrive/Desktop/Multiclass/data/train\fish sea_food trout\PGEXCR96VEU9.jpg,fish sea_food trout,256,256,JPEG
C:/Users/conta/OneDrive/Desktop/Multiclass/data/train\fish sea_food trout\PH3BZ5M3BQ5H.jpg,fish sea_food trout,256,256,JPEG
C:/Users/conta/OneDrive/Desktop/Multiclass/data/train\fish sea_food trout\PI24B8IT5CY4.jpg,fish sea_food trout,256,256,JPEG
C:/Users/conta/OneDrive/Desktop/Multiclass/data/train\fish sea_food trout\PKSB12UR76LS.jpg,fish sea_food trout,256,256,JPEG
C:/Users/conta/OneDrive/Desktop/Multiclass/data/train\fish sea_food trout\PL0XBA120WJ6.jpg,fish sea_food trout,256,256,JPEG
C:/Users/conta/OneDrive/Desktop/Multiclass/data/train\fish sea_food trout\PLUTMKGE9G1P.jpg,fish sea_food trout,256,256,JPEG
C:/Users/conta/OneDrive/Desktop/Multiclass/data/train\fish sea_food trout\PM3OM8MSKWFV.jpg,fish sea_food trout,256,256,JPEG
C:/Users/conta/OneDrive/Desktop/Multiclass/data/train\fish sea_food trout\POD959TI8NCA.jpg,fish sea_food trout,256,256,JPEG
C:/Users/conta/OneDrive/Desktop/Multiclass/data/train\fish sea_food trout\PQ7LKVCC0XSV.jpg,fish sea_food trout,256,256,JPEG
C:/Users/conta/OneDrive/Desktop/Multiclass/data/train\fish sea_food trout\PQTQX5AHYJQ7.jpg,fish sea_food trout,256,256,JPEG
C:/Users/conta/OneDrive/Desktop/Multiclass/data/train\fish sea_food trout\PR6KYI25PD7N.jpg,fish sea_food trout,256,256,JPEG
C:/Users/conta/OneDrive/Desktop/Multiclass/data/train\fish sea_food trout\PTTB389V9SP3.jpg,fish sea_food trout,256,256,JPEG
C:/Users/conta/OneDrive/Desktop/Multiclass/data/train\fish sea_food trout\PV2DSBJ3AXIO.jpg,fish sea_food trout,256,256,JPEG
C:/Users/conta/OneDrive/Desktop/Multiclass/data/train\fish sea_food trout\PXMLR38C8THJ.jpg,fish sea_food trout,256,256,JPEG
C:/Users/conta/OneDrive/Desktop/Multiclass/data/train\fish sea_food trout\PYH4RNMG18I3.jpg,fish sea_food trout,256,256,JPEG
C:/Users/conta/OneDrive/Desktop/Multiclass/data/train\fish sea_food trout\Q2KJ8XVNV8I8.jpg,fish sea_food trout,256,256,JPEG
C:/Users/conta/OneDrive/Desktop/Multiclass/data/train\fish sea_food trout\Q3XTE1S1L5O3.jpg,fish sea_food trout,256,256,JPEG
C:/Users/conta/OneDrive/Desktop/Multiclass/data/train\fish sea_food trout\Q8NJ1XPFLSWS.jpg,fish sea_food trout,256,256,JPEG
C:/Users/conta/OneDrive/Desktop/Multiclass/data/train\fish sea_food trout\QAR3562GFO4A.jpg,fish sea_food trout,256,256,JPEG
C:/Users/conta/OneDrive/Desktop/Multiclass/data/train\fish sea_food trout\QD199O86AU2X.jpg,fish sea_food trout,256,256,JPEG
C:/Users/conta/OneDrive/Desktop/Multiclass/data/train\fish sea_food trout\QEXUL7T6NLEW.jpg,fish sea_food trout,256,256,JPEG
C:/Users/conta/OneDrive/Desktop/Multiclass/data/train\fish sea_food trout\QKIJKUJ755FI.jpg,fish sea_food trout,256,256,JPEG
C:/Users/conta/OneDrive/Desktop/Multiclass/data/train\fish sea_food trout\QM5SWIOP7QRI.jpg,fish sea_food trout,256,256,JPEG
C:/Users/conta/OneDrive/Desktop/Multiclass/data/train\fish sea_food trout\QMQ2V93QVRYZ.jpg,fish sea_food trout,256,256,JPEG
C:/Users/conta/OneDrive/Desktop/Multiclass/data/train\fish sea_food trout\QNB59U6Q3D5H.jpg,fish sea_food trout,256,256,JPEG
C:/Users/conta/OneDrive/Desktop/Multiclass/data/train\fish sea_food trout\QNDJCESSY72L.jpg,fish sea_food trout,256,256,JPEG
C:/Users/conta/OneDrive/Desktop/Multiclass/data/train\fish sea_food trout\QPRUGKN4209J.jpg,fish sea_food trout,256,256,JPEG
C:/Users/conta/OneDrive/Desktop/Multiclass/data/train\fish sea_food trout\QWH0DQNZSMZY.jpg,fish sea_food trout,256,256,JPEG
C:/Users/conta/OneDrive/Desktop/Multiclass/data/train\fish sea_food trout\QX3HXQ85384V.jpg,fish sea_food trout,256,256,JPEG
C:/Users/conta/OneDrive/Desktop/Multiclass/data/train\fish sea_food trout\QYTCKKPA0884.jpg,fish sea_food trout,256,256,JPEG
C:/Users/conta/OneDrive/Desktop/Multiclass/data/train\fish sea_food trout\QYUZXZRRN0T9.jpg,fish sea_food trout,256,256,JPEG
C:/Users/conta/OneDrive/Desktop/Multiclass/data/train\fish sea_food trout\QZNWRJ5VB6UH.jpg,fish sea_food trout,256,256,JPEG
C:/Users/conta/OneDrive/Desktop/Multiclass/data/train\fish sea_food trout\QZWVNUKI77NC.jpg,fish sea_food trout,256,256,JPEG
C:/Users/conta/OneDrive/Desktop/Multiclass/data/train\fish sea_food trout\R0IY3OZOFXSM.jpg,fish sea_food trout,256,256,JPEG
C:/Users/conta/OneDrive/Desktop/Multiclass/data/train\fish sea_food trout\R212C0O09KVU.jpg,fish sea_food trout,256,256,JPEG
C:/Users/conta/OneDrive/Desktop/Multiclass/data/train\fish sea_food trout\R2P1YR45C2DF.jpg,fish sea_food trout,256,256,JPEG
C:/Users/conta/OneDrive/Desktop/Multiclass/data/train\fish sea_food trout\R8M6ZX1CU4O9.jpg,fish sea_food trout,256,256,JPEG
C:/Users/conta/OneDrive/Desktop/Multiclass/data/train\fish sea_food trout\R9D80NQWUXQZ.jpg,fish sea_food trout,256,256,JPEG
C:/Users/conta/OneDrive/Desktop/Multiclass/data/train\fish sea_food trout\RBAYUJXENUZJ.jpg,fish sea_food trout,256,256,JPEG
C:/Users/conta/OneDrive/Desktop/Multiclass/data/train\fish sea_food trout\RDREOL5PA59I.jpg,fish sea_food trout,256,256,JPEG
C:/Users/conta/OneDrive/Desktop/Multiclass/data/train\fish sea_food trout\RFA015GYBDET.jpg,fish sea_food trout,256,256,JPEG
C:/Users/conta/OneDrive/Desktop/Multiclass/data/train\fish sea_food trout\RFB2EN0L49FZ.jpg,fish sea_food trout,256,256,JPEG
C:/Users/conta/OneDrive/Desktop/Multiclass/data/train\fish sea_food trout\RFJ42BK6RQTT.jpg,fish sea_food trout,256,256,JPEG
C:/Users/conta/OneDrive/Desktop/Multiclass/data/train\fish sea_food trout\RFNN26V232JB.jpg,fish sea_food trout,256,256,JPEG
C:/Users/conta/OneDrive/Desktop/Multiclass/data/train\fish sea_food trout\RJG14WD6OI7V.jpg,fish sea_food trout,256,256,JPEG
C:/Users/conta/OneDrive/Desktop/Multiclass/data/train\fish sea_food trout\RLE4NLH6QTIK.jpg,fish sea_food trout,256,256,JPEG
C:/Users/conta/OneDrive/Desktop/Multiclass/data/train\fish sea_food trout\RNBG2EFVSI6H.jpg,fish sea_food trout,256,256,JPEG
C:/Users/conta/OneDrive/Desktop/Multiclass/data/train\fish sea_food trout\RRCVR9OAFLVT.jpg,fish sea_food trout,256,256,JPEG
C:/Users/conta/OneDrive/Desktop/Multiclass/data/train\fish sea_food trout\RRRLSV2V8HJ4.jpg,fish sea_food trout,256,256,JPEG
C:/Users/conta/OneDrive/Desktop/Multiclass/data/train\fish sea_food trout\RTT3OUYDXHBX.jpg,fish sea_food trout,256,256,JPEG
C:/Users/conta/OneDrive/Desktop/Multiclass/data/train\fish sea_food trout\RU5EFL08PWH0.jpg,fish sea_food trout,256,256,JPEG
C:/Users/conta/OneDrive/Desktop/Multiclass/data/train\fish sea_food trout\RVXU04P1F8RL.jpg,fish sea_food trout,256,256,JPEG
C:/Users/conta/OneDrive/Desktop/Multiclass/data/train\fish sea_food trout\RWUK0N1M4I1T.jpg,fish sea_food trout,256,256,JPEG
C:/Users/conta/OneDrive/Desktop/Multiclass/data/train\fish sea_food trout\RY3XB6J5RUQF.jpg,fish sea_food trout,256,256,JPEG
C:/Users/conta/OneDrive/Desktop/Multiclass/data/train\fish sea_food trout\RYJ69ESY5J5Z.jpg,fish sea_food trout,256,256,JPEG
C:/Users/conta/OneDrive/Desktop/Multiclass/data/train\fish sea_food trout\RZCO8O1LACVZ.jpg,fish sea_food trout,256,256,JPEG
C:/Users/conta/OneDrive/Desktop/Multiclass/data/train\fish sea_food trout\S5K4XWEG5S7H.jpg,fish sea_food trout,256,256,JPEG
C:/Users/conta/OneDrive/Desktop/Multiclass/data/train\fish sea_food trout\S6PQZVSSGKWA.jpg,fish sea_food trout,256,256,JPEG
C:/Users/conta/OneDrive/Desktop/Multiclass/data/train\fish sea_food trout\S7F8QBW8VSSQ.jpg,fish sea_food trout,256,256,JPEG
C:/Users/conta/OneDrive/Desktop/Multiclass/data/train\fish sea_food trout\S7R3D97KVKUG.jpg,fish sea_food trout,256,256,JPEG
C:/Users/conta/OneDrive/Desktop/Multiclass/data/train\fish sea_food trout\S8UQJAG0WZI9.jpg,fish sea_food trout,256,256,JPEG
C:/Users/conta/OneDrive/Desktop/Multiclass/data/train\fish sea_food trout\SBY198231DN1.jpg,fish sea_food trout,256,256,JPEG
C:/Users/conta/OneDrive/Desktop/Multiclass/data/train\fish sea_food trout\SJM4POTF54G4.jpg,fish sea_food trout,256,256,JPEG
C:/Users/conta/OneDrive/Desktop/Multiclass/data/train\fish sea_food trout\SJUZXRAXIR2C.jpg,fish sea_food trout,256,256,JPEG
C:/Users/conta/OneDrive/Desktop/Multiclass/data/train\fish sea_food trout\SJWPZ6NRIKP3.jpg,fish sea_food trout,256,256,JPEG
C:/Users/conta/OneDrive/Desktop/Multiclass/data/train\fish sea_food trout\SKG42QNWCUZN.jpg,fish sea_food trout,256,256,JPEG
C:/Users/conta/OneDrive/Desktop/Multiclass/data/train\fish sea_food trout\SMZXXDZHMVP3.jpg,fish sea_food trout,256,256,JPEG
C:/Users/conta/OneDrive/Desktop/Multiclass/data/train\fish sea_food trout\SOM76OXU3CYG.jpg,fish sea_food trout,256,256,JPEG
C:/Users/conta/OneDrive/Desktop/Multiclass/data/train\fish sea_food trout\ST5M9VNVBFP3.jpg,fish sea_food trout,256,256,JPEG
C:/Users/conta/OneDrive/Desktop/Multiclass/data/train\fish sea_food trout\T08G0YWGBMUA.jpg,fish sea_food trout,256,256,JPEG
C:/Users/conta/OneDrive/Desktop/Multiclass/data/train\fish sea_food trout\T0FQO720KGPB.jpg,fish sea_food trout,256,256,JPEG
C:/Users/conta/OneDrive/Desktop/Multiclass/data/train\fish sea_food trout\T4MVPUP503H7.jpg,fish sea_food trout,256,256,JPEG
C:/Users/conta/OneDrive/Desktop/Multiclass/data/train\fish sea_food trout\T5SNNYDSA2JP.jpg,fish sea_food trout,256,256,JPEG
C:/Users/conta/OneDrive/Desktop/Multiclass/data/train\fish sea_food trout\TFER79ZLHFXP.jpg,fish sea_food trout,256,256,JPEG
C:/Users/conta/OneDrive/Desktop/Multiclass/data/train\fish sea_food trout\TG7FE7UXU93J.jpg,fish sea_food trout,256,256,JPEG
C:/Users/conta/OneDrive/Desktop/Multiclass/data/train\fish sea_food trout\TI1PRPU6S59Z.jpg,fish sea_food trout,256,256,JPEG
C:/Users/conta/OneDrive/Desktop/Multiclass/data/train\fish sea_food trout\TJNVJ0RQ9V19.jpg,fish sea_food trout,256,256,JPEG
C:/Users/conta/OneDrive/Desktop/Multiclass/data/train\fish sea_food trout\TS30Z8YB9HJR.jpg,fish sea_food trout,256,256,JPEG
C:/Users/conta/OneDrive/Desktop/Multiclass/data/train\fish sea_food trout\TS346C8XVT9G.jpg,fish sea_food trout,256,256,JPEG
C:/Users/conta/OneDrive/Desktop/Multiclass/data/train\fish sea_food trout\TT84WD8P24HM.jpg,fish sea_food trout,256,256,JPEG
C:/Users/conta/OneDrive/Desktop/Multiclass/data/train\fish sea_food trout\U56T81GE04FZ.jpg,fish sea_food trout,256,256,JPEG
C:/Users/conta/OneDrive/Desktop/Multiclass/data/train\fish sea_food trout\U5UZ8KDCXOXT.jpg,fish sea_food trout,256,256,JPEG
C:/Users/conta/OneDrive/Desktop/Multiclass/data/train\fish sea_food trout\UAQDJSDJ9SD2.jpg,fish sea_food trout,256,256,JPEG
C:/Users/conta/OneDrive/Desktop/Multiclass/data/train\fish sea_food trout\UB1FWNN04OGY.jpg,fish sea_food trout,256,256,JPEG
C:/Users/conta/OneDrive/Desktop/Multiclass/data/train\fish sea_food trout\UDFHLO01U72K.jpg,fish sea_food trout,256,256,JPEG
C:/Users/conta/OneDrive/Desktop/Multiclass/data/train\fish sea_food trout\UELKAH1T2V3T.jpg,fish sea_food trout,256,256,JPEG
C:/Users/conta/OneDrive/Desktop/Multiclass/data/train\fish sea_food trout\UHPSVL2FNRWM.jpg,fish sea_food trout,256,256,JPEG
C:/Users/conta/OneDrive/Desktop/Multiclass/data/train\fish sea_food trout\UQ9STTIQBVS0.jpg,fish sea_food trout,256,256,JPEG
C:/Users/conta/OneDrive/Desktop/Multiclass/data/train\fish sea_food trout\UYP9TNXZWRF1.jpg,fish sea_food trout,256,256,JPEG
C:/Users/conta/OneDrive/Desktop/Multiclass/data/train\fish sea_food trout\V15HYCJQNPJ2.jpg,fish sea_food trout,256,256,JPEG
C:/Users/conta/OneDrive/Desktop/Multiclass/data/train\fish sea_food trout\V1KURCPWWQKV.jpg,fish sea_food trout,256,256,JPEG
C:/Users/conta/OneDrive/Desktop/Multiclass/data/train\fish sea_food trout\V46ZYAM6S02J.jpg,fish sea_food trout,256,256,JPEG
C:/Users/conta/OneDrive/Desktop/Multiclass/data/train\fish sea_food trout\V8WB5SIS58KS.jpg,fish sea_food trout,256,256,JPEG
C:/Users/conta/OneDrive/Desktop/Multiclass/data/train\fish sea_food trout\VCJGEH1H8TQ6.jpg,fish sea_food trout,256,256,JPEG
C:/Users/conta/OneDrive/Desktop/Multiclass/data/train\fish sea_food trout\VCY8FFE02ID3.jpg,fish sea_food trout,256,256,JPEG
C:/Users/conta/OneDrive/Desktop/Multiclass/data/train\fish sea_food trout\VD3IP9QI2OPC.jpg,fish sea_food trout,256,256,JPEG
C:/Users/conta/OneDrive/Desktop/Multiclass/data/train\fish sea_food trout\VDWUFIAGIST6.jpg,fish sea_food trout,256,256,JPEG
C:/Users/conta/OneDrive/Desktop/Multiclass/data/train\fish sea_food trout\VHP7R986PRV9.jpg,fish sea_food trout,256,256,JPEG
C:/Users/conta/OneDrive/Desktop/Multiclass/data/train\fish sea_food trout\VHPXX0APXSR1.jpg,fish sea_food trout,256,256,JPEG
C:/Users/conta/OneDrive/Desktop/Multiclass/data/train\fish sea_food trout\VIQ1YI9B28EE.jpg,fish sea_food trout,256,256,JPEG
C:/Users/conta/OneDrive/Desktop/Multiclass/data/train\fish sea_food trout\VMW5PA7CKCOX.jpg,fish sea_food trout,256,256,JPEG
C:/Users/conta/OneDrive/Desktop/Multiclass/data/train\fish sea_food trout\VPKIGLJQXQIZ.jpg,fish sea_food trout,256,256,JPEG
C:/Users/conta/OneDrive/Desktop/Multiclass/data/train\fish sea_food trout\VZ17WYUEJMDD.jpg,fish sea_food trout,256,256,JPEG
C:/Users/conta/OneDrive/Desktop/Multiclass/data/train\fish sea_food trout\W196PDGYHNIW.jpg,fish sea_food trout,256,256,JPEG
C:/Users/conta/OneDrive/Desktop/Multiclass/data/train\fish sea_food trout\W4LRPAGP53IN.jpg,fish sea_food trout,256,256,JPEG
C:/Users/conta/OneDrive/Desktop/Multiclass/data/train\fish sea_food trout\W8HRXJIZEC80.jpg,fish sea_food trout,256,256,JPEG
C:/Users/conta/OneDrive/Desktop/Multiclass/data/train\fish sea_food trout\WA12IY4097J9.jpg,fish sea_food trout,256,256,JPEG
C:/Users/conta/OneDrive/Desktop/Multiclass/data/train\fish sea_food trout\WK3WLVLA9D4M.jpg,fish sea_food trout,256,256,JPEG
C:/Users/conta/OneDrive/Desktop/Multiclass/data/train\fish sea_food trout\WKNP8Q3T67AG.jpg,fish sea_food trout,256,256,JPEG
C:/Users/conta/OneDrive/Desktop/Multiclass/data/train\fish sea_food trout\WKS2OCYWC169.jpg,fish sea_food trout,256,256,JPEG
C:/Users/conta/OneDrive/Desktop/Multiclass/data/train\fish sea_food trout\WL7P4L8DEULV.jpg,fish sea_food trout,256,256,JPEG
C:/Users/conta/OneDrive/Desktop/Multiclass/data/train\fish sea_food trout\WLT7T11NULSK.jpg,fish sea_food trout,256,256,JPEG
C:/Users/conta/OneDrive/Desktop/Multiclass/data/train\fish sea_food trout\WMLTUHRXEDU4.jpg,fish sea_food trout,256,256,JPEG
C:/Users/conta/OneDrive/Desktop/Multiclass/data/train\fish sea_food trout\WS1PS5ALLQ9A.jpg,fish sea_food trout,256,256,JPEG
C:/Users/conta/OneDrive/Desktop/Multiclass/data/train\fish sea_food trout\WUQ21GF9CPE9.jpg,fish sea_food trout,256,256,JPEG
C:/Users/conta/OneDrive/Desktop/Multiclass/data/train\fish sea_food trout\WVK5Q9PBCZXC.jpg,fish sea_food trout,256,256,JPEG
C:/Users/conta/OneDrive/Desktop/Multiclass/data/train\fish sea_food trout\WVMBZZ5DUSB0.jpg,fish sea_food trout,256,256,JPEG
C:/Users/conta/OneDrive/Desktop/Multiclass/data/train\fish sea_food trout\X0VUKDSOHSMK.jpg,fish sea_food trout,256,256,JPEG
C:/Users/conta/OneDrive/Desktop/Multiclass/data/train\fish sea_food trout\X1932Y0ZTXF2.jpg,fish sea_food trout,256,256,JPEG
C:/Users/conta/OneDrive/Desktop/Multiclass/data/train\fish sea_food trout\X30Y24E9VJS2.jpg,fish sea_food trout,256,256,JPEG
C:/Users/conta/OneDrive/Desktop/Multiclass/data/train\fish sea_food trout\X8BLQTSZBZYH.jpg,fish sea_food trout,256,256,JPEG
C:/Users/conta/OneDrive/Desktop/Multiclass/data/train\fish sea_food trout\X9K80WJ1NWIP.jpg,fish sea_food trout,256,256,JPEG
C:/Users/conta/OneDrive/Desktop/Multiclass/data/train\fish sea_food trout\XCHB85WYNAKK.jpg,fish sea_food trout,256,256,JPEG
C:/Users/conta/OneDrive/Desktop/Multiclass/data/train\fish sea_food trout\XGKAVFZ8HIL5.jpg,fish sea_food trout,256,256,JPEG
C:/Users/conta/OneDrive/Desktop/Multiclass/data/train\fish sea_food trout\XHCBT32I8C1K.jpg,fish sea_food trout,256,256,JPEG
C:/Users/conta/OneDrive/Desktop/Multiclass/data/train\fish sea_food trout\XJN2APPZB639.jpg,fish sea_food trout,256,256,JPEG
C:/Users/conta/OneDrive/Desktop/Multiclass/data/train\fish sea_food trout\XOQIK6QCXEEU.jpg,fish sea_food trout,256,256,JPEG
C:/Users/conta/OneDrive/Desktop/Multiclass/data/train\fish sea_food trout\XVKM3VQNS7AP.jpg,fish sea_food trout,256,256,JPEG
C:/Users/conta/OneDrive/Desktop/Multiclass/data/train\fish sea_food trout\XVWAW4KOJ5B0.jpg,fish sea_food trout,256,256,JPEG
C:/Users/conta/OneDrive/Desktop/Multiclass/data/train\fish sea_food trout\Y2E9YMO78XQY.jpg,fish sea_food trout,256,256,JPEG
C:/Users/conta/OneDrive/Desktop/Multiclass/data/train\fish sea_food trout\YBFXSLND0U40.jpg,fish sea_food trout,256,256,JPEG
C:/Users/conta/OneDrive/Desktop/Multiclass/data/train\fish sea_food trout\YIKPPFS52MDQ.jpg,fish sea_food trout,256,256,JPEG
C:/Users/conta/OneDrive/Desktop/Multiclass/data/train\fish sea_food trout\YM2F7M9MP331.jpg,fish sea_food trout,256,256,JPEG
C:/Users/conta/OneDrive/Desktop/Multiclass/data/train\fish sea_food trout\YSQSAI0IAP9U.jpg,fish sea_food trout,256,256,JPEG
C:/Users/conta/OneDrive/Desktop/Multiclass/data/train\fish sea_food trout\YSQXSGD2H8UV.jpg,fish sea_food trout,256,256,JPEG
C:/Users/conta/OneDrive/Desktop/Multiclass/data/train\fish sea_food trout\YW7HYQMAD2QR.jpg,fish sea_food trout,256,256,JPEG
C:/Users/conta/OneDrive/Desktop/Multiclass/data/train\fish sea_food trout\YZWZUGG1BT0U.jpg,fish sea_food trout,256,256,JPEG
C:/Users/conta/OneDrive/Desktop/Multiclass/data/train\fish sea_food trout\Z07PMING2MA0.jpg,fish sea_food trout,256,256,JPEG
C:/Users/conta/OneDrive/Desktop/Multiclass/data/train\fish sea_food trout\Z12PYMDSW9DG.jpg,fish sea_food trout,256,256,JPEG
C:/Users/conta/OneDrive/Desktop/Multiclass/data/train\fish sea_food trout\Z3K25ZEQDWPD.jpg,fish sea_food trout,256,256,JPEG
C:/Users/conta/OneDrive/Desktop/Multiclass/data/train\fish sea_food trout\Z5EUDH8DGDZ7.jpg,fish sea_food trout,256,256,JPEG
C:/Users/conta/OneDrive/Desktop/Multiclass/data/train\fish sea_food trout\Z65X967JZOJ6.jpg,fish sea_food trout,256,256,JPEG
C:/Users/conta/OneDrive/Desktop/Multiclass/data/train\fish sea_food trout\ZA9HYXLREL9W.jpg,fish sea_food trout,256,256,JPEG
C:/Users/conta/OneDrive/Desktop/Multiclass/data/train\fish sea_food trout\ZBLQ8T2DXVB1.jpg,fish sea_food trout,256,256,JPEG
C:/Users/conta/OneDrive/Desktop/Multiclass/data/train\fish sea_food trout\ZBO5QP9S3C7V.jpg,fish sea_food trout,256,256,JPEG
C:/Users/conta/OneDrive/Desktop/Multiclass/data/train\fish sea_food trout\ZE6VORDDOPOK.jpg,fish sea_food trout,256,256,JPEG
C:/Users/conta/OneDrive/Desktop/Multiclass/data/train\fish sea_food trout\ZHNOCJ0PSSVI.jpg,fish sea_food trout,256,256,JPEG
C:/Users/conta/OneDrive/Desktop/Multiclass/data/train\fish sea_food trout\ZLOVU85EZQZO.jpg,fish sea_food trout,256,256,JPEG
C:/Users/conta/OneDrive/Desktop/Multiclass/data/train\fish sea_food trout\ZMPCM13FL1D0.jpg,fish sea_food trout,256,256,JPEG
C:/Users/conta/OneDrive/Desktop/Multiclass/data/train\fish sea_food trout\ZO53FE5EZ8EC.jpg,fish sea_food trout,256,256,JPEG
C:/Users/conta/OneDrive/Desktop/Multiclass/data/train\fish sea_food trout\ZOJPD1HTXYHW.jpg,fish sea_food trout,256,256,JPEG
C:/Users/conta/OneDrive/Desktop/Multiclass/data/train\fish sea_food trout\ZPUAB2EYLCGZ.jpg,fish sea_food trout,256,256,JPEG
C:/Users/conta/OneDrive/Desktop/Multiclass/data/train\fish sea_food trout\ZRW5UDAKQJSM.jpg,fish sea_food trout,256,256,JPEG
C:/Users/conta/OneDrive/Desktop/Multiclass/data/train\fish sea_food trout\ZTCTVZNQWH5U.jpg,fish sea_food trout,256,256,JPEG
C:/Users/conta/OneDrive/Desktop/Multiclass/data/train\fish sea_food trout\ZUSGL5M7Y76I.jpg,fish sea_food trout,256,256,JPEG
C:/Users/conta/OneDrive/Desktop/Multiclass/data/train\fish sea_food trout\ZVA62Q4S8VU5.jpg,fish sea_food trout,256,256,JPEG
